transaction_date,customer_id,email,region,product,channel,revenue_inr,quantity,discount_pct,order_ref,is_returned
2024-05-12 00:00:00,CUST09036,user6253@yahoo.com,West,Widget B,Retail,18427.0,2,0,796871,False
2025-02-17 00:00:00,CUST01690,user1857@company.in,,Service Pack,Direct,28372.0,4,10,806463,False
2024-02-04 00:00:00,CUST08087,user5927@yahoo.com,East,Service Pack,Retail,34670.0,47,5,353127,False
2024-05-11 00:00:00,CUST09369,user9625@company.in,West,,Direct,2736763.0,32,15,981197,False
2024-09-02 00:00:00,CUST01042,user1530@yahoo.com,Central,Widget A,Retail,44433.0,35,0,222088,False
2024-01-22 00:00:00,CUST01506,user2659@company.in,North,Premium Bundle,Retail,4393.0,13,0,243916,False
2024-04-30 00:00:00,CUST06283,user5408@outlook.com,,Widget B,Retail,13123.0,9,10,365866,False
2024-06-19 00:00:00,CUST03253,user3470@yahoo.com,West,,Online,42158.0,9,10,297045,True
2024-08-31 00:00:00,CUST06547,,West,Widget A,Partner,29782.0,9,5,465592,False
2024-12-07 00:00:00,CUST01005,user9409@gmail.com,South,Widget B,Online,13406.0,48,15,908501,False
2024-10-06 00:00:00,CUST09378,user6731@company.in,East,Gadget Pro,Partner,48433.0,34,20,694045,False
2024-07-18 00:00:00,CUST03141,,East,Service Pack,Online,23727.0,10,5,180275,False
2024-04-17 00:00:00,CUST09456,,North,Gadget Pro,Retail,21121.0,21,0,237653,False
2024-08-20 00:00:00,CUST02153,,East,Gadget Pro,Partner,28750.0,42,0,ORD-GRNUKX,False
2024-04-22 00:00:00,CUST06697,user8770@gmail.com,North,Widget A,Online,7069.0,2,20,249896,True
2024-05-16 00:00:00,CUST07168,user2200@yahoo.com,East,Widget A,Online,47395.0,20,10,828755,False
2024-07-18 00:00:00,CUST04084,user6820@yahoo.com,East,Premium Bundle,Online,12547.0,46,10,151735,False
2024-01-23 00:00:00,CUST09350,user6094@company.in,,Service Pack,Partner,32586.0,13,20,981747,False
2024-10-04 00:00:00,CUST05294,user3301@outlook.com,East,Service Pack,Retail,40776.0,9,10,962691,False
2024-03-14 00:00:00,CUST05902,,North,Gadget Pro,Partner,19547.0,26,0,616285,False
2024-08-03 00:00:00,CUST04531,user2275@company.in,Central,Premium Bundle,Online,19647.0,34,20,725127,False
2024-03-13 14:00:00,CUST03694,user7566@outlook.com,Central,,Direct,2986495.0,48,20,206464,True
2024-01-30 00:00:00,CUST08785,user4321@yahoo.com,West,Widget B,Retail,13664.0,1,10,126390,False
2024-12-13 00:00:00,CUST02326,user9683@yahoo.com,North,Widget B,Partner,591356.0,44,20,578228,False
2024-08-27 00:00:00,CUST05848,user8381@outlook.com,North,Widget A,Online,7404.0,5,15,ORD-FEBJDA,False
2025-01-05 00:00:00,CUST05071,user2435@company.in,South,,Partner,40253.0,12,10,320755,False
2024-12-29 00:00:00,CUST08001,user1911@outlook.com,West,Widget A,Partner,4215.0,33,15,ORD-GKFROY,False
2024-08-10 00:00:00,CUST05969,user8999@yahoo.com,West,Widget A,Retail,49888.0,5,15,638350,False
2024-03-12 05:00:00,CUST05648,user3938@yahoo.com,Central,Widget B,Online,907118.0,12,0,490296,False
2024-09-21 00:00:00,CUST06336,user5833@yahoo.com,East,,Direct,27731.0,1,5,339047,False
2024-01-04 00:00:00,CUST08506,user5775@outlook.com,South,Gadget Pro,Direct,31001.0,18,15,811226,False
2024-12-29 00:00:00,CUST08634,user8032@gmail.com,North,Widget A,Direct,38694.0,2,10,162524,False
2024-12-17 00:00:00,CUST07071,user7209@gmail.com,,Service Pack,Online,19449.0,11,20,130869,False
2024-08-11 00:00:00,CUST06703,user5279@yahoo.com,East,,Online,2444807.0,32,5,243571,False
2025-03-03 00:00:00,CUST01984,user4430@yahoo.com,Central,Gadget Pro,,44901.0,45,10,867600,True
2024-06-18 00:00:00,CUST09864,user6885@yahoo.com,Central,Premium Bundle,Retail,4633.0,33,10,ORD-XVTVBM,False
2024-10-31 00:00:00,CUST02627,user2480@company.in,North,Service Pack,Direct,34812.0,22,20,199213,False
2024-10-07 00:00:00,CUST01795,user4170@company.in,South,Widget B,Online,28278.0,32,10,ORD-QNZHIN,False
2024-12-10 00:00:00,CUST01934,user3434@outlook.com,West,Gadget Pro,,48969.0,27,5,670461,False
2024-04-30 00:00:00,CUST04665,,East,Service Pack,Retail,33627.0,21,10,607443,False
2024-11-18 00:00:00,CUST08658,user1848@outlook.com,South,Gadget Pro,Partner,22818.0,7,5,683644,True
2024-01-28 00:00:00,CUST08798,user7492@gmail.com,,Widget A,Online,41254.0,26,10,947820,True
2024-03-14 00:00:00,CUST08639,user4492@outlook.com,South,Gadget Pro,Online,42498.0,10,10,188760,False
2024-11-27 00:00:00,CUST09420,user7560@gmail.com,,Widget A,Online,29392.0,6,5,135664,False
2024-11-30 00:00:00,CUST02696,,North,Widget B,Retail,16229.0,38,15,986045,False
2025-03-04 00:00:00,CUST07567,user9814@gmail.com,North,Widget A,Partner,25759.0,11,0,980783,False
2024-01-03 00:00:00,CUST03604,,East,Gadget Pro,Online,3656.0,15,20,ORD-QNIMGW,False
2024-08-01 00:00:00,CUST09831,user7284@yahoo.com,Central,Service Pack,Retail,13583.0,44,5,173087,False
2024-07-16 00:00:00,CUST05420,user8616@outlook.com,North,Gadget Pro,Direct,2428198.0,2,10,ORD-CIKOYV,False
2024-07-03 00:00:00,CUST05549,user8772@yahoo.com,South,Premium Bundle,Online,14031.0,44,20,270814,False
2024-09-17 00:00:00,CUST06878,,West,,Partner,1634611.0,43,10,547613,False
2024-07-04 00:00:00,CUST02848,user2479@outlook.com,East,Widget B,,10249.0,25,5,878466,False
2024-04-04 00:00:00,CUST03173,user9524@company.in,North,Gadget Pro,Retail,49953.0,35,10,870428,False
2024-09-06 00:00:00,CUST02381,,South,Widget B,Retail,29138.0,15,5,524526,False
2024-12-23 00:00:00,CUST04962,user8508@gmail.com,East,Widget B,Direct,26347.0,25,20,821683,False
2024-12-23 00:00:00,CUST01463,user3067@gmail.com,South,Widget B,Partner,15050.0,16,15,221388,False
2024-11-03 00:00:00,CUST04145,,,Gadget Pro,Retail,21512.0,45,0,288383,False
2025-02-04 00:00:00,CUST07762,user4792@company.in,North,,Online,13313.0,19,5,626267,False
2024-11-13 00:00:00,CUST03551,user4502@outlook.com,North,Widget B,Online,6690.0,8,20,732695,False
2025-02-24 00:00:00,CUST04674,user3247@outlook.com,West,Widget B,Retail,16805.0,48,0,162965,False
2024-03-06 00:00:00,CUST05863,user4684@company.in,West,Service Pack,Partner,28835.0,14,0,ORD-UHEHXR,False
2024-04-17 00:00:00,CUST05155,user8149@gmail.com,South,Widget A,Online,45589.0,17,0,600995,False
2024-10-13 00:00:00,CUST07773,user1893@company.in,Central,Gadget Pro,Online,42794.0,11,10,ORD-QRWXLU,False
2024-03-13 11:00:00,CUST03012,user3503@yahoo.com,South,Service Pack,Online,1304776.0,46,0,222568,False
2025-01-09 00:00:00,CUST09217,user3296@outlook.com,West,Widget A,Partner,49001.0,45,0,278069,False
2024-09-17 00:00:00,CUST05505,user2391@gmail.com,North,Widget B,Direct,31137.0,29,20,289005,False
2024-05-30 00:00:00,CUST03198,user4289@yahoo.com,West,Service Pack,,33652.0,28,15,322969,False
2025-02-15 00:00:00,CUST08533,user3946@gmail.com,East,Widget A,Partner,29665.0,21,5,196788,False
2024-01-14 00:00:00,CUST02994,user9975@company.in,,Widget A,Partner,13266.0,3,0,620703,False
2025-03-25 00:00:00,CUST07369,user7708@gmail.com,Central,,Online,10967.0,21,10,632665,True
2024-03-05 00:00:00,CUST09536,user3063@yahoo.com,Central,Gadget Pro,Partner,1609.0,39,0,364386,False
2024-03-30 00:00:00,CUST09151,,West,Service Pack,Retail,42068.0,43,5,422258,False
2025-01-08 00:00:00,CUST08246,user9408@gmail.com,,Widget B,Partner,17582.0,20,20,799690,False
2025-01-30 00:00:00,CUST03798,user1939@gmail.com,North,Widget B,Retail,45606.0,33,0,603541,False
2024-05-13 00:00:00,CUST01454,user4705@outlook.com,Central,Gadget Pro,Online,31809.0,29,10,216804,True
2024-12-07 00:00:00,CUST02241,user4919@company.in,Central,Service Pack,Retail,19444.0,44,0,ORD-BUEMAW,True
2025-02-18 00:00:00,CUST09339,user4183@gmail.com,North,Widget A,Partner,10498.0,30,15,417831,False
2024-10-24 00:00:00,CUST03655,user7371@company.in,Central,Service Pack,Direct,40171.0,28,10,134217,False
2025-03-12 00:00:00,CUST03782,user4457@company.in,South,Service Pack,Partner,44151.0,46,20,425437,False
2024-11-30 00:00:00,CUST02156,user2640@yahoo.com,,Widget B,,29386.0,29,20,392831,False
2024-12-29 00:00:00,CUST04551,,Central,Widget A,Partner,28371.0,34,20,695471,False
2024-07-16 00:00:00,CUST05420,user8616@outlook.com,North,Gadget Pro,Direct,2428198.0,2,10,ORD-CIKOYV,False
2025-03-01 00:00:00,CUST04824,user6968@yahoo.com,Central,Service Pack,Direct,17320.0,15,15,ORD-GDPDNX,False
2024-12-24 00:00:00,CUST02705,,Central,Widget B,Retail,25272.0,6,10,254953,False
2024-08-24 00:00:00,CUST07658,,East,Service Pack,Direct,26283.0,18,20,321451,False
2024-02-09 00:00:00,CUST01360,user2821@company.in,North,Widget A,Online,41256.0,48,15,190055,False
2024-10-25 00:00:00,CUST01700,user4588@yahoo.com,South,Service Pack,Retail,19039.0,22,15,387453,False
2024-06-25 00:00:00,CUST09445,user3480@outlook.com,North,Service Pack,Online,26665.0,21,5,814064,False
2025-01-18 00:00:00,CUST07401,user9172@gmail.com,North,Service Pack,Direct,22298.0,26,20,ORD-OOTTOR,False
2024-07-21 00:00:00,CUST03302,,North,Widget B,Retail,1361241.0,46,20,808979,False
2024-08-01 00:00:00,CUST04749,user9289@company.in,South,Gadget Pro,Partner,42673.0,11,0,764946,False
2024-07-14 00:00:00,CUST08623,user1307@outlook.com,Central,Widget A,,11927.0,16,0,103549,False
2024-10-17 00:00:00,CUST04147,user7768@gmail.com,West,Service Pack,Partner,37177.0,45,20,735041,False
2024-08-05 00:00:00,CUST04822,user3068@outlook.com,North,Widget A,Online,12020.0,26,15,358702,False
2024-03-12 09:00:00,CUST05446,user6592@company.in,East,Widget B,Direct,1411367.0,31,0,772048,False
2024-12-16 00:00:00,CUST07494,,Central,Widget A,Retail,37586.0,27,15,885235,False
2024-06-03 00:00:00,CUST03616,user5920@company.in,North,Widget A,Online,4378.0,7,10,245742,False
2024-05-22 00:00:00,CUST02586,user3441@company.in,South,Gadget Pro,Partner,18162.0,25,10,633102,True
2024-08-08 00:00:00,CUST08924,user6085@outlook.com,Central,Service Pack,Retail,27373.0,10,10,426913,False
2024-03-12 20:00:00,CUST01641,,East,Widget B,Partner,2814243.0,44,15,110111,False
2024-01-28 00:00:00,CUST02257,,Central,,Direct,25601.0,32,20,728560,False
2025-01-30 00:00:00,CUST04923,user6122@gmail.com,East,Widget B,Direct,36998.0,30,15,799023,False
2024-06-06 00:00:00,CUST01416,user7418@company.in,East,Widget A,,33168.0,26,0,183769,False
2024-05-08 00:00:00,CUST02997,user5397@company.in,North,,Direct,15688.0,42,20,739171,False
2024-02-18 00:00:00,CUST01313,user5438@company.in,North,Gadget Pro,Partner,29524.0,11,10,513912,False
2024-05-30 00:00:00,CUST09051,user1527@outlook.com,South,Widget A,Online,35958.0,16,0,910988,False
2024-04-23 00:00:00,CUST01413,user2765@outlook.com,South,Service Pack,Online,10091.0,46,10,142525,False
2024-09-16 00:00:00,CUST08211,user3858@gmail.com,Central,Widget B,Online,16690.0,29,10,ORD-FIKDSN,False
2024-12-09 00:00:00,CUST02296,,South,Gadget Pro,,22185.0,44,15,964917,False
2024-06-16 00:00:00,CUST05763,user7775@company.in,South,Widget B,Retail,17914.0,47,10,326492,False
2024-03-12 12:00:00,CUST02003,user5781@gmail.com,West,Widget B,,1303007.0,47,20,549124,False
2024-03-28 00:00:00,CUST04284,user6807@company.in,East,Widget A,Partner,27582.0,44,5,437709,False
2024-06-05 00:00:00,CUST06731,user1785@gmail.com,South,Widget A,Partner,2397.0,9,20,528761,False
2024-03-05 00:00:00,CUST06909,,West,,Online,7781.0,9,0,563163,True
2024-12-15 00:00:00,CUST05722,user5066@company.in,,Widget B,Retail,4000.0,47,0,384100,True
2025-03-24 00:00:00,CUST06655,,North,Gadget Pro,Partner,31119.0,12,20,735713,False
2025-01-09 00:00:00,CUST09779,user6460@company.in,North,Widget A,Retail,24889.0,24,15,692849,False
2024-03-24 00:00:00,CUST06106,user1769@outlook.com,North,Premium Bundle,Direct,7179.0,47,20,120467,False
2024-04-18 00:00:00,CUST04535,user5557@yahoo.com,North,,Online,13907.0,1,0,984848,False
2024-01-08 00:00:00,CUST04968,user5525@outlook.com,West,Gadget Pro,Retail,29644.0,39,0,903676,False
2024-08-08 00:00:00,CUST05928,user1195@gmail.com,West,Widget A,Online,13084.0,40,10,305014,False
2024-01-12 00:00:00,CUST02528,user2752@yahoo.com,East,Widget B,Partner,22249.0,14,20,136259,False
2024-06-15 00:00:00,CUST09162,user4923@gmail.com,Central,Gadget Pro,Online,6632.0,35,15,467898,True
2024-05-10 00:00:00,CUST04767,user7511@company.in,,Widget A,Partner,884.0,37,0,ORD-FCNUXE,False
2024-07-30 00:00:00,CUST03245,user9083@yahoo.com,,Widget B,Retail,38148.0,44,15,866098,True
2024-04-17 00:00:00,CUST05737,user4065@company.in,South,,Partner,46968.0,8,15,910579,False
2024-05-15 00:00:00,CUST02943,user3290@gmail.com,South,Widget A,,22297.0,31,0,732021,False
2024-05-27 00:00:00,CUST09188,user4015@gmail.com,,Premium Bundle,Online,13918.0,34,10,551031,False
2024-09-24 00:00:00,CUST09969,user6942@gmail.com,North,Widget A,Online,3022.0,25,10,868233,False
2024-11-18 00:00:00,CUST07968,,East,Widget B,Direct,2716.0,7,0,397159,False
2024-05-30 00:00:00,CUST09423,,South,Widget B,Direct,46955.0,18,5,819310,False
2024-04-29 00:00:00,CUST01473,user9196@company.in,Central,Widget B,Retail,6757.0,40,5,181285,False
2024-04-04 00:00:00,CUST05329,user4974@yahoo.com,Central,Widget B,Online,48095.0,33,10,696089,False
2024-05-15 00:00:00,CUST03932,,East,Gadget Pro,Direct,42028.0,8,0,763318,False
2025-03-24 00:00:00,CUST02704,user3852@company.in,North,Gadget Pro,Online,27333.0,48,5,934653,False
2024-08-20 00:00:00,CUST04567,,West,Widget A,Partner,8025.0,12,20,130971,False
2024-03-12 15:00:00,CUST05849,user3221@outlook.com,East,Widget A,Online,1761533.0,43,15,808025,False
2024-04-15 00:00:00,CUST04019,user6724@company.in,East,Widget B,Direct,1659.0,28,20,755158,True
2024-02-25 00:00:00,CUST09321,user2404@company.in,Central,Widget B,Retail,869152.0,35,10,663249,False
2025-01-15 00:00:00,CUST05093,user3399@gmail.com,East,,Retail,18453.0,34,20,ORD-OBAXBJ,False
2024-09-15 00:00:00,CUST01577,user5272@yahoo.com,North,Service Pack,Direct,19477.0,35,10,570230,False
2024-11-09 00:00:00,CUST04451,user5681@gmail.com,,Widget B,Direct,24051.0,49,20,223656,False
2024-04-30 00:00:00,CUST08018,user5979@yahoo.com,,Premium Bundle,Online,10957.0,7,5,656740,False
2024-12-03 00:00:00,CUST01038,,North,Widget B,Retail,15042.0,42,10,335123,False
2025-02-04 00:00:00,CUST04956,,,,Direct,36320.0,36,5,802980,False
2024-10-21 00:00:00,CUST07981,user8460@yahoo.com,West,Widget A,Retail,37240.0,16,0,299950,False
2024-03-28 00:00:00,CUST03722,,North,Gadget Pro,Direct,26347.0,43,0,258399,False
2024-02-20 00:00:00,CUST03076,,East,Widget B,Retail,23163.0,16,5,516389,False
2024-10-15 00:00:00,CUST07344,,North,,Online,2754.0,36,15,633334,False
2024-01-08 00:00:00,CUST02335,user9341@outlook.com,North,Widget B,Direct,35993.0,36,10,817588,False
2024-03-27 00:00:00,CUST03666,user5040@outlook.com,South,Widget A,Direct,31090.0,17,0,ORD-VYBNOR,False
2024-09-02 00:00:00,CUST07611,user5808@outlook.com,Central,Widget A,Partner,33425.0,25,20,893993,False
2024-04-16 00:00:00,CUST06556,,North,Widget B,Online,5813.0,12,10,320979,False
2025-02-17 00:00:00,CUST08168,,North,Widget A,Retail,15085.0,24,15,532882,False
2024-02-23 00:00:00,CUST01890,user4751@outlook.com,North,Service Pack,Online,13059.0,4,20,213882,False
2025-03-15 00:00:00,CUST03681,user8570@gmail.com,East,,Direct,566.0,25,10,949580,False
2025-01-07 00:00:00,CUST03790,user3762@gmail.com,North,Widget A,Retail,17001.0,5,5,ORD-AJWULD,False
2024-10-25 00:00:00,CUST01700,user4588@yahoo.com,South,Service Pack,Retail,19039.0,22,15,387453,False
2024-06-20 00:00:00,CUST04726,user5055@company.in,North,Widget A,Partner,3165.0,17,5,338327,True
2024-09-26 00:00:00,CUST02470,user6493@yahoo.com,East,Widget A,Retail,32967.0,2,20,854224,False
2024-04-19 00:00:00,CUST05985,user1646@company.in,Central,Gadget Pro,Online,5605.0,34,10,755159,False
2025-03-23 00:00:00,CUST08089,user9450@gmail.com,South,Widget B,Online,22023.0,24,10,ORD-QNUPSH,True
2024-10-12 00:00:00,CUST05607,user1713@outlook.com,,Service Pack,Retail,2668.0,45,5,261655,False
2025-03-02 00:00:00,CUST05779,user5676@gmail.com,Central,Gadget Pro,Partner,19159.0,15,0,254796,False
2024-08-06 00:00:00,CUST04179,,,Widget B,Online,1769535.0,26,20,574578,False
2024-07-06 00:00:00,CUST02587,user7232@outlook.com,East,Widget A,Retail,43487.0,32,10,956430,False
2024-02-08 00:00:00,CUST06242,user3209@gmail.com,,Widget B,Retail,3606.0,34,10,636365,False
2024-01-03 00:00:00,CUST05174,,North,,Direct,38556.0,8,0,ORD-GKZZYY,False
2024-04-01 00:00:00,CUST08494,user3112@gmail.com,South,Widget B,Partner,34863.0,20,0,ORD-WYWJIX,True
2024-03-24 00:00:00,CUST07930,,East,Widget B,Direct,2741.0,35,0,640544,False
2024-11-27 00:00:00,CUST07046,user3161@outlook.com,East,Gadget Pro,Direct,25326.0,26,0,ORD-RGBHOT,False
2024-05-13 00:00:00,CUST07690,,North,Gadget Pro,Retail,23199.0,8,20,363890,False
2024-10-06 00:00:00,CUST05909,user8827@gmail.com,West,Gadget Pro,Retail,13392.0,17,15,572116,False
2024-11-27 00:00:00,CUST08185,user7240@company.in,North,Service Pack,Online,26958.0,28,0,799188,False
2024-02-04 00:00:00,CUST08087,user5927@yahoo.com,East,Service Pack,Retail,34670.0,47,5,353127,False
2024-11-30 00:00:00,CUST02156,user2640@yahoo.com,,Widget B,,29386.0,29,20,392831,False
2024-03-04 00:00:00,CUST02936,user5161@outlook.com,West,Widget B,Direct,15498.0,10,20,164142,False
2025-01-20 00:00:00,CUST01626,user5050@company.in,West,Widget A,,44870.0,12,20,527854,False
2024-08-25 00:00:00,CUST05688,user7473@gmail.com,Central,,Direct,21089.0,30,15,542116,False
2024-10-13 00:00:00,CUST06147,,North,Gadget Pro,Online,25701.0,6,15,993546,False
2024-02-24 00:00:00,CUST04916,user8133@yahoo.com,South,Gadget Pro,Direct,48606.0,15,5,198275,False
2024-02-19 00:00:00,CUST02212,user5106@yahoo.com,Central,Premium Bundle,Partner,42401.0,17,20,284722,False
2024-06-06 00:00:00,CUST03545,user2017@gmail.com,West,Service Pack,Retail,2848856.0,32,5,320255,False
2025-01-07 00:00:00,CUST02951,,East,Widget A,Partner,4538.0,25,5,222193,False
2024-04-29 00:00:00,CUST01473,user9196@company.in,Central,Widget B,Retail,6757.0,40,5,181285,False
2024-02-19 00:00:00,CUST02192,user6285@yahoo.com,East,Gadget Pro,,48898.0,7,20,337603,False
2024-03-27 00:00:00,CUST01531,,,Service Pack,Retail,1687.0,39,20,319391,False
2024-07-16 00:00:00,CUST07921,user9238@yahoo.com,South,Premium Bundle,Partner,22348.0,25,15,687920,False
2024-10-03 00:00:00,CUST07393,user2260@company.in,West,,Direct,33215.0,25,20,451162,False
2025-01-13 00:00:00,CUST05271,user7267@yahoo.com,South,Widget A,Retail,39230.0,13,10,673393,False
2024-09-20 00:00:00,CUST06375,user7870@yahoo.com,South,Gadget Pro,Retail,33345.0,19,10,428307,False
2024-09-02 00:00:00,CUST07611,user5808@outlook.com,Central,Widget A,Partner,33425.0,25,20,893993,False
2024-05-05 00:00:00,CUST05675,user2465@yahoo.com,,Gadget Pro,Online,19671.0,23,10,408757,False
2025-03-04 00:00:00,CUST08126,user2548@outlook.com,East,Widget A,Direct,46580.0,39,20,675582,False
2024-02-25 00:00:00,CUST07855,user9406@yahoo.com,East,Premium Bundle,Partner,10408.0,27,5,633364,False
2024-04-19 00:00:00,CUST05428,,South,Widget A,Retail,2510.0,40,5,452755,False
2024-04-20 00:00:00,CUST06113,user8642@gmail.com,West,Widget B,Online,15823.0,22,0,181177,False
2024-03-12 05:00:00,CUST03728,user3736@gmail.com,North,Gadget Pro,Partner,682780.0,46,5,116827,False
2024-04-05 00:00:00,CUST08646,user7089@company.in,,,,13432.0,33,10,644498,False
2025-01-12 00:00:00,CUST04013,,Central,,Online,29066.0,33,0,918403,False
2024-03-18 00:00:00,CUST09538,user1517@gmail.com,North,,Retail,30357.0,48,15,967859,False
2024-02-20 00:00:00,CUST08932,user4367@yahoo.com,West,Service Pack,Online,49225.0,10,0,332643,False
2025-03-12 00:00:00,CUST06571,user9327@yahoo.com,North,Widget B,Direct,44895.0,30,0,678528,False
2024-03-12 19:00:00,CUST02268,user8474@company.in,South,Widget B,,2328031.0,47,20,354212,False
2024-05-29 00:00:00,CUST08856,user3636@company.in,South,Widget B,Retail,14539.0,42,20,ORD-XVUBQN,False
2024-07-27 00:00:00,CUST06693,user8373@company.in,,Premium Bundle,Online,30004.0,37,5,195105,False
2024-05-13 00:00:00,CUST06795,user6273@outlook.com,North,Widget A,Online,15154.0,41,20,246121,False
2024-05-07 00:00:00,CUST07573,user6400@gmail.com,West,Widget A,Direct,17732.0,37,0,555391,False
2024-07-29 00:00:00,CUST06234,,North,Gadget Pro,Retail,18269.0,12,5,804428,False
2024-07-11 00:00:00,CUST03646,user1023@outlook.com,South,Service Pack,Partner,37734.0,42,15,884950,False
2024-09-26 00:00:00,CUST09240,user6383@yahoo.com,East,Service Pack,Retail,8108.0,42,20,900326,False
2024-07-22 00:00:00,CUST01543,,West,Service Pack,Online,2168360.0,19,20,561486,False
2025-03-08 00:00:00,CUST04914,,Central,Widget B,Online,23762.0,44,0,410029,False
2024-01-31 00:00:00,CUST03499,user8019@outlook.com,Central,Widget B,Partner,40451.0,14,10,811033,False
2024-12-27 00:00:00,CUST01892,user4886@outlook.com,Central,Widget A,Online,39206.0,18,15,ORD-VQTDED,False
2024-07-18 00:00:00,CUST03141,,East,Service Pack,Online,23727.0,10,5,180275,False
2025-01-05 00:00:00,CUST08755,user5732@yahoo.com,East,Service Pack,Online,35247.0,7,5,598014,False
2024-08-19 00:00:00,CUST02858,user1813@outlook.com,South,Widget B,Direct,1534.0,26,15,231521,False
2024-04-22 00:00:00,CUST02622,user1546@company.in,North,Service Pack,Online,5623.0,30,20,441446,False
2024-09-20 00:00:00,CUST06786,user8520@yahoo.com,West,Service Pack,,42784.0,21,15,533769,False
2024-01-20 00:00:00,CUST07064,user2412@gmail.com,South,Widget A,Retail,45347.0,16,5,627761,False
2024-11-05 00:00:00,CUST04683,user3983@company.in,East,Premium Bundle,Direct,34036.0,33,15,545832,False
2024-03-13 16:00:00,CUST02381,user1328@company.in,East,,Online,2290497.0,39,0,445951,False
2024-12-07 00:00:00,CUST01005,user9409@gmail.com,South,Widget B,Online,13406.0,48,15,908501,False
2025-03-14 00:00:00,CUST07719,user6169@gmail.com,South,Widget A,Direct,9057.0,25,0,908254,False
2024-08-14 00:00:00,CUST07106,user2718@gmail.com,East,Widget B,Online,36983.0,45,5,604482,False
2024-03-12 14:00:00,CUST04773,,,Widget A,Direct,524275.0,20,0,267954,False
2025-03-13 00:00:00,CUST04260,,Central,Widget A,Retail,12981.0,35,10,408773,False
2025-02-01 00:00:00,CUST06559,user5350@yahoo.com,Central,Service Pack,Retail,16051.0,33,20,367262,False
2024-03-07 00:00:00,CUST01155,,East,Gadget Pro,Online,42292.0,38,5,735748,False
2024-08-26 00:00:00,CUST06523,user4579@outlook.com,South,Widget A,Direct,47083.0,39,20,127512,False
2024-07-05 00:00:00,CUST01028,user4971@company.in,North,Gadget Pro,Direct,47346.0,35,15,678049,False
2024-09-21 00:00:00,CUST09927,user2375@outlook.com,South,Widget A,Online,15577.0,27,10,116977,False
2025-02-24 00:00:00,CUST05176,user2858@outlook.com,South,Service Pack,Retail,1537652.0,19,15,334261,False
2024-03-12 20:00:00,CUST08418,user9370@company.in,,Widget A,Retail,1416781.0,7,0,760984,False
2024-01-10 00:00:00,CUST02460,user3330@gmail.com,South,,Partner,11752.0,42,20,537559,False
2024-05-19 00:00:00,CUST03415,,West,Widget A,Partner,17361.0,39,15,665112,True
2024-03-13 00:00:00,CUST05492,user4892@gmail.com,North,Gadget Pro,Online,2361462.0,1,15,104786,True
2024-09-01 00:00:00,CUST06587,user9609@outlook.com,North,Gadget Pro,Direct,42606.0,21,20,867903,False
2024-12-04 00:00:00,CUST07363,user7179@gmail.com,South,Premium Bundle,Retail,11201.0,20,15,ORD-CZNZFA,False
2024-11-20 00:00:00,CUST07492,,South,Widget B,Retail,35555.0,37,15,144144,False
2024-11-15 00:00:00,CUST06116,user3245@company.in,Central,Widget A,Online,32867.0,25,10,346568,False
2025-03-03 00:00:00,CUST07604,user1230@company.in,South,Widget A,Direct,1647.0,15,0,143001,False
2024-09-08 00:00:00,CUST01855,user2198@company.in,North,Premium Bundle,Direct,33226.0,48,0,860363,True
2024-11-24 00:00:00,CUST06167,user8032@gmail.com,North,Gadget Pro,Retail,22242.0,2,15,711310,False
2024-03-12 08:00:00,CUST08782,user1927@yahoo.com,West,Widget B,Retail,1486643.0,9,20,667228,False
2024-03-23 00:00:00,CUST01749,user2251@gmail.com,East,Gadget Pro,Retail,1758.0,39,20,543665,False
2024-10-09 00:00:00,CUST08962,user4788@outlook.com,East,Gadget Pro,Online,32766.0,15,20,425019,False
2024-03-03 00:00:00,CUST03219,user4116@outlook.com,North,Premium Bundle,Partner,14938.0,3,5,553495,False
2024-01-31 00:00:00,CUST07702,user4366@yahoo.com,South,Widget A,Partner,49847.0,11,0,112395,False
2024-02-20 00:00:00,CUST07746,user5984@gmail.com,West,Service Pack,Direct,17052.0,28,20,829292,False
2025-03-08 00:00:00,CUST08557,user5906@gmail.com,,Service Pack,Partner,35426.0,5,15,878197,False
2025-01-11 00:00:00,CUST07636,user8937@company.in,Central,Widget A,Partner,49399.0,23,20,338548,False
2024-02-15 00:00:00,CUST06110,,Central,Widget A,Direct,9767.0,11,10,194523,False
2024-02-07 00:00:00,CUST02190,user6213@outlook.com,West,Widget B,Retail,43506.0,9,0,753928,False
2024-02-11 00:00:00,CUST04130,,East,Widget A,Partner,47813.0,7,0,ORD-XJCHWK,False
2024-03-13 19:00:00,CUST08398,user1084@yahoo.com,South,Widget B,Direct,845976.0,32,10,ORD-MVWGHF,False
2024-04-18 00:00:00,CUST08161,user2292@company.in,East,Widget A,Online,41860.0,48,0,151873,False
2024-03-13 02:00:00,CUST09049,user2121@yahoo.com,East,Widget B,Partner,2161876.0,1,0,658578,False
2025-01-19 00:00:00,CUST07709,user7615@gmail.com,South,,Retail,3951.0,21,10,450748,True
2024-03-12 01:00:00,CUST04870,user4402@outlook.com,West,Widget A,Partner,2171055.0,47,15,879571,False
2024-07-19 00:00:00,CUST03603,user5349@gmail.com,North,Service Pack,Partner,41929.0,2,5,229045,False
2024-10-29 00:00:00,CUST03913,user7149@outlook.com,South,Gadget Pro,Direct,17164.0,3,10,553873,False
2024-03-13 05:00:00,CUST04501,user7363@yahoo.com,,Gadget Pro,,2865214.0,48,20,965385,False
2024-05-26 00:00:00,CUST05579,user1319@gmail.com,,Service Pack,Online,10891.0,29,10,459092,False
2025-03-02 00:00:00,CUST09260,user9502@outlook.com,North,Widget A,Online,24069.0,21,0,795544,False
2024-11-01 00:00:00,CUST01594,user8167@gmail.com,Central,Service Pack,,44613.0,18,0,273729,False
2024-02-10 00:00:00,CUST09413,user8277@company.in,Central,Widget B,Retail,36887.0,25,15,472522,False
2024-08-16 00:00:00,CUST07389,user7270@outlook.com,East,,Online,39445.0,8,0,295708,False
2025-03-17 00:00:00,CUST09211,user3440@yahoo.com,East,Widget A,Partner,32291.0,33,10,272852,False
2024-10-04 00:00:00,CUST07727,user8454@company.in,North,Gadget Pro,Partner,4935.0,22,10,372510,False
2024-04-14 00:00:00,CUST04246,user7807@yahoo.com,South,Widget A,Online,35327.0,37,10,217126,False
2024-08-20 00:00:00,CUST03365,user7704@outlook.com,East,Widget A,Online,37189.0,31,15,452743,False
2024-12-26 00:00:00,CUST01634,user1502@gmail.com,West,Widget A,Online,2926648.0,19,0,201593,False
2024-12-23 00:00:00,CUST04057,user6182@outlook.com,North,Widget B,Direct,5149.0,48,15,886500,False
2024-01-24 00:00:00,CUST09395,user6555@company.in,North,Widget A,Direct,36804.0,44,10,632329,False
2024-01-26 00:00:00,CUST08018,user5382@outlook.com,South,Gadget Pro,Retail,30169.0,16,20,614892,False
2024-02-19 00:00:00,CUST03795,user9882@company.in,West,Gadget Pro,Partner,26010.0,21,10,ORD-CHALPQ,False
2024-12-21 00:00:00,CUST06443,user4262@yahoo.com,Central,Widget B,Online,47725.0,12,0,359238,False
2024-05-22 00:00:00,CUST08035,user7813@outlook.com,East,Widget A,Online,5852.0,34,20,ORD-HKRKFA,False
2024-07-14 00:00:00,CUST04338,user1224@outlook.com,East,Premium Bundle,Retail,27181.0,24,5,770687,False
2025-01-06 00:00:00,CUST02395,user5400@gmail.com,East,Service Pack,Retail,32251.0,35,10,858928,False
2024-03-13 08:00:00,CUST09036,user5022@gmail.com,West,Gadget Pro,Partner,1681250.0,3,20,299611,False
2024-06-04 00:00:00,CUST06139,user4798@outlook.com,North,Gadget Pro,Direct,34399.0,48,20,ORD-KWDIBW,False
2024-06-15 00:00:00,CUST02483,user7703@outlook.com,,Premium Bundle,Retail,35596.0,41,20,139966,False
2024-03-12 19:00:00,CUST07342,user1496@outlook.com,South,Widget B,Retail,2849132.0,29,5,627623,False
2024-09-29 00:00:00,CUST04254,user8609@yahoo.com,South,Service Pack,Online,37563.0,11,10,751696,False
2024-03-12 04:00:00,CUST03023,user7284@company.in,North,Gadget Pro,Partner,2871834.0,24,20,ORD-RFFEYL,False
2024-04-27 00:00:00,CUST07298,user2530@yahoo.com,Central,Gadget Pro,Direct,18262.0,31,5,ORD-WQYKPK,False
2024-11-16 00:00:00,CUST03989,user9064@company.in,,Widget A,Online,17896.0,11,15,291917,False
2024-09-28 00:00:00,CUST08781,user3913@company.in,North,,Online,7374.0,11,5,148442,False
2024-03-12 22:00:00,CUST07613,user3854@company.in,Central,Premium Bundle,,874932.0,16,0,912346,False
2024-04-16 00:00:00,CUST02215,user2525@outlook.com,North,Widget A,Partner,2510.0,21,20,273375,False
2024-02-27 00:00:00,CUST09512,user2746@outlook.com,South,Widget A,Partner,46609.0,44,20,454625,False
2024-11-26 00:00:00,CUST04952,user3845@yahoo.com,North,Widget A,Direct,34796.0,20,20,437767,False
2024-07-13 00:00:00,CUST03435,user6238@gmail.com,South,Service Pack,Direct,11879.0,37,5,541953,False
2024-07-04 00:00:00,CUST06623,user3421@yahoo.com,Central,Service Pack,,5612.0,43,15,961072,False
2025-02-18 00:00:00,CUST06191,user4538@yahoo.com,East,,Retail,28340.0,16,20,319141,False
2025-01-16 00:00:00,CUST05631,user5087@gmail.com,North,Premium Bundle,Partner,20431.0,1,20,637441,False
2025-02-23 00:00:00,CUST01551,user3320@gmail.com,East,Widget B,Online,41939.0,37,0,ORD-MJPZCS,False
2024-01-07 00:00:00,CUST02939,user1464@gmail.com,South,Widget A,Partner,10860.0,23,10,764023,False
2025-02-07 00:00:00,CUST08910,,East,Widget B,Partner,36867.0,30,10,415014,False
2024-03-20 00:00:00,CUST04101,user8121@company.in,Central,Widget A,Online,7713.0,26,0,922792,False
2024-03-12 00:00:00,CUST04347,user8483@yahoo.com,East,Widget A,Online,2375948.0,21,5,756336,False
2024-12-08 00:00:00,CUST09295,user3547@yahoo.com,South,Widget A,Partner,40672.0,42,15,226876,False
2024-08-28 00:00:00,CUST01652,user2559@gmail.com,South,Widget B,,23836.0,22,0,ORD-ATAMMU,False
2025-01-17 00:00:00,CUST02506,user9817@outlook.com,,Widget B,Partner,17925.0,15,20,819247,False
2024-09-14 00:00:00,CUST05174,user7732@company.in,North,Widget B,Retail,27480.0,38,15,245965,False
2024-08-28 00:00:00,CUST08079,user5961@company.in,West,Widget A,Online,46546.0,31,20,198654,False
2024-12-29 00:00:00,CUST08634,user8032@gmail.com,North,Widget A,Direct,38694.0,2,10,162524,False
2024-02-17 00:00:00,CUST04614,user5781@outlook.com,West,Gadget Pro,Partner,8443.0,37,5,915286,False
2024-03-11 00:00:00,CUST01209,user8391@outlook.com,North,Widget A,Direct,35848.0,9,5,257209,True
2024-09-12 00:00:00,CUST01856,user4688@yahoo.com,East,Service Pack,Online,17208.0,44,20,105884,False
2024-12-26 00:00:00,CUST05014,user2586@gmail.com,East,Widget A,Online,46482.0,40,5,ORD-JXWMWY,False
2024-12-27 00:00:00,CUST09811,user7703@outlook.com,North,Service Pack,Online,20440.0,38,5,126745,False
2024-12-27 00:00:00,CUST04467,user4090@yahoo.com,West,Widget A,Partner,30271.0,31,15,ORD-PKXUYT,False
2024-07-25 00:00:00,CUST04940,user6325@outlook.com,North,Service Pack,Partner,40446.0,38,0,970689,False
2024-11-10 00:00:00,CUST07055,user1689@company.in,North,Gadget Pro,Direct,672.0,18,5,787584,False
2024-06-11 00:00:00,CUST06742,user7248@gmail.com,North,,Direct,14442.0,25,5,731940,False
2024-07-14 00:00:00,CUST05181,,East,Widget A,Partner,6216.0,41,20,198207,False
2024-08-03 00:00:00,CUST04289,user1149@yahoo.com,Central,Gadget Pro,Retail,16166.0,39,5,527267,False
2024-12-23 00:00:00,CUST02788,user1266@company.in,South,Widget A,Retail,43711.0,49,15,503525,False
2025-01-23 00:00:00,CUST02419,,,Widget A,Partner,48966.0,13,0,717398,False
2025-02-21 00:00:00,CUST09375,user7850@yahoo.com,East,Service Pack,Retail,41709.0,9,20,ORD-WEDTBI,True
2024-11-29 00:00:00,CUST08664,user7456@gmail.com,North,Widget A,Retail,46383.0,12,5,402641,False
2024-11-24 00:00:00,CUST01781,user7625@yahoo.com,North,Premium Bundle,Retail,22823.0,9,0,880386,False
2024-11-21 00:00:00,CUST01212,user4700@company.in,South,Widget A,Partner,13272.0,25,20,601647,False
2024-12-20 00:00:00,CUST03476,user9856@gmail.com,,Widget A,Direct,18772.0,23,10,368710,False
2025-02-17 00:00:00,CUST01129,user7114@gmail.com,Central,Widget A,Retail,28646.0,18,0,434935,False
2024-10-27 00:00:00,CUST09575,user1931@gmail.com,North,Service Pack,Partner,8941.0,16,0,620120,True
2024-11-15 00:00:00,CUST02701,user5508@gmail.com,West,Widget A,Retail,2271.0,42,20,773857,False
2024-05-24 00:00:00,CUST02573,,South,Gadget Pro,Partner,39106.0,48,5,216933,False
2024-04-24 00:00:00,CUST02527,user9078@outlook.com,East,Widget B,Retail,38284.0,31,0,214923,False
2024-08-16 00:00:00,CUST02519,user9700@yahoo.com,North,Widget A,Direct,30104.0,43,10,448261,False
2025-01-19 00:00:00,CUST03021,user2037@outlook.com,East,Gadget Pro,Partner,39773.0,13,10,597753,False
2024-05-20 00:00:00,CUST02135,user6421@company.in,West,Gadget Pro,Retail,47225.0,8,20,254549,False
2024-09-12 00:00:00,CUST02822,user3536@yahoo.com,Central,Widget A,Partner,7447.0,6,10,598490,False
2024-05-28 00:00:00,CUST05178,user7118@outlook.com,Central,Gadget Pro,Partner,13442.0,46,10,389343,False
2024-04-21 00:00:00,CUST06575,user1609@company.in,,Widget A,Retail,30738.0,40,15,133804,False
2024-12-13 00:00:00,CUST04114,user2770@gmail.com,Central,Widget B,,2925840.0,21,15,765122,True
2024-06-03 00:00:00,CUST09884,user8982@company.in,North,Widget B,Online,33473.0,49,5,212660,False
2025-02-03 00:00:00,CUST09735,user6207@yahoo.com,East,Widget A,Retail,34054.0,44,0,765328,False
2024-12-05 00:00:00,CUST05602,user2783@yahoo.com,North,Gadget Pro,Partner,24960.0,29,10,695981,False
2024-12-18 00:00:00,CUST09911,user8406@company.in,West,Service Pack,Online,6799.0,29,10,760689,False
2024-04-15 00:00:00,CUST04631,user8015@yahoo.com,South,,Online,4651.0,26,0,453687,False
2024-11-27 00:00:00,CUST08956,,Central,Widget B,Retail,21627.0,41,15,962448,False
2024-03-30 00:00:00,CUST02591,user6901@company.in,Central,Service Pack,Direct,35010.0,11,5,940636,False
2024-04-24 00:00:00,CUST04329,user8355@yahoo.com,,Gadget Pro,Partner,24098.0,17,15,823021,False
2024-08-29 00:00:00,CUST07799,user2816@company.in,,Widget B,Partner,44012.0,41,20,608405,False
2024-03-12 20:00:00,CUST05098,user1719@yahoo.com,,Service Pack,Online,2953924.0,38,15,962629,False
2024-02-18 00:00:00,CUST03620,user4705@outlook.com,North,Service Pack,Direct,10626.0,6,20,540734,True
2024-08-03 00:00:00,CUST01090,user7909@yahoo.com,South,Gadget Pro,Partner,43164.0,46,15,612985,False
2025-01-17 00:00:00,CUST08938,user4619@gmail.com,,Gadget Pro,Direct,47654.0,5,10,619008,False
2024-01-20 00:00:00,CUST05621,user9335@yahoo.com,North,,Online,40548.0,2,15,892385,False
2024-08-23 00:00:00,CUST04278,user8761@outlook.com,East,Widget B,Online,2984527.0,33,15,451863,False
2025-03-08 00:00:00,CUST07836,user4643@outlook.com,,Widget A,Direct,35307.0,22,0,388915,True
2024-03-14 00:00:00,CUST05026,user5088@gmail.com,West,Service Pack,Partner,43745.0,10,0,651869,False
2024-11-15 00:00:00,CUST06687,user5399@company.in,West,Widget A,Partner,8911.0,20,10,ORD-PAWHQV,False
2024-02-17 00:00:00,CUST08804,,East,Widget B,Partner,29663.0,34,20,ORD-CFZOSB,False
2025-02-09 00:00:00,CUST09134,user8341@gmail.com,East,Widget A,Partner,20841.0,20,5,827502,False
2024-03-20 00:00:00,CUST04530,user1908@outlook.com,Central,Gadget Pro,Retail,49551.0,23,0,281367,False
2025-03-18 00:00:00,CUST09835,,South,Widget A,Partner,18149.0,32,20,647399,False
2024-06-22 00:00:00,CUST06375,,West,Widget B,Partner,4093.0,1,5,ORD-POGATA,True
2024-08-18 00:00:00,CUST06962,user9361@outlook.com,North,Gadget Pro,Partner,1690.0,7,0,402769,False
2024-03-13 03:00:00,CUST05714,,South,Widget A,Partner,1022048.0,10,5,727471,False
2024-04-14 00:00:00,CUST07867,user2578@yahoo.com,South,Gadget Pro,Retail,46016.0,40,0,471203,False
2024-11-28 00:00:00,CUST08023,,East,Premium Bundle,Direct,37688.0,10,5,478026,False
2024-07-02 00:00:00,CUST06586,user8870@outlook.com,Central,,Direct,1308595.0,43,20,ORD-SKLFED,False
2025-03-22 00:00:00,CUST07685,user2843@outlook.com,East,Gadget Pro,Retail,35219.0,26,5,968309,False
2024-10-07 00:00:00,CUST06571,user3114@outlook.com,Central,,Partner,36491.0,33,0,877089,False
2024-09-26 00:00:00,CUST04625,user6147@yahoo.com,Central,Widget B,Direct,40653.0,9,15,197907,False
2024-08-02 00:00:00,CUST03556,,,Widget B,Online,33473.0,37,0,157960,False
2024-02-20 00:00:00,CUST03076,,East,Widget B,Retail,23163.0,16,5,516389,False
2025-02-12 00:00:00,CUST02178,user5305@company.in,East,Service Pack,Partner,30606.0,10,15,467813,False
2025-03-11 00:00:00,CUST07477,user3646@gmail.com,North,Gadget Pro,,11832.0,6,10,ORD-BXZAOZ,True
2024-01-07 00:00:00,CUST01239,user2924@yahoo.com,,Widget A,,30522.0,19,15,881165,False
2025-02-25 00:00:00,CUST04369,,South,Service Pack,Partner,45144.0,30,0,871733,False
2024-01-19 00:00:00,CUST06381,,South,Gadget Pro,Direct,2028.0,8,15,465045,False
2025-03-16 00:00:00,CUST04556,,East,Service Pack,Online,21158.0,39,0,ORD-PTVTRL,False
2024-03-13 09:00:00,CUST01278,user2731@yahoo.com,,Gadget Pro,Direct,824366.0,6,0,209192,False
2025-02-07 00:00:00,CUST03466,user7434@outlook.com,Central,,,11511.0,33,20,569935,False
2024-11-19 00:00:00,CUST05582,,West,Widget A,Partner,34859.0,4,20,379529,False
2024-08-24 00:00:00,CUST08039,user6269@company.in,West,Widget B,Online,25621.0,43,5,225335,False
2024-01-23 00:00:00,CUST07235,user2103@company.in,North,Widget A,Online,47383.0,15,10,326427,False
2025-01-06 00:00:00,CUST02462,user3492@outlook.com,East,,Partner,45573.0,6,10,942485,False
2024-02-28 00:00:00,CUST03832,user1606@yahoo.com,South,Widget B,Partner,34698.0,8,5,262210,False
2024-08-23 00:00:00,CUST06215,,,Widget A,Partner,33549.0,19,15,752025,False
2024-04-29 00:00:00,CUST08176,user6279@outlook.com,East,Service Pack,,28809.0,33,10,640941,True
2024-02-24 00:00:00,CUST08515,user3616@company.in,South,Widget A,Partner,28953.0,34,10,173448,False
2025-01-10 00:00:00,CUST09734,user5938@yahoo.com,Central,Service Pack,Direct,40167.0,10,5,415160,True
2025-02-21 00:00:00,CUST03326,user1042@company.in,North,Widget B,Partner,28989.0,24,10,203538,False
2024-07-06 00:00:00,CUST09394,user3131@gmail.com,East,Service Pack,Partner,45720.0,25,5,805242,True
2024-02-07 00:00:00,CUST09988,user7213@outlook.com,South,Widget B,Retail,45744.0,35,0,ORD-DEXNKZ,False
2024-08-22 00:00:00,CUST08308,user9866@gmail.com,,Widget B,Direct,26860.0,21,0,733533,False
2024-01-15 00:00:00,CUST03543,,West,Widget B,Online,11788.0,47,10,640234,False
2024-03-12 17:00:00,CUST06396,user1750@yahoo.com,North,Premium Bundle,Partner,1593571.0,41,5,689617,False
2024-03-08 00:00:00,CUST04709,user7361@gmail.com,North,Premium Bundle,Online,11142.0,47,0,908690,False
2024-09-25 00:00:00,CUST05640,user3222@gmail.com,North,Widget B,Online,39618.0,12,5,676970,False
2024-11-12 00:00:00,CUST02727,user2865@yahoo.com,West,Gadget Pro,Online,1194292.0,15,15,229082,False
2024-06-01 00:00:00,CUST06138,user7592@company.in,,Widget A,Retail,39247.0,49,10,638863,False
2024-12-16 00:00:00,CUST06939,,South,Gadget Pro,Direct,5472.0,46,0,620976,False
2024-11-21 00:00:00,CUST07881,,North,Widget A,Retail,37411.0,15,10,585919,False
2024-03-19 00:00:00,CUST05774,user9165@company.in,West,Widget B,Direct,49898.0,1,10,246132,False
2025-03-21 00:00:00,CUST02587,user4768@outlook.com,East,Widget B,Partner,48818.0,18,10,ORD-AQKMQP,False
2024-04-19 00:00:00,CUST08991,user7363@company.in,East,Widget B,Direct,45189.0,3,20,245578,False
2025-01-13 00:00:00,CUST02787,,East,Gadget Pro,Online,27486.0,17,0,734261,False
2024-02-19 00:00:00,CUST04706,user7809@outlook.com,East,Service Pack,Retail,627.0,49,5,917161,False
2025-02-20 00:00:00,CUST05989,user5477@company.in,South,Service Pack,Direct,41532.0,14,15,519849,False
2025-01-23 00:00:00,CUST01523,user1480@company.in,West,Service Pack,Retail,46145.0,30,10,307137,False
2024-03-26 00:00:00,CUST06822,user3103@outlook.com,South,Gadget Pro,Direct,31482.0,20,10,744550,False
2025-02-23 00:00:00,CUST06872,user9006@yahoo.com,,Service Pack,Retail,35059.0,32,15,199839,False
2025-01-28 00:00:00,CUST01160,,South,Service Pack,Partner,14704.0,31,20,713664,False
2025-03-07 00:00:00,CUST01930,user2622@outlook.com,North,Widget A,Direct,20013.0,17,10,350759,False
2025-01-16 00:00:00,CUST03976,user9312@gmail.com,West,Widget B,Partner,36670.0,9,15,956073,False
2024-03-13 10:00:00,CUST05872,user7919@yahoo.com,South,Widget B,Online,1472706.0,13,20,767184,False
2024-08-12 00:00:00,CUST09008,,Central,Premium Bundle,Direct,13297.0,37,0,978365,False
2024-01-19 00:00:00,CUST01496,user6161@outlook.com,East,Gadget Pro,Retail,733067.0,49,20,131661,False
2025-01-12 00:00:00,CUST09520,user9941@company.in,,Widget A,Partner,34439.0,49,0,530491,False
2024-07-03 00:00:00,CUST04625,user6974@gmail.com,,Service Pack,Online,13051.0,45,15,854357,False
2024-09-14 00:00:00,CUST07936,,North,Widget A,Online,24364.0,32,20,555424,False
2024-10-05 00:00:00,CUST06015,user8605@outlook.com,North,Widget B,Direct,8348.0,14,5,204366,False
2024-01-28 00:00:00,CUST06908,,West,Widget B,Online,8948.0,41,10,744106,False
2024-11-11 00:00:00,CUST02154,user3181@yahoo.com,East,Gadget Pro,Retail,20377.0,25,0,773440,False
2024-10-31 00:00:00,CUST08167,,Central,Widget A,Direct,42274.0,5,0,ORD-UDCYMA,False
2024-12-21 00:00:00,CUST04746,user2978@company.in,East,Gadget Pro,Partner,39257.0,15,20,123276,False
2024-03-19 00:00:00,CUST04426,user8344@company.in,North,Widget B,Online,45958.0,15,20,131979,False
2024-08-27 00:00:00,CUST06782,user7150@outlook.com,West,Service Pack,Retail,11133.0,26,20,926975,False
2024-03-12 05:00:00,CUST08597,user7717@yahoo.com,South,Widget A,Partner,661450.0,21,5,ORD-LACAFK,False
2024-01-02 00:00:00,CUST05566,user6427@gmail.com,South,Widget B,Online,27061.0,6,10,592392,False
2024-11-07 00:00:00,CUST01666,,Central,Gadget Pro,Partner,39161.0,24,20,797331,False
2024-03-12 21:00:00,CUST03725,,West,Widget A,Retail,1483360.0,2,15,179928,False
2024-09-21 00:00:00,CUST02057,user3068@gmail.com,West,Service Pack,,11196.0,44,10,627148,False
2024-05-29 00:00:00,CUST05791,user1044@gmail.com,West,Gadget Pro,Direct,13691.0,41,5,733064,False
2025-02-25 00:00:00,CUST05038,,North,Widget B,Direct,2135940.0,42,5,ORD-GACUDV,False
2025-03-09 00:00:00,CUST09077,,Central,Widget B,Retail,16513.0,39,5,571607,False
2024-01-21 00:00:00,CUST08638,user3140@outlook.com,North,Gadget Pro,Partner,47285.0,29,10,ORD-TWLQNX,True
2024-07-01 00:00:00,CUST07989,user8419@yahoo.com,,Widget B,Partner,3965.0,38,5,823379,False
2024-07-06 00:00:00,CUST02854,user8635@gmail.com,East,Widget B,Direct,10458.0,14,5,788515,True
2024-01-26 00:00:00,CUST05880,user6851@yahoo.com,East,Widget A,Partner,24121.0,12,15,290059,False
2025-02-18 00:00:00,CUST04337,user5169@gmail.com,,Widget B,Partner,9817.0,1,0,171726,False
2024-12-23 00:00:00,CUST07841,user1256@yahoo.com,North,Widget A,Partner,46885.0,38,5,879366,False
2025-03-12 00:00:00,CUST07945,,West,Widget B,Partner,33562.0,44,5,ORD-AZQPPP,False
2025-02-02 00:00:00,CUST07291,user9199@outlook.com,South,Gadget Pro,Online,32232.0,10,10,ORD-OAPIXU,False
2024-10-03 00:00:00,CUST07134,user9148@gmail.com,Central,,Online,46069.0,46,5,798995,True
2025-01-12 00:00:00,CUST04246,user5836@yahoo.com,South,Widget B,Direct,32596.0,29,20,914108,False
2024-04-14 00:00:00,CUST05333,user4288@gmail.com,,Widget A,Direct,7756.0,29,5,818239,False
2025-02-02 00:00:00,CUST07291,user9199@outlook.com,South,Gadget Pro,Online,32232.0,10,10,ORD-OAPIXU,False
2024-05-12 00:00:00,CUST03883,,East,Premium Bundle,Direct,23393.0,16,5,331362,False
2024-07-30 00:00:00,CUST04034,user9922@yahoo.com,South,Widget B,Partner,19002.0,21,5,ORD-OQYPMS,False
2025-03-22 00:00:00,CUST01780,user3422@company.in,Central,Widget A,Direct,2015.0,10,0,200887,False
2024-03-13 06:00:00,CUST05172,,North,Widget A,,2164794.0,35,0,832543,False
2024-09-09 00:00:00,CUST07967,user6081@outlook.com,East,Widget A,Direct,47780.0,33,10,ORD-DWIKFF,True
2024-05-09 00:00:00,CUST06863,,East,Widget B,Direct,2184114.0,18,5,389279,False
2024-09-19 00:00:00,CUST02007,,North,Service Pack,Online,39334.0,20,15,185340,False
2024-11-17 00:00:00,CUST03436,user7730@gmail.com,West,Widget A,Online,40855.0,26,15,884662,True
2024-10-16 00:00:00,CUST05254,user4814@gmail.com,South,Premium Bundle,Online,772.0,21,15,933686,False
2024-11-28 00:00:00,CUST06448,user2020@outlook.com,South,Widget B,Retail,39973.0,2,10,353623,False
2025-02-07 00:00:00,CUST07340,user6742@company.in,East,Widget B,Online,33335.0,3,10,460833,False
2024-10-06 00:00:00,CUST09378,user6731@company.in,East,Gadget Pro,Partner,48433.0,34,20,694045,False
2024-09-11 00:00:00,CUST03326,user2982@yahoo.com,South,Widget A,Direct,11447.0,45,20,471478,False
2024-07-30 00:00:00,CUST04034,user9922@yahoo.com,South,Widget B,Partner,19002.0,21,5,ORD-OQYPMS,False
2024-02-16 00:00:00,CUST05459,user3141@yahoo.com,West,Widget B,Retail,42902.0,25,15,288846,False
2024-02-11 00:00:00,CUST01816,user3677@outlook.com,South,Gadget Pro,Direct,25679.0,32,15,352124,False
2024-01-25 00:00:00,CUST07646,user6882@gmail.com,North,Widget B,Partner,31441.0,7,10,604603,False
2024-05-21 00:00:00,CUST07370,user2929@company.in,West,Service Pack,Partner,10306.0,18,0,291245,False
2024-03-11 00:00:00,CUST09323,user3370@yahoo.com,West,Gadget Pro,Online,48489.0,19,5,160289,False
2024-11-15 00:00:00,CUST08776,user3793@outlook.com,East,Gadget Pro,Retail,2564989.0,2,0,110887,False
2024-02-11 00:00:00,CUST04130,,East,Widget A,Partner,47813.0,7,0,ORD-XJCHWK,False
2024-09-07 00:00:00,CUST03166,user3390@gmail.com,West,Widget A,Online,19485.0,5,5,949536,False
2024-12-26 00:00:00,CUST04690,user7286@outlook.com,,Widget A,Partner,41996.0,18,5,383230,False
2024-01-20 00:00:00,CUST04227,,West,Widget A,Direct,36073.0,5,5,761874,False
2024-07-01 00:00:00,CUST09213,user6862@yahoo.com,South,Widget B,Online,42025.0,40,20,562461,False
2024-11-10 00:00:00,CUST04024,user5978@company.in,,Gadget Pro,Online,13177.0,39,10,359403,False
2024-01-19 00:00:00,CUST02852,user9281@outlook.com,,Gadget Pro,Partner,978.0,36,5,615424,False
2024-11-06 00:00:00,CUST07435,user4814@gmail.com,,Service Pack,,17297.0,22,5,120392,False
2025-01-11 00:00:00,CUST09731,user3347@outlook.com,East,Gadget Pro,Partner,27068.0,36,20,248774,False
2024-01-07 00:00:00,CUST06611,user2531@outlook.com,North,Gadget Pro,Online,44159.0,32,5,ORD-NSGHKT,False
2024-03-04 00:00:00,CUST01864,user8988@yahoo.com,South,Widget A,Retail,49963.0,1,0,886189,False
2024-02-05 00:00:00,CUST07199,,,Widget A,Partner,20915.0,45,5,342649,False
2025-01-10 00:00:00,CUST05155,user2882@company.in,West,Service Pack,Partner,18735.0,44,5,624547,False
2024-03-13 04:00:00,CUST02917,user2791@yahoo.com,North,Premium Bundle,Online,2739125.0,45,5,566789,False
2024-05-15 00:00:00,CUST03932,,East,Gadget Pro,Direct,42028.0,8,0,763318,False
2024-09-30 00:00:00,CUST03577,,West,Gadget Pro,Retail,31078.0,15,15,116456,False
2024-06-03 00:00:00,CUST05104,,,Widget A,Online,33745.0,47,0,257535,False
2025-02-10 00:00:00,CUST08738,user8821@outlook.com,,Service Pack,Retail,23472.0,39,5,325288,False
2024-12-13 00:00:00,CUST04614,user5895@yahoo.com,North,Widget B,Direct,1426845.0,12,0,845753,False
2024-06-11 00:00:00,CUST04128,,North,Widget B,Retail,33257.0,16,15,727217,False
2024-04-13 00:00:00,CUST01335,user3911@gmail.com,,Gadget Pro,Direct,39579.0,49,15,538830,True
2024-06-13 00:00:00,CUST05746,user5065@company.in,,Service Pack,Retail,48658.0,29,20,ORD-ATQFFH,False
2024-05-23 00:00:00,CUST07173,,South,Widget A,Partner,42407.0,31,0,944020,False
2024-07-20 00:00:00,CUST03577,user7547@yahoo.com,Central,Premium Bundle,Direct,22274.0,40,10,964019,False
2024-04-27 00:00:00,CUST06763,user9907@gmail.com,,Widget B,Online,42913.0,32,20,144251,True
2024-09-26 00:00:00,CUST02986,user6153@company.in,North,Gadget Pro,Direct,6968.0,30,15,785771,False
2024-12-24 00:00:00,CUST03883,,South,Widget A,Online,14849.0,43,5,671244,False
2024-01-21 00:00:00,CUST07751,user5871@outlook.com,Central,Widget A,Direct,783.0,44,5,509472,False
2025-03-14 00:00:00,CUST07719,user6169@gmail.com,South,Widget A,Direct,9057.0,25,0,908254,False
2024-07-28 00:00:00,CUST01801,user9019@company.in,West,Widget A,Retail,7334.0,15,15,936147,False
2025-03-09 00:00:00,CUST04812,user6916@company.in,North,Service Pack,Partner,39721.0,23,10,573973,False
2025-02-20 00:00:00,CUST05314,user9804@yahoo.com,West,Gadget Pro,Partner,25689.0,10,0,183071,False
2024-07-21 00:00:00,CUST07612,user7625@outlook.com,East,Premium Bundle,Online,27865.0,23,5,ORD-LAUPKG,False
2024-03-12 18:00:00,CUST07979,user6110@company.in,West,Widget A,Retail,1428679.0,9,15,860086,False
2024-10-13 00:00:00,CUST09421,user7655@company.in,North,Premium Bundle,,13410.0,49,20,438818,True
2024-11-03 00:00:00,CUST04627,user9201@yahoo.com,North,Service Pack,Online,45034.0,27,15,870060,False
2024-04-13 00:00:00,CUST01445,user9337@company.in,Central,Widget A,Partner,20415.0,2,10,325869,False
2024-06-21 00:00:00,CUST09862,user6052@outlook.com,West,Gadget Pro,Partner,3279.0,3,5,246273,False
2024-10-19 00:00:00,CUST07295,user2406@gmail.com,South,Widget A,Retail,21659.0,21,15,976793,False
2024-07-20 00:00:00,CUST09367,user9054@gmail.com,West,Service Pack,Direct,31216.0,25,0,843191,False
2024-08-16 00:00:00,CUST04680,user7936@gmail.com,North,Service Pack,Retail,47281.0,39,5,488252,False
2024-02-28 00:00:00,CUST04080,,Central,Widget A,Direct,5583.0,29,10,711130,False
2024-11-21 00:00:00,CUST07498,user9674@company.in,West,Widget A,Retail,23047.0,48,10,259904,False
2024-11-18 00:00:00,CUST06814,user1145@outlook.com,,,Online,13157.0,13,10,544272,False
2024-07-16 00:00:00,CUST08841,user1717@yahoo.com,West,Widget B,Direct,2844795.0,14,20,613957,False
2025-01-17 00:00:00,CUST09952,,North,Gadget Pro,Direct,1397.0,33,0,948822,False
2024-06-03 00:00:00,CUST06777,,South,Gadget Pro,Retail,2583210.0,47,15,797562,False
2025-03-06 00:00:00,CUST06815,user2480@outlook.com,South,Widget B,Online,7213.0,39,0,329937,False
2024-02-27 00:00:00,CUST08466,user9775@company.in,North,Widget B,Partner,27926.0,20,20,750899,False
2024-11-26 00:00:00,CUST07201,user9962@gmail.com,South,Widget B,Online,22997.0,15,15,517658,False
2025-02-23 00:00:00,CUST07014,user5700@outlook.com,West,Widget B,Retail,24213.0,15,15,768588,False
2024-05-02 00:00:00,CUST06576,user7102@gmail.com,East,Gadget Pro,Direct,23056.0,35,5,442139,False
2024-01-03 00:00:00,CUST02830,user6262@gmail.com,Central,Widget A,Partner,21185.0,27,5,896832,False
2024-03-12 23:00:00,CUST09925,user6930@yahoo.com,North,Widget A,Online,2512064.0,48,5,604574,False
2024-08-14 00:00:00,CUST04089,,Central,Widget B,Online,45223.0,27,10,242104,False
2024-09-02 00:00:00,CUST07429,user8135@yahoo.com,South,Service Pack,Partner,17819.0,41,5,684683,False
2024-06-03 00:00:00,CUST06777,,South,Gadget Pro,Retail,2583210.0,47,15,797562,False
2024-03-10 00:00:00,CUST09806,,East,Widget A,Direct,31631.0,32,10,645621,False
2025-01-12 00:00:00,CUST02417,user9148@gmail.com,East,Widget A,Direct,7143.0,9,10,944246,False
2024-03-12 05:00:00,CUST06753,user2633@outlook.com,,Service Pack,Retail,1918494.0,15,20,276516,False
2024-08-31 00:00:00,CUST05777,user1258@yahoo.com,,Widget A,Online,34206.0,12,20,264056,False
2024-09-26 00:00:00,CUST02986,user6153@company.in,North,Gadget Pro,Direct,6968.0,30,15,785771,False
2025-03-19 00:00:00,CUST05944,user6178@gmail.com,South,Widget A,Partner,43732.0,4,20,954557,False
2024-03-13 18:00:00,CUST06001,,North,Widget B,Partner,1548141.0,27,0,184177,True
2024-03-13 06:00:00,CUST05208,user8179@outlook.com,East,Widget A,Partner,1398247.0,13,0,304858,False
2024-10-10 00:00:00,CUST09793,user7563@gmail.com,North,Widget B,Partner,45859.0,47,15,396254,False
2024-03-22 00:00:00,CUST03726,user9719@outlook.com,West,Widget B,Direct,15267.0,5,0,793552,False
2024-01-26 00:00:00,CUST09307,user1960@yahoo.com,North,Widget B,Retail,18222.0,34,15,112034,False
2024-05-08 00:00:00,CUST04781,user6816@yahoo.com,North,Widget A,Direct,21961.0,40,10,726406,False
2025-02-15 00:00:00,CUST07866,,,,Online,49424.0,1,0,373860,True
2025-02-11 00:00:00,CUST06287,user9056@gmail.com,West,Gadget Pro,Partner,8601.0,10,15,120319,False
2024-09-22 00:00:00,CUST06405,user7568@gmail.com,West,Service Pack,Partner,18849.0,27,15,861067,False
2024-03-13 22:00:00,CUST07428,user6003@gmail.com,North,Gadget Pro,Partner,1556207.0,37,20,625660,True
2024-12-28 00:00:00,CUST03938,user4119@gmail.com,Central,Service Pack,Retail,48136.0,8,20,987911,False
2024-07-07 00:00:00,CUST07922,user5135@company.in,East,Gadget Pro,Direct,37197.0,39,0,785896,True
2024-06-23 00:00:00,CUST08608,user2654@company.in,East,Widget A,Partner,40455.0,45,0,805776,False
2024-02-26 00:00:00,CUST02968,user9108@outlook.com,North,Gadget Pro,Partner,4931.0,26,15,456070,False
2024-09-05 00:00:00,CUST08657,user2479@outlook.com,East,Widget B,Partner,19552.0,33,5,577904,False
2024-03-17 00:00:00,CUST09993,user3977@gmail.com,Central,Service Pack,Retail,22801.0,39,0,670673,False
2024-11-24 00:00:00,CUST04860,user5150@gmail.com,East,Premium Bundle,Retail,17850.0,49,15,530641,False
2024-08-20 00:00:00,CUST05231,user1996@outlook.com,South,Gadget Pro,Online,42350.0,18,15,ORD-CLLSMI,False
2024-08-15 00:00:00,CUST01929,user9984@company.in,West,Gadget Pro,Partner,33009.0,27,15,656348,False
2024-11-04 00:00:00,CUST01538,user6933@outlook.com,East,Gadget Pro,Online,37046.0,31,10,396965,False
2024-12-29 00:00:00,CUST09687,,East,Widget A,Online,35504.0,47,0,676046,False
2024-06-11 00:00:00,CUST02840,user8159@outlook.com,North,Widget B,Retail,31681.0,9,10,654447,False
2024-04-25 00:00:00,CUST02458,,East,Service Pack,Retail,34262.0,17,0,594508,False
2025-03-07 00:00:00,CUST05546,user4534@gmail.com,,Gadget Pro,Direct,33824.0,42,20,445558,False
2024-06-12 00:00:00,CUST03406,user5569@outlook.com,Central,Widget B,Direct,10885.0,27,0,812596,False
2024-01-02 00:00:00,CUST07012,user6641@company.in,West,Premium Bundle,Partner,34417.0,5,0,659212,False
2024-05-27 00:00:00,CUST08103,user7814@outlook.com,South,Widget A,Direct,21569.0,21,20,502276,False
2024-10-23 00:00:00,CUST01004,user5820@yahoo.com,South,Gadget Pro,Online,47748.0,30,5,ORD-MWPWEN,False
2025-03-11 00:00:00,CUST04796,user1547@company.in,Central,Gadget Pro,Retail,45842.0,30,20,647298,False
2024-01-12 00:00:00,CUST05229,user6873@company.in,West,Gadget Pro,Retail,1831.0,3,10,399997,False
2024-07-26 00:00:00,CUST07862,user8541@company.in,East,Gadget Pro,Online,13942.0,19,0,907893,False
2024-10-20 00:00:00,CUST08907,user8404@gmail.com,South,,Online,17788.0,27,10,199397,False
2024-11-15 00:00:00,CUST08776,user3793@outlook.com,East,Gadget Pro,Retail,2564989.0,2,0,110887,False
2024-06-30 00:00:00,CUST07943,user2752@company.in,West,Premium Bundle,Retail,47142.0,36,15,153503,False
2024-07-30 00:00:00,CUST06489,user2113@yahoo.com,North,Widget B,Retail,1110.0,7,10,ORD-FKZYYF,False
2024-10-16 00:00:00,CUST04501,user5458@outlook.com,Central,,Direct,32332.0,29,10,407228,False
2024-11-19 00:00:00,CUST05257,user6296@gmail.com,East,Widget B,,1270762.0,40,10,145534,False
2024-04-20 00:00:00,CUST09129,user9806@yahoo.com,North,Premium Bundle,Retail,1311.0,34,5,387492,False
2024-09-14 00:00:00,CUST03733,user5670@gmail.com,North,Widget B,Retail,28982.0,9,15,243600,False
2024-10-11 00:00:00,CUST05046,user6155@yahoo.com,West,Service Pack,,27891.0,41,15,232598,False
2024-12-02 00:00:00,CUST05266,user5183@gmail.com,,Widget B,,5237.0,18,5,530873,False
2024-01-03 00:00:00,CUST05107,user5873@outlook.com,East,Widget B,Partner,14496.0,20,20,569830,False
2024-03-13 00:00:00,CUST09730,user1654@yahoo.com,Central,Gadget Pro,Partner,3397.0,24,10,612780,False
2024-06-15 00:00:00,CUST08746,,South,Premium Bundle,Partner,21162.0,38,20,415375,False
2025-03-07 00:00:00,CUST06916,user2146@company.in,East,Widget A,Online,14595.0,23,20,799868,False
2024-03-12 05:00:00,CUST03728,user3736@gmail.com,North,Gadget Pro,Partner,682780.0,46,5,116827,False
2024-10-03 00:00:00,CUST04042,user5118@yahoo.com,South,Gadget Pro,Online,17914.0,10,10,431130,False
2024-03-13 22:00:00,CUST07149,user5558@outlook.com,West,Widget B,Retail,1346563.0,12,0,954026,False
2024-02-29 00:00:00,CUST09629,user5923@outlook.com,North,Gadget Pro,Retail,46627.0,5,20,997566,False
2024-12-09 00:00:00,CUST01730,user3362@outlook.com,North,Widget B,Partner,2313.0,1,15,870692,True
2024-09-11 00:00:00,CUST03559,,East,Widget A,Direct,47670.0,16,5,542390,False
2024-05-01 00:00:00,CUST02755,user9193@gmail.com,North,Premium Bundle,Online,2894.0,8,20,258084,False
2024-01-06 00:00:00,CUST01289,user4575@outlook.com,North,,,43873.0,13,5,269759,False
2024-07-18 00:00:00,CUST04084,user6820@yahoo.com,East,Premium Bundle,Online,12547.0,46,10,151735,False
2025-02-21 00:00:00,CUST02756,user7483@company.in,South,,Retail,18870.0,39,15,840484,False
2024-11-22 00:00:00,CUST02952,user1813@yahoo.com,East,Service Pack,Retail,30379.0,10,15,692778,False
2024-03-13 15:00:00,CUST05792,user9955@yahoo.com,South,Widget A,Direct,2734340.0,23,5,412317,False
2025-02-04 00:00:00,CUST06639,user3456@yahoo.com,East,Widget A,Online,14194.0,32,15,306906,False
2024-11-21 00:00:00,CUST02055,user1298@company.in,West,Premium Bundle,Partner,6855.0,49,5,610604,False
2024-05-07 00:00:00,CUST07573,user6400@gmail.com,West,Widget A,Direct,17732.0,37,0,555391,False
2024-01-25 00:00:00,CUST07037,user8960@outlook.com,East,Service Pack,Online,40878.0,22,15,702584,False
2024-08-10 00:00:00,CUST04985,user8895@company.in,North,Gadget Pro,Partner,31131.0,46,0,703946,False
2024-11-19 00:00:00,CUST09154,user1313@yahoo.com,North,Premium Bundle,Online,27326.0,30,5,984612,False
2024-06-05 00:00:00,CUST04199,user3577@company.in,East,Widget B,Online,46261.0,2,0,504183,False
2024-07-25 00:00:00,CUST06866,user1841@outlook.com,South,Gadget Pro,Direct,13753.0,37,5,893893,False
2024-03-13 20:00:00,CUST08363,,Central,Premium Bundle,Retail,1262749.0,40,15,760768,False
2025-03-17 00:00:00,CUST08488,user2350@yahoo.com,South,Widget A,Partner,2727.0,24,0,300269,False
2024-02-12 00:00:00,CUST05448,,West,Widget B,Retail,23707.0,25,10,776787,False
2024-08-16 00:00:00,CUST08525,user3444@company.in,Central,Widget A,Online,6686.0,8,10,ORD-KVIUXA,False
2024-07-27 00:00:00,CUST09346,user3248@company.in,West,Widget B,Online,22896.0,27,5,ORD-RMTHTU,False
2025-03-19 00:00:00,CUST08288,user4228@outlook.com,East,Gadget Pro,Online,5771.0,24,10,ORD-BZVERT,False
2025-02-03 00:00:00,CUST07050,user1225@company.in,East,Gadget Pro,Direct,17107.0,3,20,ORD-SLCUON,False
2024-08-21 00:00:00,CUST01773,user7965@gmail.com,West,Widget A,Direct,34652.0,45,15,ORD-BNSEVD,False
2024-01-14 00:00:00,CUST09724,user5127@gmail.com,East,Service Pack,Retail,7926.0,19,0,600202,False
2024-04-26 00:00:00,CUST02938,,North,Widget B,Retail,16488.0,35,20,428887,True
2024-08-01 00:00:00,CUST02690,user2647@yahoo.com,North,Premium Bundle,Partner,40791.0,22,10,980157,False
2024-04-21 00:00:00,CUST01108,user5329@yahoo.com,East,Service Pack,Direct,30890.0,23,5,802131,False
2024-01-24 00:00:00,CUST06928,user1430@company.in,North,Premium Bundle,Direct,13721.0,15,0,296556,False
2025-01-20 00:00:00,CUST03621,user5944@yahoo.com,Central,Widget A,Direct,3428.0,6,20,656540,False
2024-11-28 00:00:00,CUST05892,user2696@outlook.com,,Gadget Pro,Partner,39817.0,33,10,691011,False
2024-09-02 00:00:00,CUST03598,user6692@gmail.com,South,Widget B,Online,37454.0,17,15,ORD-GSQVFC,False
2025-02-19 00:00:00,CUST03975,user7510@company.in,East,Gadget Pro,Partner,43130.0,28,5,769559,False
2025-03-23 00:00:00,CUST02510,user1788@outlook.com,East,Gadget Pro,Partner,26563.0,29,20,985438,False
2025-01-15 00:00:00,CUST03560,user4056@outlook.com,Central,Gadget Pro,Direct,1399510.0,15,15,417050,False
2024-03-13 18:00:00,CUST05810,,Central,Widget A,Partner,2336303.0,46,0,174171,False
2025-03-07 00:00:00,CUST04218,user4948@yahoo.com,West,Widget A,Retail,39135.0,25,0,851168,False
2025-02-26 00:00:00,CUST08655,user8753@company.in,East,Service Pack,Retail,6691.0,3,0,322317,False
2024-03-08 00:00:00,CUST04709,user7361@gmail.com,North,Premium Bundle,Online,11142.0,47,0,908690,False
2024-07-29 00:00:00,CUST07741,user5631@gmail.com,,Gadget Pro,,35569.0,32,15,964258,False
2024-05-22 00:00:00,CUST06530,user6916@company.in,,Widget A,Direct,37125.0,21,10,ORD-RWRKOL,False
2025-03-19 00:00:00,CUST01363,user3956@company.in,West,Widget B,Direct,39587.0,32,20,822648,False
2024-06-01 00:00:00,CUST04816,user5308@yahoo.com,Central,,Partner,32973.0,34,10,171577,False
2024-08-19 00:00:00,CUST07639,user2070@outlook.com,South,Widget A,Retail,27494.0,9,0,711601,False
2024-05-06 00:00:00,CUST03266,user4073@company.in,North,Widget A,Direct,39276.0,49,15,989103,False
2024-06-30 00:00:00,CUST04153,user1474@yahoo.com,North,Gadget Pro,Direct,6927.0,7,20,234749,False
2024-03-13 16:00:00,CUST02079,user1920@yahoo.com,South,Service Pack,Retail,521513.0,34,5,451281,True
2025-03-05 00:00:00,CUST03116,user8102@company.in,East,Widget A,Retail,7803.0,31,0,647706,False
2024-03-12 08:00:00,CUST01316,user9433@outlook.com,North,Widget A,Online,1008263.0,28,0,352653,False
2024-05-30 00:00:00,CUST02341,user5967@gmail.com,West,Widget A,Partner,13239.0,24,5,493534,False
2025-01-14 00:00:00,CUST09007,user8109@company.in,North,Widget A,Online,6455.0,26,10,ORD-ZNSXMP,False
2024-04-06 00:00:00,CUST08875,user9900@company.in,South,Widget B,Direct,33434.0,1,15,449128,True
2024-06-22 00:00:00,CUST03318,user3430@gmail.com,South,Widget A,Direct,12425.0,13,5,775268,False
2024-03-13 07:00:00,CUST04577,user4657@yahoo.com,,Service Pack,Online,862517.0,38,0,842778,False
2025-02-20 00:00:00,CUST03438,user6761@gmail.com,West,,Retail,16858.0,20,15,110286,False
2024-11-01 00:00:00,CUST02446,,South,,Direct,34925.0,21,20,636555,True
2025-03-04 00:00:00,CUST01834,user8843@outlook.com,North,Service Pack,Partner,1579.0,3,15,497104,False
2024-01-14 00:00:00,CUST02142,,West,Premium Bundle,Partner,33080.0,37,20,759214,True
2024-09-18 00:00:00,CUST01856,user6529@outlook.com,North,Widget B,Partner,2503394.0,6,20,ORD-CTGJOV,False
2024-11-27 00:00:00,CUST08682,user1653@outlook.com,Central,,Partner,15483.0,34,0,884360,False
2025-01-20 00:00:00,CUST03621,user5944@yahoo.com,Central,Widget A,Direct,3428.0,6,20,656540,False
2024-06-27 00:00:00,CUST01594,user2225@outlook.com,West,Widget B,,10184.0,46,5,718270,False
2024-01-11 00:00:00,CUST03864,,East,Widget B,Online,34000.0,40,10,163505,False
2024-03-13 01:00:00,CUST07397,user7812@gmail.com,South,Gadget Pro,Online,569946.0,48,10,838779,False
2024-09-15 00:00:00,CUST06569,user2463@gmail.com,North,Gadget Pro,Retail,9106.0,42,5,415163,True
2024-07-02 00:00:00,CUST03199,,North,Widget A,Retail,12342.0,25,10,870933,False
2024-01-30 00:00:00,CUST01897,user5009@gmail.com,Central,Gadget Pro,Direct,23603.0,1,0,772504,False
2025-01-22 00:00:00,CUST01875,user7108@gmail.com,North,,Retail,17282.0,43,10,527072,False
2024-08-19 00:00:00,CUST03316,,North,Widget A,Online,24117.0,12,20,643137,False
2024-10-31 00:00:00,CUST05375,user7284@yahoo.com,North,Service Pack,Retail,2506.0,35,10,733136,False
2025-03-07 00:00:00,CUST05150,user4266@gmail.com,West,Service Pack,Direct,7230.0,9,10,ORD-TYBTGG,False
2024-01-11 00:00:00,CUST01943,user5850@company.in,Central,Widget B,Retail,23202.0,48,5,453077,False
2024-03-21 00:00:00,CUST05557,user7865@yahoo.com,East,Widget B,Online,48759.0,20,0,338243,True
2024-02-29 00:00:00,CUST06413,user8736@yahoo.com,East,Widget A,Retail,27416.0,13,10,ORD-GOJOTJ,False
2024-03-12 02:00:00,CUST04031,user7718@gmail.com,North,Widget B,,1432189.0,41,20,318757,False
2024-06-18 00:00:00,CUST03975,user6864@outlook.com,Central,Service Pack,Direct,18305.0,25,15,942699,False
2024-10-26 00:00:00,CUST03524,user2402@yahoo.com,,Widget B,Online,7567.0,9,5,887118,False
2024-08-27 00:00:00,CUST03021,user4950@gmail.com,North,,Retail,4011.0,28,20,818271,False
2024-12-07 00:00:00,CUST02241,user4919@company.in,Central,Service Pack,Retail,19444.0,44,0,ORD-BUEMAW,True
2024-03-30 00:00:00,CUST06050,,West,Widget B,Retail,33107.0,33,15,ORD-AENONI,False
2024-10-20 00:00:00,CUST08907,user8404@gmail.com,South,,Online,17788.0,27,10,199397,False
2024-09-09 00:00:00,CUST09878,user8729@company.in,North,Service Pack,Retail,25718.0,41,20,712799,False
2024-05-22 00:00:00,CUST08035,user7813@outlook.com,East,Widget A,Online,5852.0,34,20,ORD-HKRKFA,False
2024-07-25 00:00:00,CUST04730,user5345@yahoo.com,South,,Online,21661.0,33,20,189844,True
2024-04-14 00:00:00,CUST07253,user7920@gmail.com,North,Gadget Pro,Partner,2653.0,20,20,852512,False
2024-05-18 00:00:00,CUST09542,user5922@company.in,North,Service Pack,Retail,41148.0,41,10,363922,False
2024-02-25 00:00:00,CUST09945,,South,Widget A,,36447.0,4,10,ORD-QNGEBD,False
2025-02-19 00:00:00,CUST05215,user6464@yahoo.com,Central,Gadget Pro,Retail,10873.0,49,15,719931,False
2024-08-03 00:00:00,CUST01090,user7909@yahoo.com,South,Gadget Pro,Partner,43164.0,46,15,612985,False
2024-11-28 00:00:00,CUST01782,user9898@company.in,,Premium Bundle,Partner,4899.0,30,15,376830,False
2024-08-11 00:00:00,CUST06455,user9785@company.in,West,,Online,2667334.0,32,10,574072,False
2024-02-17 00:00:00,CUST01188,user7745@yahoo.com,South,Premium Bundle,Partner,36678.0,37,0,737888,False
2024-09-22 00:00:00,CUST04592,user5646@company.in,North,Premium Bundle,Direct,7548.0,30,20,262675,False
2024-08-03 00:00:00,CUST09940,user9129@outlook.com,West,,Direct,3603.0,8,20,482920,False
2024-06-20 00:00:00,CUST03320,user6663@company.in,East,Widget A,Partner,38567.0,9,5,144846,False
2024-03-03 00:00:00,CUST09508,user1693@outlook.com,Central,Widget B,Partner,20031.0,24,15,447196,False
2024-03-01 00:00:00,CUST06476,user4327@outlook.com,,Widget A,Direct,1080.0,10,5,556298,False
2024-08-15 00:00:00,CUST08316,,South,Widget B,Online,14578.0,3,20,ORD-PTQNER,False
2024-04-07 00:00:00,CUST04032,user3684@outlook.com,West,Widget B,Retail,33705.0,24,5,568175,False
2024-03-09 00:00:00,CUST03672,,West,Service Pack,Retail,28535.0,20,20,264370,False
2024-11-04 00:00:00,CUST01941,user9149@outlook.com,South,Widget B,Retail,40672.0,29,20,218129,False
2024-11-04 00:00:00,CUST05016,user2475@gmail.com,Central,Widget A,Partner,33125.0,36,15,296978,False
2024-03-18 00:00:00,CUST09538,user1517@gmail.com,North,,Retail,30357.0,48,15,967859,False
2024-06-27 00:00:00,CUST05054,user6730@company.in,South,Gadget Pro,Retail,4960.0,24,0,297875,False
2024-10-24 00:00:00,CUST08407,user8195@gmail.com,South,Widget A,Partner,20438.0,26,10,120693,True
2024-11-12 00:00:00,CUST01237,user9486@outlook.com,South,Widget B,Partner,28393.0,32,10,606004,False
2025-03-16 00:00:00,CUST01851,user8432@company.in,North,Widget A,,34509.0,45,15,301114,False
2024-05-05 00:00:00,CUST05675,user2465@yahoo.com,,Gadget Pro,Online,19671.0,23,10,408757,False
2024-04-21 00:00:00,CUST03367,user9743@gmail.com,Central,Widget A,,26724.0,47,20,879245,False
2024-02-18 00:00:00,CUST05337,user9260@yahoo.com,East,Widget A,Partner,36325.0,26,0,142457,False
2025-01-25 00:00:00,CUST04481,user1372@company.in,East,Service Pack,,35219.0,5,0,337548,True
2024-03-13 11:00:00,CUST02289,user8285@yahoo.com,East,,Partner,942939.0,44,5,931308,False
2024-01-23 00:00:00,CUST01457,user5341@gmail.com,South,Gadget Pro,Partner,22189.0,39,0,198662,False
2024-07-26 00:00:00,CUST05977,user5494@gmail.com,South,Service Pack,Partner,33081.0,22,10,ORD-UMJSAC,False
2024-09-23 00:00:00,CUST04664,,East,Widget B,Online,31430.0,38,10,448678,False
2025-03-25 00:00:00,CUST03048,user4496@outlook.com,South,Service Pack,Retail,18708.0,24,10,710849,False
2024-10-07 00:00:00,CUST09642,user6432@outlook.com,,Widget B,Online,1324.0,31,20,129011,False
2024-03-13 00:00:00,CUST04557,user1417@outlook.com,,Gadget Pro,Online,46015.0,35,15,ORD-IOQJXT,False
2024-12-19 00:00:00,CUST03872,user2519@outlook.com,,Widget B,Direct,3165.0,40,10,422808,False
2024-05-14 00:00:00,CUST02410,user9128@outlook.com,East,Widget B,Retail,2616.0,48,20,756162,False
2024-08-05 00:00:00,CUST04822,user3068@outlook.com,North,Widget A,Online,12020.0,26,15,358702,False
2024-10-30 00:00:00,CUST07073,,East,,Retail,19252.0,34,5,304140,False
2025-01-10 00:00:00,CUST07325,user2572@yahoo.com,East,Widget B,Online,34042.0,30,15,899655,False
2025-03-02 00:00:00,CUST08217,user2582@company.in,,Widget B,Online,9277.0,23,20,842691,False
2024-09-05 00:00:00,CUST08657,user2479@outlook.com,East,Widget B,Partner,19552.0,33,5,577904,False
2024-04-27 00:00:00,CUST07298,user2530@yahoo.com,Central,Gadget Pro,Direct,18262.0,31,5,ORD-WQYKPK,False
2024-10-11 00:00:00,CUST05853,user3937@gmail.com,South,Widget A,,43869.0,3,5,656625,False
2025-03-10 00:00:00,CUST02759,user2210@outlook.com,,Widget A,Direct,10240.0,41,5,769953,True
2025-02-04 00:00:00,CUST06639,user3456@yahoo.com,East,Widget A,Online,14194.0,32,15,306906,False
2025-03-08 00:00:00,CUST02509,,West,,Online,1007.0,32,20,461766,False
2024-08-14 00:00:00,CUST08718,user9209@outlook.com,East,Widget A,Retail,20614.0,30,20,ORD-XGJAZS,False
2025-03-19 00:00:00,CUST07752,user2785@yahoo.com,Central,,,46193.0,27,20,477837,True
2024-01-24 00:00:00,CUST09395,user6555@company.in,North,Widget A,Direct,36804.0,44,10,632329,False
2024-01-26 00:00:00,CUST06640,,North,Gadget Pro,Online,3438.0,24,20,949178,False
2024-08-08 00:00:00,CUST06719,user4517@yahoo.com,North,Gadget Pro,Online,29347.0,10,5,213311,False
2025-01-29 00:00:00,CUST02607,user4850@gmail.com,North,Widget A,,7478.0,46,10,478152,False
2025-02-10 00:00:00,CUST04406,user9691@yahoo.com,Central,Widget B,Direct,49202.0,35,20,482031,False
2025-03-11 00:00:00,CUST04796,user1547@company.in,Central,Gadget Pro,Retail,45842.0,30,20,647298,False
2024-09-24 00:00:00,CUST07241,,North,Gadget Pro,Retail,24428.0,5,5,328675,True
2024-09-17 00:00:00,CUST07937,user3451@yahoo.com,Central,Gadget Pro,Online,30443.0,21,10,993534,False
2024-05-23 00:00:00,CUST02198,,North,Widget B,Direct,34047.0,25,10,212146,False
2024-02-02 00:00:00,CUST06939,user9328@yahoo.com,,Gadget Pro,Retail,44299.0,17,20,228870,False
2024-12-09 00:00:00,CUST01871,user7397@outlook.com,West,Widget A,Direct,15261.0,46,20,159974,False
2024-06-08 00:00:00,CUST07745,,Central,Premium Bundle,Direct,48998.0,37,15,573569,False
2024-03-17 00:00:00,CUST07037,user7437@company.in,East,Widget A,Direct,33388.0,49,0,886291,False
2024-07-07 00:00:00,CUST02600,user3496@yahoo.com,Central,Widget A,Partner,24667.0,38,15,106717,False
2024-12-26 00:00:00,CUST04690,user7286@outlook.com,,Widget A,Partner,41996.0,18,5,383230,False
2024-03-30 00:00:00,CUST07009,,North,Gadget Pro,Retail,48993.0,27,15,551897,False
2025-02-23 00:00:00,CUST06235,user4675@yahoo.com,North,Widget A,Retail,47739.0,23,10,933275,True
2024-09-21 00:00:00,CUST08273,user2489@company.in,South,Widget B,Direct,36133.0,22,5,ORD-FVXMMA,False
2024-06-13 00:00:00,CUST05294,user7288@yahoo.com,North,Widget A,Partner,45355.0,1,5,861605,False
2024-10-26 00:00:00,CUST02247,,Central,Gadget Pro,Online,21753.0,21,15,588643,False
2024-01-22 00:00:00,CUST09125,user3885@yahoo.com,North,Widget A,Retail,17719.0,25,0,991980,False
2024-06-17 00:00:00,CUST08994,user9791@gmail.com,North,Widget B,Partner,39444.0,1,20,472152,False
2024-07-16 00:00:00,CUST07921,user9238@yahoo.com,South,Premium Bundle,Partner,22348.0,25,15,687920,False
2024-04-03 00:00:00,CUST08970,,South,Widget A,Online,37054.0,34,15,128573,False
2024-07-13 00:00:00,CUST08705,,East,Widget B,Retail,770077.0,1,5,477435,False
2024-11-04 00:00:00,CUST02781,user3275@yahoo.com,West,Widget B,Partner,1519.0,25,15,840714,False
2025-02-12 00:00:00,CUST04323,user9673@company.in,East,Widget A,Online,11447.0,34,0,609757,False
2024-01-22 00:00:00,CUST09845,user9281@outlook.com,North,Widget B,Direct,6258.0,3,10,ORD-DELWXM,False
2024-09-22 00:00:00,CUST08156,user6680@company.in,Central,Widget B,Online,41597.0,48,0,253436,False
2024-03-13 09:00:00,CUST05515,user9851@company.in,East,,Retail,768907.0,47,0,834936,False
2024-06-24 00:00:00,CUST08120,user5914@yahoo.com,North,Widget B,Online,11462.0,48,0,918520,False
2024-10-28 00:00:00,CUST05147,user3938@company.in,Central,Widget A,Partner,44251.0,18,0,527910,True
2024-11-23 00:00:00,CUST09459,,North,,Retail,41396.0,2,0,635984,False
2024-03-12 10:00:00,CUST04624,,South,Widget B,Retail,1169917.0,27,15,787721,False
2024-03-07 00:00:00,CUST03946,,,Widget A,Direct,34995.0,45,20,474764,False
2024-05-03 00:00:00,CUST01971,user3831@company.in,East,Widget B,Retail,34988.0,46,10,201556,False
2024-10-14 00:00:00,CUST05706,user2276@yahoo.com,East,,,21391.0,31,20,697560,False
2024-03-12 03:00:00,CUST04238,user2481@yahoo.com,West,Widget A,Direct,1319910.0,37,0,546391,False
2025-01-08 00:00:00,CUST08741,,North,Gadget Pro,Partner,28667.0,12,20,972150,False
2024-03-10 00:00:00,CUST07640,user2100@company.in,East,Widget A,Online,14179.0,23,0,739998,True
2024-08-26 00:00:00,CUST05138,,Central,Widget B,Retail,18152.0,48,5,541881,True
2024-11-13 00:00:00,CUST04556,user6253@yahoo.com,,Widget A,Online,44309.0,1,10,496270,False
2025-02-10 00:00:00,CUST08221,user4839@yahoo.com,East,Service Pack,Direct,45590.0,18,5,106296,False
2025-02-10 00:00:00,CUST08738,user8821@outlook.com,,Service Pack,Retail,23472.0,39,5,325288,False
2024-09-06 00:00:00,CUST02381,,South,Widget B,Retail,29138.0,15,5,524526,False
2025-02-07 00:00:00,CUST07340,user6742@company.in,East,Widget B,Online,33335.0,3,10,460833,False
2024-04-12 00:00:00,CUST06206,user4813@yahoo.com,West,Widget B,Online,45495.0,40,20,141933,False
2024-03-24 00:00:00,CUST01584,user7319@outlook.com,West,Premium Bundle,Partner,47942.0,8,10,859088,False
2025-02-18 00:00:00,CUST04953,,North,Widget A,Retail,23349.0,19,10,807333,False
2024-10-29 00:00:00,CUST01607,,North,Service Pack,Online,37341.0,20,20,907140,False
2024-03-13 17:00:00,CUST03774,user8369@company.in,South,Widget A,Retail,669184.0,11,10,522321,False
2024-08-13 00:00:00,CUST08456,user3594@company.in,North,Gadget Pro,,779.0,41,15,131078,False
2024-03-15 00:00:00,CUST03019,user4532@outlook.com,South,Service Pack,Retail,42354.0,16,10,887523,False
2024-08-26 00:00:00,CUST07933,user9792@yahoo.com,East,Gadget Pro,Retail,36265.0,19,0,911322,False
2024-03-13 23:00:00,CUST03030,user4434@outlook.com,East,Widget B,Retail,1373395.0,13,10,540067,False
2024-09-05 00:00:00,CUST03277,user3321@company.in,,Gadget Pro,Partner,38533.0,34,10,237876,False
2025-01-18 00:00:00,CUST09493,user7046@outlook.com,,Widget A,,11105.0,29,15,495847,False
2024-02-18 00:00:00,CUST05804,user9464@yahoo.com,Central,Gadget Pro,Retail,40531.0,3,20,918970,False
2024-12-29 00:00:00,CUST08898,user9702@company.in,West,Gadget Pro,Online,3602.0,3,15,246529,True
2024-05-01 00:00:00,CUST09524,user7116@company.in,West,Widget A,Online,42096.0,6,10,555620,False
2024-01-01 00:00:00,CUST09729,,Central,Widget B,Retail,2359310.0,24,20,402001,False
2024-03-07 00:00:00,CUST07496,user2789@yahoo.com,North,Gadget Pro,,39174.0,16,0,135136,False
2024-12-22 00:00:00,CUST01844,user3932@gmail.com,North,Widget A,,9457.0,13,0,110702,False
2024-03-12 14:00:00,CUST03772,,South,Widget A,Partner,2871881.0,14,15,ORD-VCQAVJ,False
2024-10-20 00:00:00,CUST05001,user6542@gmail.com,,Widget A,Direct,9785.0,27,15,784370,False
2025-02-16 00:00:00,CUST04320,user8094@company.in,North,Gadget Pro,Direct,1198.0,34,0,231477,False
2025-01-04 00:00:00,CUST08624,user6617@yahoo.com,West,Widget B,Online,12848.0,30,0,352279,False
2024-02-26 00:00:00,CUST07072,user4860@outlook.com,,Gadget Pro,Direct,11529.0,3,15,312975,False
2024-06-30 00:00:00,CUST09429,,North,Widget A,Retail,9278.0,1,15,830296,False
2024-04-30 00:00:00,CUST03893,user9031@gmail.com,West,Widget A,Partner,36336.0,45,0,402097,False
2025-02-23 00:00:00,CUST09189,,Central,Gadget Pro,Direct,1385.0,20,10,750424,False
2024-02-28 00:00:00,CUST01620,user1854@outlook.com,West,,Online,28901.0,2,10,342989,False
2024-08-13 00:00:00,CUST07760,user9813@outlook.com,East,Gadget Pro,Online,28805.0,20,15,649463,False
2024-03-05 00:00:00,CUST07142,user7468@gmail.com,South,Gadget Pro,Direct,34461.0,14,10,108942,True
2024-06-17 00:00:00,CUST03963,user5712@company.in,,Widget A,Direct,6277.0,34,15,272841,False
2024-03-13 08:00:00,CUST08794,user8433@outlook.com,,Gadget Pro,Partner,1630107.0,30,15,377646,False
2025-03-04 00:00:00,CUST02208,,Central,Premium Bundle,,18369.0,22,5,424435,False
2024-10-04 00:00:00,CUST08151,user9239@outlook.com,East,Widget B,Direct,2324.0,18,20,890572,False
2024-09-06 00:00:00,CUST02451,user9108@outlook.com,South,Service Pack,Retail,28379.0,36,0,339669,False
2025-02-02 00:00:00,CUST06752,user3588@outlook.com,West,Widget A,,49578.0,30,10,343003,False
2024-03-25 00:00:00,CUST05838,user2690@company.in,East,Widget A,Partner,40058.0,18,0,836664,False
2024-09-22 00:00:00,CUST06677,user7415@gmail.com,East,Widget A,Retail,4864.0,24,15,141025,False
2024-05-20 00:00:00,CUST04733,user1726@company.in,East,Service Pack,Direct,15265.0,24,5,879725,False
2024-07-21 00:00:00,CUST06527,user7092@yahoo.com,Central,Service Pack,Partner,30495.0,9,0,412361,True
2024-10-26 00:00:00,CUST02147,user8842@outlook.com,,Widget B,Online,26274.0,40,5,966327,False
2024-03-16 00:00:00,CUST08589,,South,Widget B,Online,10804.0,13,15,364502,False
2024-11-23 00:00:00,CUST09648,user4906@outlook.com,,Widget B,Direct,7716.0,27,0,171160,False
2024-03-14 00:00:00,CUST04063,user1829@yahoo.com,,Service Pack,Direct,2089411.0,42,15,506364,False
2024-03-13 00:00:00,CUST09154,user1672@company.in,,Premium Bundle,Retail,20337.0,30,0,595971,False
2024-09-05 00:00:00,CUST09577,user2868@gmail.com,South,Widget A,Partner,21694.0,10,0,974895,False
2024-12-23 00:00:00,CUST02355,user4842@gmail.com,West,Gadget Pro,Online,42935.0,32,0,256201,False
2024-08-15 00:00:00,CUST06548,user8155@gmail.com,South,,Online,16412.0,4,0,ORD-QWSVYF,False
2024-10-09 00:00:00,CUST09715,,Central,Widget B,Retail,20252.0,15,10,409303,False
2025-01-13 00:00:00,CUST04969,user2354@outlook.com,North,Gadget Pro,Online,750316.0,2,0,554933,False
2024-12-02 00:00:00,CUST02234,,East,Widget A,Partner,8566.0,35,5,ORD-STMFKO,False
2025-02-07 00:00:00,CUST03209,user9564@gmail.com,,Widget A,Online,11133.0,25,5,ORD-QBNIOI,False
2024-04-25 00:00:00,CUST06489,user6090@company.in,North,Premium Bundle,Direct,36556.0,38,20,239747,True
2025-02-13 00:00:00,CUST07796,,West,Widget A,Partner,13164.0,21,5,778797,False
2024-04-13 00:00:00,CUST03793,user7266@company.in,North,Widget A,Retail,39894.0,30,10,922982,False
2024-03-10 00:00:00,CUST04168,,West,Gadget Pro,Direct,27851.0,27,15,ORD-ZPPNWW,True
2024-08-27 00:00:00,CUST09448,user2453@company.in,,Widget B,Direct,22717.0,48,20,484318,False
2024-12-07 00:00:00,CUST09031,user8517@yahoo.com,West,Service Pack,Direct,49342.0,4,5,377543,False
2025-02-13 00:00:00,CUST09745,user1744@company.in,North,Widget A,Partner,5277.0,4,5,993023,False
2025-03-09 00:00:00,CUST05545,user1990@outlook.com,,Widget A,Retail,33352.0,35,15,218362,False
2024-04-30 00:00:00,CUST04323,user2130@outlook.com,,Widget A,Online,31931.0,36,10,311162,False
2024-12-03 00:00:00,CUST07067,user6379@company.in,North,Widget B,Retail,47234.0,4,10,411068,False
2024-05-10 00:00:00,CUST04941,user4453@outlook.com,West,Service Pack,Online,8062.0,14,5,891762,False
2025-01-20 00:00:00,CUST08440,user1125@yahoo.com,South,Premium Bundle,Partner,26800.0,31,10,257576,True
2025-03-19 00:00:00,CUST07923,user7176@gmail.com,Central,Widget A,Direct,5552.0,28,0,734907,False
2024-07-03 00:00:00,CUST09351,user1567@yahoo.com,North,Service Pack,Online,42994.0,42,10,415112,False
2024-10-14 00:00:00,CUST03565,,South,Premium Bundle,Partner,7198.0,35,15,672524,False
2025-01-13 00:00:00,CUST05045,user3248@outlook.com,Central,Widget A,Partner,40686.0,28,10,757090,False
2024-05-18 00:00:00,CUST09867,user9095@yahoo.com,West,Gadget Pro,Retail,23826.0,20,15,174209,False
2024-09-28 00:00:00,CUST06493,user3306@yahoo.com,Central,Widget A,Direct,44015.0,29,5,642704,False
2024-05-28 00:00:00,CUST02269,user4951@company.in,Central,Widget B,Direct,6461.0,46,15,ORD-VPTFAG,False
2024-12-18 00:00:00,CUST01462,user8619@company.in,North,Service Pack,Online,35713.0,33,5,973781,False
2024-06-21 00:00:00,CUST06707,user6080@outlook.com,,Premium Bundle,Retail,21577.0,16,20,220300,False
2024-01-26 00:00:00,CUST08018,user5382@outlook.com,South,Gadget Pro,Retail,30169.0,16,20,614892,False
2024-02-10 00:00:00,CUST06628,user1043@outlook.com,Central,Widget B,Direct,29542.0,35,10,101687,True
2024-01-01 00:00:00,CUST03211,user1357@gmail.com,West,Widget A,Partner,25630.0,38,5,987471,False
2024-10-25 00:00:00,CUST03244,user5451@company.in,North,Widget B,,44380.0,2,5,970871,False
2024-06-26 00:00:00,CUST03889,user8267@gmail.com,East,Gadget Pro,Partner,37963.0,44,0,268858,False
2024-03-12 00:00:00,CUST04983,user7018@company.in,North,,,2087343.0,31,20,ORD-PXOKIA,True
2024-02-18 00:00:00,CUST06208,user2599@outlook.com,West,Widget A,,19416.0,13,20,452732,False
2024-04-28 00:00:00,CUST03110,user3780@gmail.com,North,Widget B,Partner,39972.0,21,15,951682,False
2024-01-09 00:00:00,CUST06118,user8715@outlook.com,North,Widget A,Direct,12539.0,15,5,590102,False
2024-03-03 00:00:00,CUST06639,user3254@gmail.com,,,Partner,28842.0,35,15,ORD-EPEDUI,False
2025-01-13 00:00:00,CUST09758,user3662@outlook.com,North,Widget B,Online,13515.0,12,10,237665,False
2024-05-05 00:00:00,CUST06902,user7105@company.in,,Widget A,Direct,29411.0,46,20,882105,False
2024-03-12 22:00:00,CUST06492,user5315@yahoo.com,North,Widget A,Retail,2529918.0,27,5,798713,False
2024-11-30 00:00:00,CUST04547,user1053@company.in,North,Widget B,Online,49191.0,28,0,680752,False
2024-05-27 00:00:00,CUST07123,user7484@company.in,East,Widget B,Partner,9039.0,17,20,514672,False
2024-03-01 00:00:00,CUST06640,user2226@outlook.com,West,Widget B,Partner,8376.0,5,20,614220,False
2024-03-08 00:00:00,CUST04297,,South,Widget A,Retail,2846515.0,20,5,126064,False
2024-04-17 00:00:00,CUST05788,user7163@outlook.com,West,Gadget Pro,Retail,32242.0,31,0,348676,False
2024-04-20 00:00:00,CUST03059,user1202@yahoo.com,East,,,18023.0,27,5,678192,False
2025-02-06 00:00:00,CUST02070,user2166@yahoo.com,Central,Premium Bundle,Partner,22102.0,3,15,534136,False
2024-07-23 00:00:00,CUST02037,user7689@gmail.com,North,Widget B,Retail,2380871.0,33,5,692449,False
2024-08-18 00:00:00,CUST01220,user5584@gmail.com,North,Service Pack,Retail,10207.0,4,15,525663,False
2024-04-15 00:00:00,CUST02804,user2425@outlook.com,South,Gadget Pro,Retail,35386.0,44,20,506715,False
2024-04-10 00:00:00,CUST09636,user6952@outlook.com,West,Widget B,Partner,15959.0,36,10,710371,False
2024-12-14 00:00:00,CUST02928,user9782@gmail.com,South,Widget A,Retail,8887.0,36,10,341855,False
2024-02-17 00:00:00,CUST04033,user9166@outlook.com,South,Gadget Pro,Retail,21925.0,28,5,ORD-HQLFWH,False
2024-01-08 00:00:00,CUST04968,user5525@outlook.com,West,Gadget Pro,Retail,29644.0,39,0,903676,False
2024-11-30 00:00:00,CUST05217,user2284@company.in,West,Widget A,Direct,1249556.0,1,5,ORD-MQEKME,False
2024-03-13 04:00:00,CUST06750,user8105@outlook.com,West,Widget A,Partner,2802203.0,1,20,372358,False
2024-12-24 00:00:00,CUST02705,,Central,Widget B,Retail,25272.0,6,10,254953,False
2024-04-20 00:00:00,CUST05913,user6138@gmail.com,North,Widget B,Online,15687.0,1,5,859316,True
2025-02-10 00:00:00,CUST08950,user4287@company.in,Central,Service Pack,Partner,12170.0,33,20,996002,False
2024-01-04 00:00:00,CUST07354,user9452@gmail.com,Central,Widget A,Retail,35012.0,36,0,249473,False
2024-03-04 00:00:00,CUST05206,user6530@company.in,Central,Widget A,Retail,27763.0,12,5,494688,False
2024-06-12 00:00:00,CUST04644,user2106@company.in,West,Widget A,Direct,27043.0,32,10,237289,False
2024-03-27 00:00:00,CUST02889,,South,Service Pack,Retail,24737.0,1,5,690894,False
2024-03-01 00:00:00,CUST08889,user3290@yahoo.com,East,Widget B,,45618.0,11,10,906504,False
2025-03-23 00:00:00,CUST05305,user8586@gmail.com,East,Widget A,Online,38678.0,16,15,113428,False
2025-01-02 00:00:00,CUST07787,,North,Widget A,,22690.0,12,0,ORD-IOEIFO,False
2024-07-15 00:00:00,CUST01825,user4770@yahoo.com,North,Widget A,Retail,33178.0,7,15,797531,True
2024-04-26 00:00:00,CUST01195,user3969@outlook.com,North,Gadget Pro,Partner,31369.0,42,15,590732,False
2024-10-03 00:00:00,CUST09429,user3880@gmail.com,North,Widget A,Direct,2483.0,1,15,749713,False
2024-11-15 00:00:00,CUST02811,user1212@company.in,,Service Pack,Partner,46669.0,4,10,485402,False
2024-01-03 00:00:00,CUST02615,user5415@gmail.com,West,Widget B,Online,17834.0,2,15,169288,False
2025-01-22 00:00:00,CUST06853,user2589@gmail.com,,Widget B,Online,43095.0,26,5,364246,False
2024-09-06 00:00:00,CUST05251,user9810@outlook.com,East,Widget B,Partner,4820.0,44,5,228979,False
2024-10-10 00:00:00,CUST02181,user2104@gmail.com,West,Widget B,Direct,20532.0,24,5,490533,False
2024-11-06 00:00:00,CUST07719,,East,Widget A,,31361.0,34,0,940053,False
2024-03-13 02:00:00,CUST08662,user3463@company.in,South,Widget A,Retail,2789169.0,21,0,107654,False
2025-01-15 00:00:00,CUST05905,user5843@company.in,West,Widget A,Online,38919.0,16,10,869562,False
2024-09-06 00:00:00,CUST02321,user2647@yahoo.com,East,,Direct,46619.0,22,5,277217,False
2024-02-08 00:00:00,CUST04906,,East,Widget B,,9874.0,2,10,741317,False
2024-11-06 00:00:00,CUST07719,,East,Widget A,,31361.0,34,0,940053,False
2024-09-13 00:00:00,CUST07968,user5825@yahoo.com,North,Gadget Pro,Partner,5085.0,48,15,201405,False
2024-09-11 00:00:00,CUST05279,,Central,Premium Bundle,Direct,1571.0,42,20,ORD-AJSGBS,False
2024-10-31 00:00:00,CUST08167,,Central,Widget A,Direct,42274.0,5,0,ORD-UDCYMA,False
2024-07-07 00:00:00,CUST09589,,Central,,Online,19970.0,4,0,947766,False
2024-02-19 00:00:00,CUST04982,user9128@gmail.com,North,,Direct,11469.0,35,15,430977,False
2025-02-20 00:00:00,CUST09011,,West,Premium Bundle,Online,5701.0,46,20,311697,False
2025-02-23 00:00:00,CUST04079,user8894@company.in,Central,Widget B,Partner,35202.0,2,15,680376,False
2024-05-21 00:00:00,CUST01996,user8314@gmail.com,,Widget B,Partner,43584.0,8,0,699914,False
2024-11-02 00:00:00,CUST03249,,East,,Direct,34313.0,39,20,288397,False
2024-09-14 00:00:00,CUST08390,user9728@outlook.com,West,Widget A,Partner,5196.0,19,0,927278,False
2024-11-04 00:00:00,CUST01538,user6933@outlook.com,East,Gadget Pro,Online,37046.0,31,10,396965,False
2024-05-20 00:00:00,CUST06965,user5562@outlook.com,,Gadget Pro,Direct,1482783.0,43,20,366655,False
2025-03-19 00:00:00,CUST03216,,South,Service Pack,Partner,19257.0,21,0,528675,False
2024-08-31 00:00:00,CUST04555,,Central,Service Pack,Retail,18746.0,1,10,175029,False
2024-03-12 14:00:00,CUST07343,user1356@outlook.com,,Widget A,Retail,2637198.0,38,10,466138,False
2024-08-29 00:00:00,CUST02567,,East,Service Pack,,17952.0,14,0,683516,False
2024-01-07 00:00:00,CUST02389,user1924@yahoo.com,North,Widget A,,2261981.0,19,5,166200,False
2024-09-30 00:00:00,CUST02975,user2189@company.in,Central,Widget B,,45026.0,39,5,867414,False
2024-02-15 00:00:00,CUST06456,user1157@company.in,East,Widget A,Direct,41628.0,27,10,809044,False
2024-03-10 00:00:00,CUST01270,user6514@company.in,North,Widget A,Retail,13453.0,8,0,122291,False
2024-06-01 00:00:00,CUST06012,user8933@gmail.com,North,Widget A,Direct,49885.0,38,20,846162,False
2024-08-15 00:00:00,CUST06548,user8155@gmail.com,South,,Online,16412.0,4,0,ORD-QWSVYF,False
2024-12-20 00:00:00,CUST03711,user8600@company.in,West,Gadget Pro,Partner,14047.0,34,5,834659,False
2024-11-15 00:00:00,CUST02811,user1212@company.in,,Service Pack,Partner,46669.0,4,10,485402,False
2024-01-17 00:00:00,CUST02511,user8933@company.in,North,Gadget Pro,Partner,40003.0,3,5,ORD-ODYOPL,False
2024-08-29 00:00:00,CUST06532,,Central,Widget A,Retail,7524.0,22,0,ORD-OQZSRJ,False
2024-02-29 00:00:00,CUST01084,user6383@outlook.com,North,Service Pack,Direct,22360.0,46,15,144358,False
2025-01-19 00:00:00,CUST04492,user9740@gmail.com,West,Widget B,,6198.0,5,5,460049,False
2024-02-02 00:00:00,CUST06939,user9328@yahoo.com,,Gadget Pro,Retail,44299.0,17,20,228870,False
2024-03-13 18:00:00,CUST03394,user5090@yahoo.com,South,Gadget Pro,Partner,1478174.0,4,10,430164,False
2024-07-22 00:00:00,CUST03701,user4216@company.in,East,Gadget Pro,Online,22559.0,40,0,445770,False
2024-01-19 00:00:00,CUST01347,user8365@outlook.com,South,Gadget Pro,Retail,42305.0,12,5,843180,False
2024-03-22 00:00:00,CUST02813,user2940@outlook.com,North,Widget B,Direct,41912.0,30,0,ORD-YOCOOH,False
2024-07-20 00:00:00,CUST04528,user8550@yahoo.com,Central,Service Pack,Direct,15614.0,11,5,307287,False
2024-03-13 00:00:00,CUST05324,user4652@gmail.com,,Premium Bundle,Retail,9465.0,49,15,103325,False
2025-03-01 00:00:00,CUST02645,user9011@company.in,East,Widget B,Partner,2401.0,17,15,855878,False
2024-10-23 00:00:00,CUST04052,user4029@company.in,Central,Premium Bundle,Online,2793.0,1,10,502249,False
2024-03-08 00:00:00,CUST04948,user8916@outlook.com,West,Gadget Pro,Online,33728.0,46,15,ORD-HTPOJJ,False
2024-02-13 00:00:00,CUST07596,user9423@yahoo.com,South,Widget B,Direct,23120.0,36,15,712042,False
2024-04-29 00:00:00,CUST09963,user6238@gmail.com,East,Widget B,Direct,39642.0,6,15,105725,False
2025-03-19 00:00:00,CUST01363,user3956@company.in,West,Widget B,Direct,39587.0,32,20,822648,False
2024-10-04 00:00:00,CUST02461,user5835@yahoo.com,Central,Widget B,Partner,4055.0,7,15,459669,False
2024-10-12 00:00:00,CUST09418,user3868@gmail.com,North,Gadget Pro,Retail,9997.0,33,20,ORD-PVSKYO,False
2024-02-23 00:00:00,CUST09125,user6759@outlook.com,,Widget A,Direct,2205.0,36,20,599966,False
2024-04-19 00:00:00,CUST08743,user1194@gmail.com,South,Widget A,Direct,31799.0,22,5,685489,False
2025-01-19 00:00:00,CUST02827,user9095@outlook.com,East,Widget B,,36506.0,28,15,932825,False
2024-11-12 00:00:00,CUST02727,user2865@yahoo.com,West,Gadget Pro,Online,1194292.0,15,15,229082,False
2024-08-12 00:00:00,CUST07429,user9797@company.in,South,Service Pack,Partner,2229380.0,12,15,122637,False
2024-09-22 00:00:00,CUST08156,user6680@company.in,Central,Widget B,Online,41597.0,48,0,253436,False
2024-09-13 00:00:00,CUST05740,user3595@outlook.com,North,Widget B,Retail,25247.0,5,0,540681,False
2025-01-28 00:00:00,CUST07559,user6993@company.in,North,Widget B,Online,23015.0,6,20,ORD-IPLDQP,False
2024-08-04 00:00:00,CUST05191,user8354@company.in,Central,Widget A,Retail,2324.0,1,0,ORD-IMWIIU,False
2025-01-28 00:00:00,CUST07559,user6993@company.in,North,Widget B,Online,23015.0,6,20,ORD-IPLDQP,False
2024-02-08 00:00:00,CUST08902,user7171@company.in,West,Widget A,Online,7041.0,49,0,758096,False
2024-07-24 00:00:00,CUST02385,,,Widget A,Online,47917.0,30,15,108715,False
2024-07-25 00:00:00,CUST09192,user8454@company.in,East,Widget B,Online,42908.0,4,15,527521,False
2024-08-15 00:00:00,CUST03026,user3526@outlook.com,,Widget A,Partner,49068.0,35,15,801084,False
2024-05-25 00:00:00,CUST09856,,Central,Widget A,Partner,26647.0,42,10,406509,False
2024-08-06 00:00:00,CUST04179,,,Widget B,Online,1769535.0,26,20,574578,False
2024-11-09 00:00:00,CUST03098,user4644@yahoo.com,South,Service Pack,Online,11040.0,10,10,938531,True
2024-05-06 00:00:00,CUST07724,user3541@company.in,Central,Widget B,Direct,35065.0,39,20,277073,False
2025-01-14 00:00:00,CUST04111,user2140@yahoo.com,South,Service Pack,Online,32485.0,38,5,308300,True
2024-04-07 00:00:00,CUST01601,user5215@yahoo.com,East,Widget A,Retail,45861.0,15,5,736630,False
2024-06-03 00:00:00,CUST03297,user5395@gmail.com,North,Widget A,Direct,23511.0,26,20,809250,False
2025-01-12 00:00:00,CUST07475,user1711@outlook.com,East,Widget A,Online,28870.0,25,10,364942,False
2024-09-18 00:00:00,CUST08438,user9824@outlook.com,North,Widget A,,39460.0,5,5,783934,False
2024-11-13 00:00:00,CUST05750,user3580@outlook.com,North,Widget B,Retail,47119.0,34,0,244159,False
2025-02-26 00:00:00,CUST08488,user5941@gmail.com,North,Widget A,Online,38390.0,11,15,915916,False
2024-04-23 00:00:00,CUST08223,user9123@yahoo.com,South,Widget A,Direct,25696.0,46,10,920486,False
2024-01-12 00:00:00,CUST07790,user7274@yahoo.com,East,,Direct,27315.0,18,20,260234,False
2024-08-14 00:00:00,CUST04411,,South,Gadget Pro,Retail,42213.0,11,20,929373,False
2024-10-20 00:00:00,CUST06833,user8834@yahoo.com,North,Widget B,Direct,38230.0,37,20,605931,False
2024-02-29 00:00:00,CUST09671,user2079@company.in,East,Widget A,Partner,19757.0,6,10,806525,False
2024-04-12 00:00:00,CUST02594,,East,Widget B,Online,48393.0,20,10,307955,False
2024-09-07 00:00:00,CUST05538,user8790@company.in,West,Premium Bundle,Partner,4817.0,49,15,921634,False
2025-01-15 00:00:00,CUST02022,user3273@outlook.com,,Widget A,Online,36283.0,19,5,ORD-QCSSZP,False
2024-07-16 00:00:00,CUST07783,user8863@outlook.com,South,Gadget Pro,Direct,17285.0,16,20,268490,False
2024-01-05 00:00:00,CUST01641,user1359@yahoo.com,North,Service Pack,Partner,691.0,14,0,350756,False
2024-07-10 00:00:00,CUST08840,,West,Widget B,Partner,28819.0,34,10,522825,False
2024-11-27 00:00:00,CUST02037,user5011@outlook.com,Central,Gadget Pro,Online,49055.0,45,5,575932,False
2024-06-02 00:00:00,CUST08855,user4070@outlook.com,South,Widget B,Direct,18664.0,35,10,548618,False
2024-10-30 00:00:00,CUST04444,user8620@company.in,South,Widget A,Direct,39077.0,34,0,ORD-UFSUKJ,False
2024-06-25 00:00:00,CUST09443,user1144@gmail.com,North,Widget B,Retail,35493.0,41,15,786728,False
2024-04-16 00:00:00,CUST04079,user4138@yahoo.com,North,Widget A,,21570.0,10,5,509711,False
2024-08-29 00:00:00,CUST06196,,East,Premium Bundle,Retail,8423.0,5,15,321611,False
2024-03-12 09:00:00,CUST05757,,West,Widget A,Retail,2568773.0,19,10,112755,False
2024-08-22 00:00:00,CUST08929,user5616@outlook.com,West,Premium Bundle,Direct,4540.0,19,10,223564,False
2024-09-27 00:00:00,CUST07844,user6642@outlook.com,East,Service Pack,Online,8760.0,41,20,843115,False
2024-02-16 00:00:00,CUST02685,user5537@gmail.com,West,Widget B,Online,26210.0,40,10,286611,False
2024-05-10 00:00:00,CUST04549,user1841@company.in,,,Direct,25435.0,48,0,284529,False
2024-06-13 00:00:00,CUST01346,,North,Widget A,Partner,15913.0,22,10,994542,False
2024-04-15 00:00:00,CUST09422,user5616@yahoo.com,Central,Gadget Pro,Online,26726.0,5,15,153907,False
2024-05-15 00:00:00,CUST06587,user9185@gmail.com,West,Widget B,,26493.0,20,10,837972,False
2025-01-15 00:00:00,CUST06837,,West,Widget A,Online,22604.0,9,15,863578,False
2025-01-09 00:00:00,CUST07006,user1964@yahoo.com,North,Widget B,Online,2419309.0,1,10,214674,False
2024-01-28 00:00:00,CUST07760,,East,Gadget Pro,Online,34717.0,34,15,442728,True
2024-08-26 00:00:00,CUST07789,user3200@company.in,,,,6408.0,45,5,701156,False
2024-11-01 00:00:00,CUST07757,user2796@yahoo.com,North,Widget B,Online,29949.0,19,0,967680,False
2024-03-22 00:00:00,CUST01242,user8484@company.in,East,Premium Bundle,Retail,38459.0,26,0,583369,False
2025-01-18 00:00:00,CUST03127,user5728@gmail.com,North,Gadget Pro,Retail,44062.0,33,5,116574,False
2024-03-12 19:00:00,CUST05407,user3647@outlook.com,Central,Widget A,Retail,2873407.0,49,5,617092,False
2024-08-10 00:00:00,CUST02939,,North,Widget B,Partner,31265.0,3,5,772911,False
2024-05-29 00:00:00,CUST07695,user8307@yahoo.com,East,Widget B,Partner,27301.0,34,5,444336,False
2025-01-31 00:00:00,CUST09880,,Central,Widget A,Retail,34883.0,10,20,482047,False
2024-02-26 00:00:00,CUST07072,user4860@outlook.com,,Gadget Pro,Direct,11529.0,3,15,312975,False
2024-12-25 00:00:00,CUST02834,user6279@yahoo.com,Central,Premium Bundle,Online,9621.0,39,20,933691,False
2024-12-08 00:00:00,CUST08293,user9393@company.in,South,Gadget Pro,Partner,8946.0,21,5,101211,False
2024-03-12 12:00:00,CUST01696,user6228@yahoo.com,Central,Premium Bundle,Retail,2819153.0,45,0,593742,False
2024-02-21 00:00:00,CUST07294,user7086@gmail.com,North,Widget A,Online,30990.0,17,5,409437,False
2024-09-07 00:00:00,CUST03166,user3390@gmail.com,West,Widget A,Online,19485.0,5,5,949536,False
2024-08-13 00:00:00,CUST05107,,,Service Pack,Partner,16742.0,9,20,907530,False
2024-09-27 00:00:00,CUST03164,user3875@outlook.com,,Widget B,Direct,8855.0,6,0,638658,False
2024-06-26 00:00:00,CUST05781,user4641@yahoo.com,Central,Widget B,Direct,5047.0,2,10,147120,False
2024-06-30 00:00:00,CUST04153,user1474@yahoo.com,North,Gadget Pro,Direct,6927.0,7,20,234749,False
2024-03-09 00:00:00,CUST03161,user6753@outlook.com,Central,Widget A,Online,24252.0,4,5,665708,False
2025-02-09 00:00:00,CUST06635,,South,Gadget Pro,Online,48956.0,20,20,898848,False
2024-03-04 00:00:00,CUST05206,user6530@company.in,Central,Widget A,Retail,27763.0,12,5,494688,False
2025-02-09 00:00:00,CUST09134,user8341@gmail.com,East,Widget A,Partner,20841.0,20,5,827502,False
2024-03-13 15:00:00,CUST01943,,South,Widget A,Retail,2474439.0,23,5,661477,False
2024-07-26 00:00:00,CUST09123,user4972@gmail.com,,Gadget Pro,Direct,14113.0,22,15,796598,False
2024-06-17 00:00:00,CUST04231,user9689@gmail.com,West,Gadget Pro,Online,11356.0,31,15,440595,False
2025-02-15 00:00:00,CUST01777,user2124@yahoo.com,,Widget A,Partner,37968.0,25,15,637264,False
2025-03-22 00:00:00,CUST03945,user3444@company.in,Central,Service Pack,Direct,9828.0,39,0,334011,False
2024-11-11 00:00:00,CUST03238,user5341@gmail.com,North,Gadget Pro,Direct,44475.0,27,0,966140,False
2024-04-13 00:00:00,CUST01335,user3911@gmail.com,,Gadget Pro,Direct,39579.0,49,15,538830,True
2024-12-16 00:00:00,CUST02244,user5649@company.in,North,Widget A,Retail,13890.0,42,10,563391,False
2024-01-05 00:00:00,CUST06180,user4366@gmail.com,North,Gadget Pro,Direct,23016.0,16,0,192081,False
2024-03-13 10:00:00,CUST08874,user2494@outlook.com,West,Premium Bundle,Online,2835278.0,9,5,847797,False
2024-03-14 00:00:00,CUST07731,user9743@company.in,Central,Widget A,Partner,41220.0,30,0,373632,False
2024-10-10 00:00:00,CUST06659,user5933@company.in,Central,Gadget Pro,Partner,48214.0,6,10,447918,False
2024-12-16 00:00:00,CUST02930,user8242@outlook.com,West,Premium Bundle,Online,1868130.0,16,20,225142,False
2024-06-15 00:00:00,CUST08066,user5992@yahoo.com,East,Service Pack,Retail,20256.0,36,20,835981,False
2024-10-19 00:00:00,CUST02006,user9890@outlook.com,South,Widget B,,835.0,27,5,133425,False
2024-03-08 00:00:00,CUST04948,user8916@outlook.com,West,Gadget Pro,Online,33728.0,46,15,ORD-HTPOJJ,False
2024-08-19 00:00:00,CUST09901,user3009@yahoo.com,North,Widget A,Retail,18123.0,34,10,594852,False
2024-03-12 00:00:00,CUST07907,,South,Widget B,Partner,46734.0,40,15,114647,False
2024-03-11 00:00:00,CUST07016,,South,Widget A,Partner,22286.0,19,15,813399,False
2024-06-02 00:00:00,CUST03320,user9992@outlook.com,North,Premium Bundle,Partner,47275.0,9,15,472158,False
2024-02-23 00:00:00,CUST05589,user4937@outlook.com,South,Widget A,Partner,19176.0,16,0,ORD-CMVHJO,False
2024-02-25 00:00:00,CUST06076,user2644@outlook.com,Central,Gadget Pro,Partner,35921.0,25,15,216634,False
2025-01-08 00:00:00,CUST08246,user9408@gmail.com,,Widget B,Partner,17582.0,20,20,799690,False
2024-09-28 00:00:00,CUST05899,user9288@company.in,South,Widget B,Online,17849.0,4,10,474861,True
2024-05-22 00:00:00,CUST03770,,East,Premium Bundle,Direct,45524.0,47,5,369969,False
2025-02-18 00:00:00,CUST07476,user2421@outlook.com,East,Widget A,Online,19224.0,33,0,799228,False
2024-03-20 00:00:00,CUST04912,user2695@company.in,,Gadget Pro,Retail,29500.0,33,10,786868,False
2024-07-30 00:00:00,CUST09988,user2929@outlook.com,West,Gadget Pro,Retail,39707.0,38,5,ORD-HLPGGE,False
2024-05-31 00:00:00,CUST01395,user6039@company.in,East,Widget A,Online,2379.0,34,20,673661,False
2024-04-12 00:00:00,CUST08205,,North,Service Pack,Retail,38621.0,35,15,330893,False
2024-05-20 00:00:00,CUST09505,user4401@outlook.com,West,Widget A,Direct,32919.0,36,0,469907,False
2024-10-07 00:00:00,CUST06571,user3114@outlook.com,Central,,Partner,36491.0,33,0,877089,False
2024-09-03 00:00:00,CUST08209,,North,Widget B,Partner,22553.0,13,5,207775,False
2024-12-26 00:00:00,CUST02634,user4214@company.in,North,Service Pack,Partner,13030.0,49,5,ORD-XHMTAR,False
2024-05-07 00:00:00,CUST09678,user9094@gmail.com,North,Premium Bundle,Direct,47990.0,1,0,445130,False
2024-05-01 00:00:00,CUST04497,user1693@company.in,South,Widget A,Retail,25208.0,45,20,769905,False
2024-03-13 09:00:00,CUST07838,,West,Widget A,Partner,1760453.0,17,5,489431,False
2024-05-21 00:00:00,CUST07628,user3218@outlook.com,West,,Direct,48240.0,24,0,340575,False
2025-01-12 00:00:00,CUST06307,,South,Gadget Pro,Direct,30343.0,16,0,315749,False
2024-07-16 00:00:00,CUST08841,user1717@yahoo.com,West,Widget B,Direct,2844795.0,14,20,613957,False
2024-02-05 00:00:00,CUST03769,user2343@outlook.com,South,Widget B,Direct,7607.0,29,15,552820,False
2024-03-27 00:00:00,CUST01569,user3363@yahoo.com,Central,Gadget Pro,Direct,8126.0,41,10,790909,False
2024-08-14 00:00:00,CUST04825,user1742@outlook.com,North,Gadget Pro,Direct,22467.0,3,0,881852,False
2024-03-12 20:00:00,CUST04310,user2330@yahoo.com,West,,Retail,1947597.0,45,0,376792,False
2024-08-28 00:00:00,CUST01079,,West,Service Pack,Retail,35137.0,17,5,522763,False
2025-03-07 00:00:00,CUST04506,user4509@company.in,,Service Pack,Direct,25094.0,37,20,ORD-BDVIJN,False
2024-09-16 00:00:00,CUST04712,user2654@company.in,North,Widget B,Retail,5594.0,36,20,885281,False
2024-02-08 00:00:00,CUST02699,user2916@yahoo.com,West,Service Pack,Partner,45143.0,42,5,515435,False
2024-09-21 00:00:00,CUST07476,user4590@yahoo.com,North,Widget B,Retail,13731.0,16,15,ORD-YCNUUP,False
2025-01-28 00:00:00,CUST09294,user8478@gmail.com,South,Service Pack,Partner,40315.0,38,0,790176,False
2025-03-18 00:00:00,CUST07306,user3584@outlook.com,Central,Widget B,Retail,5078.0,34,5,354717,False
2024-01-24 00:00:00,CUST04688,user9303@outlook.com,South,Gadget Pro,Partner,46114.0,39,5,159329,False
2025-03-07 00:00:00,CUST07503,user2181@yahoo.com,East,Gadget Pro,Direct,20057.0,6,20,ORD-ESCTGQ,False
2024-06-04 00:00:00,CUST03654,user8758@gmail.com,South,Service Pack,Partner,36898.0,21,20,522199,False
2024-08-04 00:00:00,CUST02398,user7738@outlook.com,East,,Retail,33303.0,20,5,603599,False
2024-08-31 00:00:00,CUST06078,user7852@yahoo.com,East,Widget B,Retail,2401149.0,15,0,898760,False
2025-02-27 00:00:00,CUST05274,user2890@company.in,North,Widget A,Direct,11128.0,39,10,861609,False
2024-11-25 00:00:00,CUST09940,user3897@company.in,South,Service Pack,Direct,2426.0,38,5,294433,False
2024-08-23 00:00:00,CUST01215,user4637@outlook.com,North,Widget A,Retail,19524.0,24,20,920946,False
2024-03-31 00:00:00,CUST04056,user5272@outlook.com,West,,Online,10970.0,34,5,147962,False
2024-02-26 00:00:00,CUST02382,user1404@company.in,,Service Pack,Retail,35652.0,46,5,940944,True
2024-08-24 00:00:00,CUST05470,user5557@gmail.com,North,Widget A,Online,37568.0,3,0,712914,False
2024-10-06 00:00:00,CUST02668,user4438@company.in,South,Gadget Pro,Partner,2635448.0,25,10,695393,False
2024-05-25 00:00:00,CUST02813,user8859@outlook.com,East,Gadget Pro,Retail,13727.0,22,15,770058,False
2024-09-06 00:00:00,CUST09915,user5807@yahoo.com,Central,Premium Bundle,,47973.0,46,10,241391,False
2024-06-01 00:00:00,CUST09809,user3815@outlook.com,East,Service Pack,Direct,36267.0,11,15,150508,False
2024-03-31 00:00:00,CUST03475,user7566@outlook.com,West,Gadget Pro,Online,2657537.0,24,0,195871,False
2024-10-12 00:00:00,CUST03884,user6147@yahoo.com,North,Premium Bundle,Retail,19150.0,39,15,781345,False
2024-01-17 00:00:00,CUST05345,user5949@outlook.com,North,Widget B,Partner,1860409.0,46,5,143119,False
2024-03-12 06:00:00,CUST06869,user2976@yahoo.com,North,Widget A,Partner,2619976.0,43,10,706541,False
2024-07-04 00:00:00,CUST07722,user3826@company.in,East,Widget A,Direct,3233.0,11,0,ORD-CIMMXS,False
2024-11-18 00:00:00,CUST06828,user6514@gmail.com,South,Gadget Pro,Direct,6394.0,44,5,550145,False
2025-02-23 00:00:00,CUST01551,user3320@gmail.com,East,Widget B,Online,41939.0,37,0,ORD-MJPZCS,False
2024-05-02 00:00:00,CUST04510,user2193@outlook.com,North,Widget A,Online,28625.0,44,5,801157,False
2024-06-26 00:00:00,CUST02144,user1645@outlook.com,West,Widget B,,15252.0,35,10,194641,False
2024-03-03 00:00:00,CUST09259,user7102@outlook.com,Central,Premium Bundle,Retail,13203.0,44,10,331477,False
2024-03-12 19:00:00,CUST04629,user2354@gmail.com,West,,Online,610594.0,33,0,293876,False
2025-01-15 00:00:00,CUST01780,user3610@outlook.com,South,Gadget Pro,Retail,36830.0,13,20,ORD-DEOOWD,False
2025-01-31 00:00:00,CUST07227,user1536@company.in,,Widget B,Direct,44908.0,30,15,992914,True
2024-12-16 00:00:00,CUST07507,user3549@yahoo.com,South,Widget A,Retail,45438.0,39,10,729128,False
2024-02-09 00:00:00,CUST08343,user6143@gmail.com,West,Widget B,Partner,17104.0,19,15,814313,True
2024-09-01 00:00:00,CUST09427,,North,Premium Bundle,Retail,39716.0,20,0,ORD-WBQCZQ,False
2024-02-12 00:00:00,CUST01283,user9767@gmail.com,North,Widget A,Online,22617.0,22,20,541705,False
2024-08-10 00:00:00,CUST05969,user8999@yahoo.com,West,Widget A,Retail,49888.0,5,15,638350,False
2024-04-07 00:00:00,CUST07884,,West,Widget B,Retail,35787.0,15,10,296873,False
2024-11-02 00:00:00,CUST02152,user7580@outlook.com,South,Widget A,Online,35638.0,6,20,ORD-EHKICR,False
2024-02-26 00:00:00,CUST04984,user8007@gmail.com,North,Premium Bundle,,20286.0,2,15,ORD-RBKQUV,False
2024-08-15 00:00:00,CUST04767,user9318@company.in,Central,Widget B,Direct,31356.0,8,15,658383,False
2024-07-19 00:00:00,CUST02112,user5571@company.in,North,Widget A,Online,9071.0,5,5,525680,False
2024-01-09 00:00:00,CUST02585,user4770@company.in,North,Widget A,Direct,24361.0,32,15,272134,False
2024-08-16 00:00:00,CUST01048,user9199@yahoo.com,South,Widget B,Partner,20152.0,37,5,ORD-HJBRZG,False
2024-05-23 00:00:00,CUST02738,user3430@gmail.com,Central,Gadget Pro,Online,19924.0,11,10,443127,False
2024-12-02 00:00:00,CUST05089,user9117@company.in,East,Widget A,Online,15677.0,26,20,469446,False
2025-02-06 00:00:00,CUST09722,user3535@outlook.com,North,Widget B,Retail,43343.0,4,0,131794,False
2024-08-27 00:00:00,CUST07606,user8765@yahoo.com,Central,Widget A,Direct,45203.0,45,10,522058,True
2024-12-17 00:00:00,CUST03485,user2735@gmail.com,West,Widget A,Online,49288.0,46,10,722787,False
2024-03-21 00:00:00,CUST04724,user9866@gmail.com,North,Widget A,,34550.0,30,15,373648,False
2024-01-11 00:00:00,CUST05866,user3053@company.in,South,Gadget Pro,Retail,40627.0,40,10,953958,False
2024-03-13 08:00:00,CUST04134,user8417@company.in,North,Widget A,Online,886711.0,12,0,138281,False
2025-01-17 00:00:00,CUST06391,user4570@gmail.com,East,Service Pack,Partner,18657.0,5,15,832171,False
2024-11-28 00:00:00,CUST07790,user9880@gmail.com,North,,Online,2030.0,10,20,103674,False
2024-09-25 00:00:00,CUST02933,user9586@yahoo.com,East,Gadget Pro,Retail,21885.0,26,15,583726,False
2024-07-18 00:00:00,CUST04067,user2442@yahoo.com,West,Premium Bundle,Retail,4997.0,18,20,916706,True
2024-05-04 00:00:00,CUST09661,user9666@gmail.com,West,Widget A,Online,39230.0,32,15,308567,False
2024-01-20 00:00:00,CUST01412,user4435@company.in,South,Gadget Pro,Online,3042.0,37,10,380840,False
2024-08-11 00:00:00,CUST04970,user7291@company.in,South,Premium Bundle,,48201.0,26,5,867899,False
2024-11-08 00:00:00,CUST07820,user5891@outlook.com,North,Widget A,,25955.0,6,20,960096,False
2024-07-18 00:00:00,CUST04574,user5264@outlook.com,,Service Pack,,38582.0,33,5,454472,False
2024-10-14 00:00:00,CUST07019,user3878@yahoo.com,East,Widget A,Direct,39459.0,49,20,448733,False
2024-08-22 00:00:00,CUST08211,user9548@company.in,North,Widget B,Retail,38308.0,6,20,ORD-BCEFGV,False
2024-12-15 00:00:00,CUST06097,user5375@yahoo.com,West,Gadget Pro,Partner,19027.0,11,5,680006,False
2024-12-11 00:00:00,CUST03744,user4510@yahoo.com,West,Widget A,Direct,5398.0,25,15,199373,False
2024-03-08 00:00:00,CUST02522,user1621@gmail.com,South,Gadget Pro,Partner,47132.0,10,10,943242,False
2024-01-03 00:00:00,CUST05174,,North,,Direct,38556.0,8,0,ORD-GKZZYY,False
2024-09-06 00:00:00,CUST09784,user3144@company.in,West,Gadget Pro,Direct,40605.0,31,15,375525,True
2024-08-27 00:00:00,CUST03828,user2524@company.in,West,Widget B,Partner,42423.0,36,5,552253,False
2024-03-13 06:00:00,CUST08515,user1732@gmail.com,East,Widget A,Direct,2459043.0,19,10,885245,False
2024-04-18 00:00:00,CUST06221,user4657@yahoo.com,,Widget B,Retail,3084.0,16,20,966468,False
2024-05-12 00:00:00,CUST05268,user5778@company.in,West,Widget A,Online,47556.0,3,10,684609,False
2024-03-12 16:00:00,CUST08113,user2298@gmail.com,North,Widget A,Direct,2153872.0,18,10,818131,False
2024-08-01 00:00:00,CUST09831,user7284@yahoo.com,Central,Service Pack,Retail,13583.0,44,5,173087,False
2024-09-22 00:00:00,CUST09789,user9837@gmail.com,Central,Service Pack,Retail,15815.0,34,15,229671,False
2024-03-13 19:00:00,CUST01613,user3725@outlook.com,West,,Retail,647851.0,48,20,778269,False
2024-12-18 00:00:00,CUST09510,,Central,,Partner,6118.0,46,15,461182,False
2024-07-02 00:00:00,CUST09468,user2045@company.in,Central,Widget A,Retail,30193.0,4,20,457934,False
2024-03-12 10:00:00,CUST09741,user9674@company.in,Central,Widget A,Direct,2024496.0,35,5,ORD-LJIFTV,False
2024-02-12 00:00:00,CUST09912,user8172@gmail.com,North,Widget A,Retail,16584.0,11,0,446516,False
2025-01-08 00:00:00,CUST08407,user9751@yahoo.com,,Widget B,Partner,36037.0,16,5,748571,False
2025-02-27 00:00:00,CUST09152,user5934@outlook.com,West,Widget A,Partner,41965.0,4,15,808122,False
2024-03-13 15:00:00,CUST01943,,South,Widget A,Retail,2474439.0,23,5,661477,False
2024-11-21 00:00:00,CUST01212,user4700@company.in,South,Widget A,Partner,13272.0,25,20,601647,False
2024-12-12 00:00:00,CUST02009,user7861@yahoo.com,West,Widget A,Direct,14538.0,20,20,286194,False
2024-07-09 00:00:00,CUST05698,user3730@outlook.com,East,Widget B,Direct,24192.0,44,15,397718,False
2024-03-18 00:00:00,CUST05021,user4471@yahoo.com,West,Widget A,Direct,17301.0,44,20,731671,False
2024-03-04 00:00:00,CUST01237,,East,Service Pack,Retail,1547.0,2,10,724877,False
2025-01-31 00:00:00,CUST02592,user6857@outlook.com,South,Gadget Pro,Online,32966.0,47,20,363546,False
2024-11-27 00:00:00,CUST02378,user6574@company.in,North,Premium Bundle,Partner,41873.0,3,10,717176,False
2024-01-25 00:00:00,CUST06633,,,Widget B,Partner,23897.0,8,15,759490,False
2024-02-10 00:00:00,CUST07704,user5371@yahoo.com,South,Gadget Pro,Direct,37959.0,47,20,ORD-PPICCZ,False
2024-12-23 00:00:00,CUST01213,user3223@outlook.com,West,Premium Bundle,Online,48755.0,23,15,765311,False
2024-05-26 00:00:00,CUST07627,user4909@gmail.com,Central,Widget A,Direct,11627.0,46,10,279792,False
2024-01-02 00:00:00,CUST03001,user2425@outlook.com,South,Widget B,Online,7080.0,19,15,816228,False
2024-01-20 00:00:00,CUST08204,user7824@company.in,Central,Widget A,Retail,12376.0,43,0,643781,False
2024-03-19 00:00:00,CUST01011,user7455@gmail.com,North,Premium Bundle,Online,22025.0,18,20,939050,False
2024-01-03 00:00:00,CUST05109,user5012@outlook.com,North,Widget B,Partner,6826.0,5,5,749204,False
2024-06-05 00:00:00,CUST05852,user2127@yahoo.com,West,Gadget Pro,Partner,1245.0,22,20,123003,False
2024-12-11 00:00:00,CUST07970,user7971@company.in,Central,Widget B,Direct,8690.0,36,0,596844,False
2024-05-23 00:00:00,CUST03887,user5190@gmail.com,South,Gadget Pro,Retail,38972.0,37,0,ORD-SUOWFU,False
2024-04-22 00:00:00,CUST02998,user7274@yahoo.com,East,Widget B,Retail,10142.0,22,0,985828,True
2024-07-31 00:00:00,CUST09783,user2556@gmail.com,South,Service Pack,Online,45498.0,4,15,687062,False
2024-03-12 23:00:00,CUST01279,,East,Widget A,Retail,1718793.0,36,10,878964,False
2024-07-15 00:00:00,CUST04600,,West,Service Pack,Online,35536.0,40,0,239304,False
2024-04-04 00:00:00,CUST04735,user4629@outlook.com,Central,,Direct,26429.0,42,5,ORD-LXXWCI,False
2024-03-15 00:00:00,CUST08254,user1046@company.in,East,Widget B,Direct,3202.0,43,20,176205,False
2024-11-20 00:00:00,CUST04609,,Central,Widget A,Retail,35322.0,48,10,935835,False
2024-03-13 03:00:00,CUST04390,user8349@gmail.com,South,Gadget Pro,Partner,2368834.0,8,0,197928,False
2024-03-09 00:00:00,CUST06567,user3637@yahoo.com,North,Service Pack,Retail,38531.0,42,5,979724,False
2024-12-24 00:00:00,CUST06129,user2676@gmail.com,East,Gadget Pro,Direct,13806.0,32,10,ORD-ROCKJE,False
2024-04-13 00:00:00,CUST08407,user9779@yahoo.com,Central,Gadget Pro,Retail,28750.0,34,5,ORD-AIZYHT,False
2024-02-10 00:00:00,CUST04423,user6301@gmail.com,North,Widget B,,15014.0,24,0,372804,False
2024-12-15 00:00:00,CUST02871,user4519@yahoo.com,East,Widget A,Direct,16334.0,15,0,ORD-DAQDXR,False
2025-02-18 00:00:00,CUST05557,,Central,Gadget Pro,Retail,13705.0,11,10,191453,False
2024-03-11 00:00:00,CUST08762,user2195@gmail.com,North,,Retail,35120.0,14,20,961202,True
2024-06-11 00:00:00,CUST02969,user6967@outlook.com,North,Service Pack,Online,24204.0,26,20,870219,False
2024-01-23 00:00:00,CUST04523,,West,Widget B,Partner,39971.0,4,5,613098,False
2025-03-14 00:00:00,CUST06299,user8822@yahoo.com,South,Gadget Pro,Partner,40871.0,7,20,ORD-MTJUXV,False
2025-01-25 00:00:00,CUST01966,user4626@gmail.com,West,Widget B,Online,2796861.0,41,20,235788,False
2024-03-02 00:00:00,CUST03751,user8826@gmail.com,West,Widget A,Retail,49600.0,35,0,609872,False
2024-07-10 00:00:00,CUST03233,user6005@yahoo.com,North,Widget A,Direct,40087.0,3,20,294614,False
2024-05-27 00:00:00,CUST01049,user8205@gmail.com,Central,Premium Bundle,,19947.0,19,10,707844,False
2024-07-16 00:00:00,CUST05123,user2679@gmail.com,West,Widget A,Online,45127.0,25,5,368116,False
2024-05-14 00:00:00,CUST08619,,North,Widget B,Direct,38932.0,29,20,542825,False
2024-09-25 00:00:00,CUST07115,user7951@company.in,East,Gadget Pro,Online,19005.0,43,10,109963,False
2025-01-21 00:00:00,CUST02161,user1488@gmail.com,Central,Widget A,Partner,30133.0,22,10,369379,False
2024-09-03 00:00:00,CUST06811,user3573@gmail.com,West,Premium Bundle,Partner,34222.0,31,10,568159,False
2024-09-23 00:00:00,CUST06262,user8504@gmail.com,North,Widget A,Online,12351.0,21,15,833945,False
2024-09-03 00:00:00,CUST03606,,North,Gadget Pro,Partner,38967.0,43,15,595436,False
2024-11-13 00:00:00,CUST02145,user1844@company.in,,Widget A,Direct,4812.0,34,10,946861,False
2024-03-28 00:00:00,CUST09607,user2041@outlook.com,South,Premium Bundle,Online,29790.0,23,0,756074,True
2024-02-12 00:00:00,CUST05072,,South,Widget B,Partner,32337.0,3,0,850599,False
2024-02-01 00:00:00,CUST08166,user5911@outlook.com,East,Service Pack,Retail,17358.0,27,20,637729,False
2024-01-14 00:00:00,CUST08223,user1971@company.in,North,,Retail,35162.0,18,10,348037,False
2024-09-19 00:00:00,CUST02066,user8353@outlook.com,Central,Premium Bundle,Retail,7492.0,37,0,637199,False
2024-02-07 00:00:00,CUST09859,,,Gadget Pro,Partner,19419.0,18,15,122105,False
2024-07-26 00:00:00,CUST09296,user1462@company.in,West,Gadget Pro,Online,28489.0,29,0,451307,False
2025-02-13 00:00:00,CUST07877,user9938@company.in,South,Widget A,,26705.0,32,0,888259,False
2024-10-25 00:00:00,CUST06417,user4079@outlook.com,South,Widget A,Online,13026.0,10,5,ORD-CXTOCU,False
2024-09-04 00:00:00,CUST08078,user1266@gmail.com,West,Service Pack,Partner,8769.0,22,5,642816,False
2024-07-29 00:00:00,CUST02889,user2874@yahoo.com,East,Widget B,Direct,13842.0,19,10,382720,False
2024-11-26 00:00:00,CUST07973,user2381@yahoo.com,South,Premium Bundle,Retail,10971.0,32,15,167773,False
2025-01-06 00:00:00,CUST05328,,South,Gadget Pro,Retail,14670.0,33,15,336310,False
2024-04-19 00:00:00,CUST03040,user1282@gmail.com,South,Widget A,Partner,43258.0,27,20,319448,False
2024-12-23 00:00:00,CUST06464,user3712@outlook.com,,Widget A,Partner,2482216.0,17,20,567666,False
2025-02-27 00:00:00,CUST05274,user2890@company.in,North,Widget A,Direct,11128.0,39,10,861609,False
2024-07-06 00:00:00,CUST04136,user6654@company.in,Central,Gadget Pro,Retail,47117.0,47,5,614003,False
2024-05-24 00:00:00,CUST03750,user3578@company.in,South,Widget A,Direct,2126.0,40,5,594557,False
2025-01-19 00:00:00,CUST03021,user2037@outlook.com,East,Gadget Pro,Partner,39773.0,13,10,597753,False
2024-03-15 00:00:00,CUST01935,user8033@outlook.com,North,Gadget Pro,Retail,28144.0,31,20,124073,False
2024-01-02 00:00:00,CUST04015,user2343@company.in,North,Widget B,Retail,24217.0,41,0,485941,False
2025-01-30 00:00:00,CUST09291,user4965@company.in,West,Widget A,Partner,798583.0,10,20,107992,False
2024-09-17 00:00:00,CUST09395,user8251@outlook.com,North,Widget A,,26801.0,26,10,999362,False
2024-12-26 00:00:00,CUST01879,user7965@gmail.com,North,Widget B,,45791.0,10,5,525702,True
2025-02-16 00:00:00,CUST06456,user3274@company.in,East,Widget B,Retail,27945.0,4,15,203588,False
2024-10-13 00:00:00,CUST08717,user3496@company.in,South,,Direct,13722.0,33,0,608528,False
2024-08-19 00:00:00,CUST07600,user7168@company.in,North,Widget B,Direct,16696.0,32,15,966812,False
2025-02-11 00:00:00,CUST07525,user6947@company.in,East,Widget A,Retail,23067.0,13,0,818749,False
2024-12-17 00:00:00,CUST01655,user5741@gmail.com,East,Service Pack,Direct,29731.0,4,20,948828,False
2025-03-22 00:00:00,CUST04262,user3200@company.in,South,Widget B,Retail,30794.0,12,0,ORD-BOZNCS,False
2024-07-24 00:00:00,CUST03933,,West,Gadget Pro,Retail,18539.0,46,5,986943,False
2025-01-30 00:00:00,CUST03574,user2988@yahoo.com,Central,Gadget Pro,Partner,1177.0,35,5,997100,False
2024-01-23 00:00:00,CUST05213,,East,Widget A,Online,16694.0,44,20,180203,False
2024-11-11 00:00:00,CUST06899,user6413@gmail.com,South,Premium Bundle,,4722.0,42,20,659516,False
2024-01-22 00:00:00,CUST02905,user4584@gmail.com,South,Premium Bundle,Direct,13108.0,39,15,487789,False
2024-08-11 00:00:00,CUST01953,,North,,Retail,13844.0,45,15,520039,False
2024-06-27 00:00:00,CUST01316,,South,Widget B,Retail,27776.0,27,20,384484,False
2024-07-27 00:00:00,CUST04093,user5835@company.in,West,Service Pack,Retail,23416.0,12,0,ORD-CRMPQK,False
2024-12-13 00:00:00,CUST06345,user8521@outlook.com,West,Widget B,Partner,34967.0,11,15,ORD-GGHOOF,False
2024-09-01 00:00:00,CUST04236,,West,Widget A,Partner,29008.0,41,15,562042,False
2024-03-07 00:00:00,CUST09575,user1507@outlook.com,South,Widget B,Partner,45904.0,41,0,363291,False
2024-08-23 00:00:00,CUST05620,user8996@company.in,Central,Widget B,Direct,10736.0,43,5,851354,False
2024-04-10 00:00:00,CUST09655,user5632@outlook.com,East,Gadget Pro,Direct,42091.0,23,0,425732,False
2024-08-22 00:00:00,CUST07663,user2978@outlook.com,North,,,4334.0,46,0,ORD-BJENCM,False
2024-02-21 00:00:00,CUST01765,user1793@gmail.com,,,Retail,39028.0,18,0,275572,False
2024-03-13 08:00:00,CUST02020,user8546@company.in,South,,Online,772911.0,4,5,297510,False
2024-08-07 00:00:00,CUST07591,,West,Widget A,Online,39066.0,45,5,772629,False
2024-03-13 11:00:00,CUST05707,user6067@yahoo.com,West,Widget B,Retail,2138888.0,36,5,439483,False
2024-10-05 00:00:00,CUST07414,user8317@gmail.com,East,Widget A,Retail,10423.0,9,15,661784,False
2025-03-12 00:00:00,CUST07088,user4996@yahoo.com,East,,Retail,17345.0,29,15,372969,False
2024-03-12 18:00:00,CUST05827,,West,Widget B,Partner,673267.0,35,10,777896,False
2024-02-22 00:00:00,CUST07836,user5334@yahoo.com,,Gadget Pro,Retail,19563.0,42,15,226142,False
2024-04-12 00:00:00,CUST04960,user9479@outlook.com,North,Gadget Pro,Online,44407.0,47,20,519966,False
2025-01-05 00:00:00,CUST09549,user8428@company.in,,,Partner,36048.0,3,15,261717,False
2024-01-09 00:00:00,CUST01646,user2075@company.in,North,Widget B,Partner,10739.0,13,15,936225,False
2024-05-19 00:00:00,CUST03915,,North,Gadget Pro,Online,27560.0,27,15,544749,False
2024-02-22 00:00:00,CUST06567,user5193@yahoo.com,West,,Partner,44906.0,20,20,927052,False
2024-01-20 00:00:00,CUST04296,user6573@gmail.com,East,Service Pack,Online,12927.0,48,15,507025,False
2024-12-22 00:00:00,CUST02359,user2684@yahoo.com,West,Widget A,Partner,33532.0,6,5,775631,False
2024-01-05 00:00:00,CUST06128,user7209@company.in,,Premium Bundle,Retail,4500.0,11,5,231037,False
2024-04-16 00:00:00,CUST06217,user6221@gmail.com,North,Widget B,Direct,16978.0,24,5,698967,False
2024-09-28 00:00:00,CUST09290,user2887@outlook.com,East,,Online,6612.0,10,0,275529,True
2024-11-09 00:00:00,CUST02370,user9279@gmail.com,North,,Online,26664.0,25,20,877864,False
2025-02-17 00:00:00,CUST01567,user2213@outlook.com,East,Widget B,Online,574357.0,24,20,806950,False
2024-03-12 05:00:00,CUST07372,user7821@outlook.com,North,,Retail,2417120.0,44,15,734268,False
2025-03-09 00:00:00,CUST05092,,Central,Widget A,Direct,24790.0,34,15,822255,False
2025-02-05 00:00:00,CUST05782,,East,Widget A,Direct,24393.0,49,0,ORD-XMQCNE,False
2024-03-21 00:00:00,CUST03075,user3785@yahoo.com,,Widget A,Direct,27576.0,45,15,ORD-WOHETN,False
2024-12-17 00:00:00,CUST07892,user2528@yahoo.com,West,Gadget Pro,Direct,49363.0,13,0,903359,False
2024-03-15 00:00:00,CUST05537,user4697@outlook.com,North,,Retail,18240.0,20,5,ORD-XORDKX,False
2025-01-11 00:00:00,CUST05033,user8692@company.in,South,Gadget Pro,Partner,13769.0,3,20,886317,False
2024-05-18 00:00:00,CUST05285,user3267@yahoo.com,South,Widget B,Retail,15027.0,46,20,473867,False
2024-07-21 00:00:00,CUST02041,user1400@gmail.com,East,Widget A,Direct,32250.0,47,5,354337,False
2024-05-28 00:00:00,CUST07870,user8381@outlook.com,West,Widget B,Direct,30576.0,2,5,ORD-TWQJQI,False
2024-08-24 00:00:00,CUST05617,user3909@outlook.com,North,Widget A,Online,18351.0,25,15,424590,False
2024-10-01 00:00:00,CUST02066,user3329@company.in,West,Widget A,Partner,21335.0,23,20,672888,False
2025-01-06 00:00:00,CUST05813,user7521@company.in,Central,Premium Bundle,Direct,19800.0,1,20,955889,True
2025-01-10 00:00:00,CUST02572,,North,Gadget Pro,Online,14545.0,31,15,ORD-PUOEWL,False
2024-03-12 03:00:00,CUST07522,user6953@gmail.com,South,Widget A,Partner,774047.0,26,10,ORD-ZDDUWX,False
2024-02-15 00:00:00,CUST02563,user2923@yahoo.com,North,Widget B,,36896.0,14,20,993041,False
2024-04-15 00:00:00,CUST05066,,South,Widget B,Direct,1408.0,11,10,328624,True
2024-05-06 00:00:00,CUST01600,,East,Service Pack,Online,21247.0,17,20,ORD-GMRIZT,True
2025-01-06 00:00:00,CUST04610,user3001@outlook.com,East,,Online,41420.0,35,0,479917,False
2024-01-09 00:00:00,CUST09445,user9540@outlook.com,North,,Retail,29517.0,25,15,655748,False
2024-12-12 00:00:00,CUST05069,user6179@yahoo.com,South,Widget A,Partner,24468.0,4,10,991215,False
2024-11-02 00:00:00,CUST02116,user3971@gmail.com,,Widget B,Online,40866.0,31,10,666549,False
2024-05-08 00:00:00,CUST02532,user9850@company.in,North,Widget B,Online,16358.0,6,15,133956,False
2024-03-07 00:00:00,CUST02650,user2072@yahoo.com,,Widget A,Direct,29070.0,40,5,175760,False
2024-03-01 00:00:00,CUST06063,user9394@gmail.com,,Gadget Pro,Retail,33154.0,2,20,624156,False
2024-05-08 00:00:00,CUST08081,user5546@gmail.com,Central,Gadget Pro,Retail,2069.0,10,0,840732,True
2024-07-29 00:00:00,CUST06233,user7236@outlook.com,,Premium Bundle,Direct,17145.0,16,20,205466,False
2024-02-15 00:00:00,CUST01382,user3381@gmail.com,South,Widget A,Retail,31331.0,23,5,743454,False
2025-02-19 00:00:00,CUST09047,user9317@gmail.com,,Premium Bundle,Retail,40625.0,4,10,786764,False
2025-02-26 00:00:00,CUST03881,user9280@yahoo.com,West,Service Pack,Online,28453.0,18,0,649187,False
2025-01-13 00:00:00,CUST08244,,East,Service Pack,Direct,8127.0,3,15,ORD-OCLUDI,False
2024-08-14 00:00:00,CUST03166,user5634@outlook.com,Central,,Retail,14661.0,18,20,401644,False
2025-02-07 00:00:00,CUST09217,,East,Widget A,Online,21477.0,46,0,837973,False
2024-08-23 00:00:00,CUST03928,user9328@yahoo.com,West,Gadget Pro,Online,11211.0,20,0,651565,False
2024-05-04 00:00:00,CUST07867,,South,Widget A,,30317.0,6,20,407712,False
2024-01-04 00:00:00,CUST09935,user9115@gmail.com,South,Widget A,Online,24624.0,35,15,646599,False
2024-12-02 00:00:00,CUST02875,user8381@outlook.com,North,Gadget Pro,Retail,16592.0,22,10,577068,False
2024-01-24 00:00:00,CUST06928,user1430@company.in,North,Premium Bundle,Direct,13721.0,15,0,296556,False
2024-12-14 00:00:00,CUST08723,user1152@gmail.com,South,Service Pack,Direct,32032.0,27,10,709186,False
2024-01-24 00:00:00,CUST04476,user3589@outlook.com,North,Gadget Pro,Direct,25072.0,48,10,553380,False
2024-08-19 00:00:00,CUST09991,user6890@gmail.com,North,Widget A,Retail,21170.0,42,20,593026,False
2024-05-13 00:00:00,CUST08933,user5612@company.in,West,Gadget Pro,Retail,18456.0,38,5,538008,False
2024-05-04 00:00:00,CUST03529,,East,Widget B,Retail,4191.0,16,0,596287,False
2024-11-11 00:00:00,CUST07716,user5339@yahoo.com,East,Widget A,Partner,25629.0,42,20,596324,False
2024-09-11 00:00:00,CUST03295,user5033@gmail.com,,Widget A,Online,14030.0,38,20,142794,False
2024-07-24 00:00:00,CUST05089,user4443@outlook.com,South,Gadget Pro,Partner,41524.0,12,0,612381,False
2024-03-13 02:00:00,CUST04250,user9669@company.in,East,Widget B,Direct,1502753.0,27,15,107107,False
2024-01-25 00:00:00,CUST04577,,,Widget A,Partner,1541.0,28,10,305706,False
2024-02-04 00:00:00,CUST03973,user4946@gmail.com,South,,Direct,1547499.0,23,15,ORD-VHNEJA,False
2024-11-10 00:00:00,CUST06411,user6277@yahoo.com,,Gadget Pro,Partner,1660017.0,22,10,935407,False
2024-03-14 00:00:00,CUST08653,user2458@gmail.com,North,Widget B,Partner,35453.0,17,0,175921,False
2024-11-09 00:00:00,CUST06802,user1452@gmail.com,,,Online,28902.0,29,10,ORD-WLFNHD,False
2024-01-14 00:00:00,CUST01209,user3170@company.in,West,Service Pack,Retail,21637.0,43,10,813304,False
2024-03-12 20:00:00,CUST02816,user1272@company.in,South,Service Pack,Direct,2151697.0,32,5,ORD-XPWNTC,False
2024-03-12 15:00:00,CUST08840,user4048@outlook.com,,Widget A,Online,2315343.0,17,0,ORD-DZAZHD,False
2024-02-10 00:00:00,CUST05674,user8491@company.in,Central,Widget B,Retail,44187.0,29,0,503306,True
2025-02-27 00:00:00,CUST08444,user6539@gmail.com,South,,Retail,6107.0,30,20,877346,True
2025-03-18 00:00:00,CUST02407,user4641@company.in,,Premium Bundle,Retail,45582.0,12,10,910009,False
2024-03-29 00:00:00,CUST04001,,East,Gadget Pro,Direct,3460.0,6,15,264664,False
2024-01-25 00:00:00,CUST09736,user9619@gmail.com,South,Widget A,Retail,43071.0,17,20,524788,False
2025-03-18 00:00:00,CUST02350,user2681@outlook.com,East,Service Pack,Partner,45073.0,40,15,214915,False
2024-10-18 00:00:00,CUST08399,,East,Widget A,Partner,49998.0,11,20,610657,False
2025-01-01 00:00:00,CUST09313,user6794@outlook.com,South,Widget A,Partner,39848.0,12,15,792766,False
2024-12-20 00:00:00,CUST02401,user1096@company.in,South,Widget A,Direct,11273.0,20,10,773929,False
2024-05-21 00:00:00,CUST07961,user5708@yahoo.com,North,Widget B,Online,39770.0,16,0,ORD-ZPRREU,False
2025-02-10 00:00:00,CUST04625,user4568@outlook.com,South,Widget B,Direct,49699.0,11,10,925029,False
2024-10-28 00:00:00,CUST07519,user5061@yahoo.com,West,Widget A,,49969.0,19,10,611200,False
2024-03-12 05:00:00,CUST03220,user7401@gmail.com,West,Service Pack,Direct,1708352.0,30,5,205282,False
2024-11-03 00:00:00,CUST08744,user6559@gmail.com,East,Gadget Pro,Retail,25745.0,37,0,341466,False
2024-12-17 00:00:00,CUST09717,,North,,Online,16404.0,32,20,122831,False
2024-05-30 00:00:00,CUST02696,user6780@yahoo.com,East,Widget A,Partner,45734.0,3,15,544336,False
2024-03-13 16:00:00,CUST08190,user5240@gmail.com,South,Widget A,Retail,986521.0,21,5,144859,False
2024-12-28 00:00:00,CUST02549,user8579@yahoo.com,West,Gadget Pro,Online,16895.0,18,15,171045,False
2024-07-14 00:00:00,CUST05053,user9229@company.in,,Gadget Pro,Retail,44932.0,29,10,640944,False
2024-11-04 00:00:00,CUST07268,user4470@yahoo.com,South,,Online,40409.0,14,10,377012,False
2024-03-12 09:00:00,CUST05058,,Central,Widget A,Retail,2947455.0,25,15,704694,False
2025-03-07 00:00:00,CUST06458,user5286@company.in,,Service Pack,Retail,47761.0,28,5,930416,False
2024-10-20 00:00:00,CUST06925,user6038@gmail.com,South,Widget A,Partner,38571.0,10,20,985339,False
2025-01-04 00:00:00,CUST08568,user1370@company.in,South,Service Pack,Partner,43783.0,39,0,834573,False
2024-04-24 00:00:00,CUST08643,,North,Premium Bundle,Online,18074.0,46,20,636363,False
2025-01-03 00:00:00,CUST04403,user3316@gmail.com,South,Widget B,Direct,44861.0,34,5,881404,False
2024-08-20 00:00:00,CUST01703,user2506@company.in,South,Gadget Pro,Partner,13189.0,38,0,ORD-NLEWDG,False
2024-09-19 00:00:00,CUST01165,user8091@outlook.com,South,Widget B,Retail,924262.0,21,5,121410,False
2025-03-03 00:00:00,CUST04279,user6438@company.in,North,Premium Bundle,,30999.0,1,15,308001,False
2024-12-20 00:00:00,CUST04853,user5054@gmail.com,East,Widget A,Direct,44997.0,18,10,884175,False
2025-02-05 00:00:00,CUST09600,,West,,Direct,19774.0,4,20,484222,False
2024-11-19 00:00:00,CUST08115,user5681@yahoo.com,Central,Widget A,Online,34656.0,2,15,762622,False
2024-11-10 00:00:00,CUST04617,user1076@gmail.com,,Gadget Pro,,15865.0,2,20,157946,False
2024-06-05 00:00:00,CUST07549,user5133@gmail.com,East,Service Pack,Retail,21406.0,33,10,768554,False
2024-06-02 00:00:00,CUST09255,user5102@gmail.com,,Widget B,Retail,7694.0,35,0,227045,False
2024-06-03 00:00:00,CUST01510,user8035@company.in,East,,Partner,10690.0,43,20,205675,False
2024-03-03 00:00:00,CUST05878,user1958@gmail.com,North,Service Pack,Direct,29409.0,48,0,ORD-JVFZLK,False
2024-08-27 00:00:00,CUST03021,user4950@gmail.com,North,,Retail,4011.0,28,20,818271,False
2024-02-12 00:00:00,CUST02688,user2335@yahoo.com,East,Widget A,Retail,32297.0,14,5,755067,False
2024-01-19 00:00:00,CUST04811,,South,Service Pack,Online,14896.0,34,20,ORD-YUOEIX,False
2024-08-27 00:00:00,CUST04833,,South,Gadget Pro,Retail,17000.0,37,15,808969,True
2025-03-18 00:00:00,CUST09835,,South,Widget A,Partner,18149.0,32,20,647399,False
2025-02-08 00:00:00,CUST02461,,Central,Widget A,,16707.0,3,10,181841,False
2024-09-06 00:00:00,CUST07102,,South,Widget B,Online,19386.0,18,0,113851,False
2025-02-28 00:00:00,CUST07384,user8520@company.in,West,Service Pack,Partner,46249.0,40,15,436602,False
2024-01-02 00:00:00,CUST02722,user4012@gmail.com,Central,Widget B,Retail,19126.0,11,0,351386,False
2024-03-13 14:00:00,CUST08002,user2612@gmail.com,East,Gadget Pro,Partner,919316.0,17,5,470024,False
2024-08-20 00:00:00,CUST04902,user2337@company.in,East,Widget B,Online,1341.0,28,15,ORD-SYQLLV,True
2025-03-07 00:00:00,CUST06071,,West,Widget B,Online,20261.0,22,20,454890,False
2024-03-13 09:00:00,CUST05040,user6615@outlook.com,South,Widget A,Online,2724832.0,17,10,ORD-IRUEJV,False
2024-02-10 00:00:00,CUST08902,user2824@gmail.com,West,Gadget Pro,Partner,20294.0,44,10,939171,False
2024-12-25 00:00:00,CUST08706,user2659@company.in,South,Gadget Pro,Direct,27259.0,14,15,672465,False
2024-07-30 00:00:00,CUST02177,user9285@outlook.com,North,Widget A,Direct,44268.0,1,15,750402,True
2025-02-27 00:00:00,CUST09106,user9777@company.in,,Widget B,Direct,31957.0,49,10,102195,False
2024-04-18 00:00:00,CUST09259,user5308@gmail.com,West,Widget A,Online,8422.0,20,15,946121,False
2024-03-13 00:00:00,CUST03923,user1117@gmail.com,,Gadget Pro,Direct,1448.0,45,10,119850,False
2025-03-15 00:00:00,CUST03681,user8570@gmail.com,East,,Direct,566.0,25,10,949580,False
2024-09-18 00:00:00,CUST09658,user2388@company.in,East,Widget A,Retail,1994.0,18,5,253145,False
2024-12-04 00:00:00,CUST06300,,,Widget A,Direct,20890.0,22,20,714951,False
2024-04-17 00:00:00,CUST07548,,East,,Direct,46811.0,23,0,966525,False
2024-10-20 00:00:00,CUST06945,user2293@outlook.com,North,Gadget Pro,Online,11953.0,11,0,836949,False
2025-02-13 00:00:00,CUST07101,,South,Premium Bundle,Retail,12742.0,16,10,342482,False
2024-10-13 00:00:00,CUST05849,,East,Service Pack,Online,31193.0,19,0,662725,False
2025-02-01 00:00:00,CUST04443,user7305@yahoo.com,South,Widget B,Direct,47691.0,10,0,ORD-TLDNEA,False
2025-01-30 00:00:00,CUST08262,user1879@gmail.com,Central,,Direct,16067.0,9,15,986339,False
2024-08-12 00:00:00,CUST04455,user1472@yahoo.com,West,Widget B,Retail,44010.0,49,15,ORD-DVHIUH,False
2024-10-22 00:00:00,CUST05057,user5671@gmail.com,,Widget B,,9682.0,3,0,767218,True
2024-01-01 00:00:00,CUST09625,,West,Widget A,Online,45587.0,30,15,ORD-NNJFUK,False
2024-05-15 00:00:00,CUST05932,user7203@outlook.com,East,Gadget Pro,Online,8107.0,29,15,947108,False
2024-12-24 00:00:00,CUST08839,user2604@gmail.com,East,Premium Bundle,Online,26869.0,42,10,956972,False
2024-07-19 00:00:00,CUST06742,user6517@yahoo.com,,Service Pack,Retail,18270.0,32,5,800868,False
2024-04-20 00:00:00,CUST09330,user7349@outlook.com,West,Gadget Pro,Direct,12919.0,29,5,157587,False
2024-11-02 00:00:00,CUST04257,user3034@yahoo.com,East,Widget A,Retail,8440.0,44,0,ORD-NIARJC,False
2024-08-16 00:00:00,CUST02879,user7370@gmail.com,Central,,Partner,27639.0,42,15,ORD-JHZZHB,False
2024-06-13 00:00:00,CUST02345,user3504@company.in,East,Widget A,Online,30322.0,28,0,805613,False
2024-10-29 00:00:00,CUST03292,user7786@outlook.com,North,Gadget Pro,Partner,26647.0,37,15,283414,False
2024-03-13 18:00:00,CUST02026,user6658@outlook.com,West,Service Pack,Retail,2381321.0,32,15,157772,False
2025-01-19 00:00:00,CUST05698,user6234@yahoo.com,East,,Retail,21666.0,36,20,508741,False
2024-03-12 10:00:00,CUST07668,user3733@outlook.com,North,,Partner,519301.0,15,20,ORD-WSHCWJ,False
2024-04-01 00:00:00,CUST04804,,North,Widget A,Retail,29427.0,22,10,ORD-NXRVPE,False
2025-01-19 00:00:00,CUST04995,user2891@gmail.com,Central,Widget A,Online,15527.0,13,10,510610,False
2024-03-12 14:00:00,CUST03081,user5026@outlook.com,East,Premium Bundle,Partner,2514935.0,17,10,ORD-ZVKQVI,False
2024-06-17 00:00:00,CUST04586,user7594@company.in,South,Widget A,Partner,13399.0,39,15,624524,False
2024-10-24 00:00:00,CUST01881,user9740@yahoo.com,North,Gadget Pro,Online,19896.0,26,20,935184,False
2025-02-23 00:00:00,CUST05061,,Central,,Online,6971.0,14,20,ORD-OCLEGX,False
2024-04-18 00:00:00,CUST04535,user5557@yahoo.com,North,,Online,13907.0,1,0,984848,False
2024-03-12 19:00:00,CUST07139,user4281@company.in,Central,,Online,581087.0,39,15,865164,False
2024-12-09 00:00:00,CUST03187,user4613@company.in,West,,Direct,39430.0,12,5,225379,False
2024-01-17 00:00:00,CUST06779,user8389@gmail.com,North,Widget A,Direct,44403.0,37,0,396003,True
2025-02-27 00:00:00,CUST02768,user4652@outlook.com,West,Service Pack,Online,40914.0,12,0,ORD-UQLYGR,False
2024-03-13 08:00:00,CUST04134,user8417@company.in,North,Widget A,Online,886711.0,12,0,138281,False
2024-02-12 00:00:00,CUST06689,user4611@outlook.com,West,Gadget Pro,Online,44563.0,10,5,715583,False
2024-03-13 03:00:00,CUST02547,user8269@yahoo.com,,Widget A,Partner,892414.0,9,15,845493,False
2024-08-02 00:00:00,CUST07573,user3626@company.in,North,Widget A,Direct,6284.0,8,0,453281,False
2024-03-06 00:00:00,CUST07174,,East,Widget A,Online,23212.0,37,5,921188,False
2024-07-20 00:00:00,CUST06066,user7329@outlook.com,East,Gadget Pro,Partner,36821.0,26,20,ORD-OVJKHW,False
2024-03-09 00:00:00,CUST08854,user6403@outlook.com,North,,Online,39900.0,42,0,155088,False
2025-03-04 00:00:00,CUST02824,,East,Widget A,Direct,49028.0,42,10,ORD-TMAKDX,False
2024-06-16 00:00:00,CUST02148,user4125@gmail.com,Central,Gadget Pro,Retail,36802.0,47,10,327893,False
2024-04-21 00:00:00,CUST04806,user5735@yahoo.com,North,Widget B,Retail,37158.0,38,0,181298,False
2024-07-28 00:00:00,CUST05174,user5748@company.in,West,Widget A,Direct,42024.0,24,15,422242,False
2024-02-09 00:00:00,CUST01765,user7199@company.in,Central,Gadget Pro,Online,12722.0,30,5,997787,False
2024-11-21 00:00:00,CUST04060,user4804@outlook.com,Central,Widget B,Retail,48016.0,36,15,197032,False
2024-03-12 05:00:00,CUST05071,user6345@company.in,North,Gadget Pro,Retail,2936948.0,32,5,184278,True
2025-02-15 00:00:00,CUST04392,user2036@gmail.com,South,Widget B,Direct,34257.0,1,10,254855,False
2025-03-25 00:00:00,CUST08398,user7237@yahoo.com,,Widget A,Retail,20788.0,22,5,128707,True
2025-03-13 00:00:00,CUST05612,user8444@outlook.com,North,Widget B,,18620.0,3,20,122207,False
2024-10-20 00:00:00,CUST01898,user4830@outlook.com,West,Widget B,Direct,26973.0,27,15,370216,True
2025-02-08 00:00:00,CUST04096,user2402@company.in,,Gadget Pro,Partner,46309.0,8,5,173322,False
2024-03-15 00:00:00,CUST03606,user9179@outlook.com,South,Widget B,Retail,25784.0,26,10,408412,False
2024-07-19 00:00:00,CUST08742,user2475@outlook.com,,Widget B,Partner,44047.0,1,0,ORD-DXAZFI,False
2024-07-07 00:00:00,CUST05699,user8489@gmail.com,South,Premium Bundle,Retail,5027.0,16,20,956482,False
2024-03-12 06:00:00,CUST05442,user5347@gmail.com,East,Widget B,Online,1800123.0,13,15,431419,False
2024-08-02 00:00:00,CUST09218,user3525@outlook.com,Central,Widget A,,49908.0,16,20,813575,False
2024-03-12 04:00:00,CUST08805,user6629@gmail.com,East,Widget A,Direct,554992.0,49,0,274985,False
2024-09-22 00:00:00,CUST04758,user6070@outlook.com,North,Widget B,Retail,13583.0,19,10,ORD-URXYSX,False
2024-11-14 00:00:00,CUST06596,,South,Widget B,Online,13921.0,31,0,124175,False
2024-12-15 00:00:00,CUST06035,user5896@gmail.com,West,Widget A,Retail,37534.0,45,10,770622,False
2024-10-24 00:00:00,CUST03655,user7371@company.in,Central,Service Pack,Direct,40171.0,28,10,134217,False
2024-08-05 00:00:00,CUST05968,,East,Service Pack,Partner,4245.0,34,20,272731,False
2024-03-18 00:00:00,CUST03453,user4376@gmail.com,North,Service Pack,Retail,25867.0,37,5,527395,False
2024-07-03 00:00:00,CUST01550,user8679@company.in,South,Widget B,Online,49766.0,14,0,572105,False
2025-01-22 00:00:00,CUST09687,,,Widget B,Retail,33069.0,42,5,134326,False
2024-10-08 00:00:00,CUST01339,user1612@outlook.com,East,Widget A,Direct,2937.0,31,15,992709,False
2025-02-05 00:00:00,CUST02972,,East,Widget B,Retail,46155.0,27,0,370536,False
2024-05-22 00:00:00,CUST03051,user8007@company.in,South,Widget B,Partner,38556.0,47,5,845535,False
2024-02-24 00:00:00,CUST08536,user1510@yahoo.com,South,Gadget Pro,Partner,1203.0,47,20,527594,False
2024-10-29 00:00:00,CUST02256,,East,Gadget Pro,Online,39284.0,25,20,600488,False
2025-02-15 00:00:00,CUST07554,user2420@gmail.com,,Gadget Pro,Retail,13635.0,40,5,619266,False
2024-11-30 00:00:00,CUST09603,user7590@outlook.com,West,Widget A,Partner,33785.0,28,15,348378,False
2024-05-14 00:00:00,CUST06499,user3303@outlook.com,East,Gadget Pro,Partner,3368.0,14,20,132454,False
2024-06-26 00:00:00,CUST03421,user3017@company.in,West,,Online,32586.0,45,10,305930,False
2024-06-03 00:00:00,CUST04239,user5817@outlook.com,Central,,Online,39839.0,30,10,486894,False
2024-03-03 00:00:00,CUST03219,user4116@outlook.com,North,Premium Bundle,Partner,14938.0,3,5,553495,False
2024-02-19 00:00:00,CUST01646,user1894@gmail.com,South,Service Pack,Direct,41529.0,11,20,194671,False
2024-10-09 00:00:00,CUST09644,,East,Service Pack,Direct,2305.0,15,0,954769,False
2024-10-30 00:00:00,CUST04534,user2529@company.in,East,Widget B,Direct,24005.0,11,10,708003,False
2024-09-07 00:00:00,CUST08031,,Central,Premium Bundle,Partner,21109.0,23,5,771443,False
2024-03-13 12:00:00,CUST07529,user9199@gmail.com,Central,,Online,1123751.0,35,15,ORD-DNGNUG,False
2025-01-01 00:00:00,CUST09818,,East,Gadget Pro,Retail,21586.0,24,10,227348,False
2024-03-12 18:00:00,CUST06175,user5695@company.in,West,Service Pack,Direct,2550208.0,13,0,619342,False
2024-02-03 00:00:00,CUST02405,user2388@yahoo.com,,Widget A,Direct,8802.0,36,5,402820,False
2025-01-28 00:00:00,CUST09349,,North,Widget A,Direct,10815.0,3,10,295584,False
2024-07-29 00:00:00,CUST03175,,North,Widget A,Direct,48655.0,4,20,319576,False
2024-01-03 00:00:00,CUST04271,,Central,,Direct,9526.0,6,10,917756,False
2024-11-26 00:00:00,CUST02382,user7453@company.in,North,Service Pack,Direct,35840.0,35,15,300046,False
2024-10-28 00:00:00,CUST02132,user4681@gmail.com,North,Widget B,Retail,46366.0,15,20,929842,False
2024-06-25 00:00:00,CUST04886,,West,Service Pack,Partner,1775.0,23,5,893843,False
2024-12-16 00:00:00,CUST02798,user6912@company.in,North,Widget B,Online,37538.0,32,0,992993,False
2024-11-10 00:00:00,CUST07713,user3848@gmail.com,,Widget A,Direct,20135.0,1,5,644779,False
2024-10-03 00:00:00,CUST08699,user5655@company.in,South,Widget B,Retail,45135.0,7,10,463929,False
2024-06-22 00:00:00,CUST02569,user3024@company.in,Central,Widget A,Direct,6769.0,16,10,539149,True
2024-03-10 00:00:00,CUST07645,user3591@outlook.com,East,Premium Bundle,,30799.0,46,5,502069,False
2024-09-08 00:00:00,CUST04596,user2188@gmail.com,Central,Widget B,Retail,36124.0,40,20,306218,False
2025-01-31 00:00:00,CUST05426,user8161@yahoo.com,South,Gadget Pro,Retail,6141.0,9,5,368306,False
2024-10-19 00:00:00,CUST04912,user8247@company.in,,Widget A,Online,11033.0,19,5,249375,False
2024-08-04 00:00:00,CUST01675,user6248@gmail.com,East,Widget A,Partner,40799.0,38,0,285579,False
2024-10-19 00:00:00,CUST09782,,Central,Gadget Pro,Direct,36994.0,9,15,570165,False
2024-03-18 00:00:00,CUST02867,user3466@gmail.com,Central,Gadget Pro,Partner,1793.0,22,20,648279,False
2024-07-23 00:00:00,CUST03346,user8393@gmail.com,West,Widget A,Partner,25493.0,6,20,ORD-IELKTJ,False
2024-02-03 00:00:00,CUST06054,,North,,Online,7420.0,6,0,715736,False
2024-05-03 00:00:00,CUST01457,user8606@company.in,South,Widget A,Retail,14979.0,27,5,268110,False
2025-03-08 00:00:00,CUST08557,user5906@gmail.com,,Service Pack,Partner,35426.0,5,15,878197,False
2025-02-25 00:00:00,CUST07770,user2395@yahoo.com,West,Service Pack,Retail,32649.0,1,15,352580,False
2024-01-31 00:00:00,CUST09575,user6700@outlook.com,,Widget B,Partner,3759.0,21,0,684493,False
2025-01-04 00:00:00,CUST04365,user9715@outlook.com,South,Gadget Pro,Direct,15767.0,15,20,581812,False
2024-06-22 00:00:00,CUST08182,user3545@company.in,North,Widget A,Online,25765.0,27,0,515461,False
2024-12-03 00:00:00,CUST03347,user6373@company.in,,Gadget Pro,Partner,2392352.0,39,20,ORD-PMMFKD,False
2025-01-23 00:00:00,CUST06636,user3653@company.in,West,Service Pack,Partner,31367.0,38,15,ORD-XPBJDA,False
2024-10-10 00:00:00,CUST09793,user7563@gmail.com,North,Widget B,Partner,45859.0,47,15,396254,False
2024-12-19 00:00:00,CUST04804,,North,Gadget Pro,Partner,31485.0,7,20,296463,False
2024-02-12 00:00:00,CUST02506,user5536@company.in,South,Service Pack,Partner,5799.0,49,5,ORD-NKSCOB,False
2024-06-01 00:00:00,CUST03050,user4787@outlook.com,,Premium Bundle,Partner,27006.0,8,0,578666,False
2024-02-19 00:00:00,CUST05697,user3263@outlook.com,East,Service Pack,Retail,39879.0,20,20,593431,False
2024-04-01 00:00:00,CUST09894,user1932@company.in,,Widget A,Direct,8749.0,43,0,301018,False
2024-12-13 00:00:00,CUST09969,user2771@outlook.com,East,Premium Bundle,Partner,8838.0,35,10,286322,False
2025-01-18 00:00:00,CUST01977,user5037@gmail.com,North,,,931.0,3,10,363279,True
2024-05-04 00:00:00,CUST09890,user2084@yahoo.com,East,Widget B,Partner,2222.0,20,5,970023,False
2024-03-13 04:00:00,CUST05683,user7797@gmail.com,North,Premium Bundle,Retail,2476565.0,36,20,ORD-MBFSLZ,False
2024-07-14 00:00:00,CUST08985,user8749@outlook.com,South,Widget A,,49100.0,1,5,813027,False
2024-05-24 00:00:00,CUST03844,user3532@yahoo.com,Central,Widget A,Partner,44103.0,14,0,157082,False
2025-02-10 00:00:00,CUST07098,user9907@gmail.com,South,Widget A,Retail,25874.0,3,5,883336,False
2024-08-15 00:00:00,CUST05641,user2761@outlook.com,North,,Retail,18208.0,12,15,419963,False
2024-01-03 00:00:00,CUST06745,,Central,Widget B,Partner,34360.0,1,20,402781,False
2025-01-06 00:00:00,CUST05328,,South,Gadget Pro,Retail,14670.0,33,15,336310,False
2024-10-09 00:00:00,CUST08962,user4788@outlook.com,East,Gadget Pro,Online,32766.0,15,20,425019,False
2024-03-13 11:00:00,CUST03168,user3293@outlook.com,Central,Widget B,Online,1214902.0,47,10,105232,False
2024-09-21 00:00:00,CUST08629,,South,Widget A,Direct,1888.0,36,15,392126,False
2025-01-24 00:00:00,CUST04900,user8479@gmail.com,,Widget A,Retail,45275.0,7,10,422780,True
2024-04-21 00:00:00,CUST04785,user6754@outlook.com,Central,Widget A,,10461.0,22,5,986540,False
2024-01-28 00:00:00,CUST02431,user6753@yahoo.com,,Premium Bundle,Online,3096.0,9,20,402037,False
2025-03-23 00:00:00,CUST02792,user9807@yahoo.com,East,Gadget Pro,Partner,30765.0,17,20,483086,False
2024-07-10 00:00:00,CUST09366,user5295@outlook.com,East,Service Pack,,30247.0,44,10,ORD-OISERT,False
2024-03-14 00:00:00,CUST05026,user5088@gmail.com,West,Service Pack,Partner,43745.0,10,0,651869,False
2024-11-30 00:00:00,CUST09287,user3689@outlook.com,Central,Widget B,Partner,1264573.0,42,15,ORD-LVOLUN,False
2024-03-13 23:00:00,CUST01390,user5658@outlook.com,East,Widget B,Online,1001236.0,32,0,460185,False
2024-10-19 00:00:00,CUST01748,user6876@outlook.com,,Widget A,Retail,10890.0,7,10,850143,False
2024-09-11 00:00:00,CUST01534,user7524@company.in,North,Service Pack,Direct,11321.0,26,15,ORD-SCIQTM,True
2024-09-02 00:00:00,CUST05729,user3664@company.in,East,Widget B,Partner,37561.0,35,15,400521,False
2024-11-25 00:00:00,CUST04869,user6651@gmail.com,North,Widget A,Online,16470.0,45,5,156614,False
2024-08-10 00:00:00,CUST07101,,East,Widget A,Direct,1715937.0,48,5,620477,False
2024-07-13 00:00:00,CUST01622,user5566@yahoo.com,West,Widget B,Retail,32639.0,11,5,352094,False
2024-02-23 00:00:00,CUST01965,user7666@outlook.com,South,Service Pack,Direct,17997.0,47,0,143350,False
2024-10-22 00:00:00,CUST02756,,North,,Partner,6402.0,48,20,317512,False
2024-01-11 00:00:00,CUST09802,user3938@company.in,East,Widget B,Online,31812.0,30,15,204471,False
2024-10-28 00:00:00,CUST06483,user9226@yahoo.com,East,Widget A,Direct,26294.0,27,5,950926,False
2025-03-17 00:00:00,CUST08307,,North,Widget B,Online,20520.0,12,10,544721,False
2024-12-23 00:00:00,CUST04343,user6131@gmail.com,East,Service Pack,Partner,47411.0,35,5,567729,False
2025-02-04 00:00:00,CUST02215,user9871@outlook.com,North,Gadget Pro,Retail,18031.0,42,15,936268,False
2024-06-18 00:00:00,CUST05246,user7723@outlook.com,East,Widget B,Partner,25425.0,23,15,292529,False
2025-01-25 00:00:00,CUST03382,,South,Service Pack,Online,49366.0,45,0,370623,False
2024-07-11 00:00:00,CUST04929,user7504@outlook.com,Central,Premium Bundle,Direct,24267.0,4,20,349567,False
2024-12-05 00:00:00,CUST03824,,South,Gadget Pro,Partner,6062.0,15,15,258785,False
2024-03-13 15:00:00,CUST06068,user2653@gmail.com,South,Widget A,Partner,2245242.0,7,15,ORD-LKWSLY,False
2024-02-14 00:00:00,CUST03886,,North,Premium Bundle,Direct,7650.0,14,15,580703,False
2025-03-08 00:00:00,CUST03206,user3868@outlook.com,North,Widget A,Partner,33142.0,26,20,313601,True
2024-10-11 00:00:00,CUST03432,user6267@outlook.com,,Widget A,Retail,14201.0,49,20,769709,False
2024-08-09 00:00:00,CUST06296,user8206@gmail.com,,Widget A,Partner,22411.0,25,20,429114,True
2025-02-18 00:00:00,CUST09382,user2816@outlook.com,East,Widget B,Partner,47801.0,23,15,ORD-BYEACE,True
2024-04-26 00:00:00,CUST02938,,North,Widget B,Retail,16488.0,35,20,428887,True
2024-04-03 00:00:00,CUST01925,user6657@yahoo.com,North,Widget A,Partner,2220373.0,5,10,262684,False
2024-02-24 00:00:00,CUST07934,,North,Widget B,Retail,35867.0,31,20,ORD-LXUROE,False
2025-03-16 00:00:00,CUST09869,user8105@yahoo.com,West,Widget A,Retail,13434.0,4,20,ORD-KDWDFU,False
2024-05-16 00:00:00,CUST07168,user2200@yahoo.com,East,Widget A,Online,47395.0,20,10,828755,False
2025-01-10 00:00:00,CUST06683,user6617@company.in,Central,Gadget Pro,,39253.0,21,15,478658,False
2024-07-18 00:00:00,CUST08271,user8849@yahoo.com,West,Gadget Pro,Direct,979.0,22,15,887278,False
2025-03-09 00:00:00,CUST03117,user1725@outlook.com,North,Widget A,Partner,44917.0,2,5,690752,False
2024-06-23 00:00:00,CUST05951,user2192@yahoo.com,South,Widget B,Partner,19868.0,5,10,875951,False
2024-07-31 00:00:00,CUST03524,,South,Premium Bundle,Retail,2469.0,4,5,690152,False
2024-06-12 00:00:00,CUST05747,user5839@yahoo.com,West,Widget A,Direct,39710.0,7,10,464716,False
2024-10-16 00:00:00,CUST04411,user2494@gmail.com,West,Gadget Pro,Direct,7761.0,11,5,128736,False
2024-06-28 00:00:00,CUST03412,user4977@yahoo.com,North,Gadget Pro,Online,39637.0,4,15,163661,False
2024-01-04 00:00:00,CUST09949,user7899@company.in,West,Widget A,Online,30215.0,45,5,262470,False
2024-03-13 08:00:00,CUST08304,,West,,,2809687.0,20,15,360888,False
2024-01-14 00:00:00,CUST04343,user5505@company.in,Central,,Retail,685.0,26,15,411023,False
2024-02-14 00:00:00,CUST02337,user1742@gmail.com,North,Widget A,Online,37001.0,9,10,978869,False
2024-03-01 00:00:00,CUST05478,user5706@company.in,West,,Partner,23312.0,27,5,642894,False
2024-10-27 00:00:00,CUST02525,user9592@company.in,Central,Widget A,Online,14967.0,44,0,441997,False
2024-05-06 00:00:00,CUST04959,,Central,Widget A,Partner,44016.0,17,5,132570,False
2024-12-31 00:00:00,CUST03971,,South,Service Pack,Retail,34810.0,1,0,205362,False
2024-06-10 00:00:00,CUST09778,user9380@company.in,North,Widget B,,35923.0,7,0,523760,True
2024-12-31 00:00:00,CUST04197,,East,Service Pack,Partner,42760.0,27,0,828415,False
2024-08-08 00:00:00,CUST08647,user6437@company.in,,Service Pack,Retail,5687.0,43,5,608673,True
2025-02-10 00:00:00,CUST08221,user4839@yahoo.com,East,Service Pack,Direct,45590.0,18,5,106296,False
2024-09-27 00:00:00,CUST06729,user5933@outlook.com,North,Premium Bundle,Partner,1955.0,22,15,644601,False
2025-03-17 00:00:00,CUST02753,,South,Widget A,Direct,24733.0,15,15,955304,False
2025-01-28 00:00:00,CUST06743,user2685@gmail.com,South,Widget A,Online,32293.0,28,0,381745,False
2024-04-03 00:00:00,CUST05025,user9443@yahoo.com,,Premium Bundle,Online,41844.0,4,10,971649,False
2024-08-09 00:00:00,CUST07210,user4678@gmail.com,,Gadget Pro,Partner,14168.0,10,20,237157,False
2024-09-25 00:00:00,CUST08469,user8056@yahoo.com,East,Widget B,Online,12227.0,46,20,565279,False
2025-03-21 00:00:00,CUST01953,user8449@company.in,East,Gadget Pro,Retail,46865.0,21,15,ORD-SVCPIC,False
2024-08-02 00:00:00,CUST04673,user6107@outlook.com,East,Widget B,Retail,37057.0,2,20,108217,False
2024-08-26 00:00:00,CUST09566,user7180@gmail.com,West,Widget A,Partner,32936.0,40,10,252464,False
2024-08-16 00:00:00,CUST06382,,East,Widget A,Retail,8329.0,29,5,372104,True
2025-01-28 00:00:00,CUST06904,user7622@gmail.com,Central,Widget B,Online,44253.0,11,15,281124,False
2024-11-18 00:00:00,CUST01947,user6000@yahoo.com,South,Gadget Pro,Direct,6269.0,40,5,ORD-YDXGJE,False
2024-03-12 20:00:00,CUST03952,user9540@yahoo.com,West,Widget B,Online,2019471.0,39,20,ORD-VIQBFD,False
2025-02-19 00:00:00,CUST05277,user5533@company.in,Central,Widget B,Direct,3247.0,27,20,960078,False
2024-04-16 00:00:00,CUST06556,,North,Widget B,Online,5813.0,12,10,320979,False
2024-02-14 00:00:00,CUST05756,user5076@yahoo.com,West,Gadget Pro,Partner,29643.0,8,10,192020,False
2024-07-05 00:00:00,CUST03768,user9043@yahoo.com,West,Gadget Pro,,25278.0,49,10,455507,False
2024-12-26 00:00:00,CUST02494,user6105@company.in,,Premium Bundle,Partner,4422.0,12,20,547671,False
2024-12-01 00:00:00,CUST06055,user5889@yahoo.com,South,Gadget Pro,Retail,547.0,20,20,ORD-NURHEC,False
2024-04-28 00:00:00,CUST02905,user5740@company.in,West,Premium Bundle,Direct,48915.0,27,20,ORD-AGZZRT,False
2024-02-21 00:00:00,CUST08363,user1828@company.in,North,,Online,49804.0,19,0,261142,False
2024-11-26 00:00:00,CUST03015,user8736@yahoo.com,West,Gadget Pro,Online,10245.0,18,10,ORD-RFDRXX,False
2024-02-05 00:00:00,CUST05054,user7790@yahoo.com,North,Gadget Pro,Online,8330.0,19,20,550569,False
2024-01-30 00:00:00,CUST04318,user7043@yahoo.com,Central,Widget A,,40262.0,36,20,976760,False
2024-08-10 00:00:00,CUST03767,user9129@yahoo.com,North,Gadget Pro,Online,15742.0,47,15,796058,False
2025-03-18 00:00:00,CUST08169,,Central,Premium Bundle,Partner,15840.0,22,10,382773,False
2024-03-12 17:00:00,CUST06252,user1525@company.in,Central,Widget B,Partner,2019645.0,29,10,ORD-KFLAMT,False
2024-07-24 00:00:00,CUST09447,,Central,Service Pack,Retail,49563.0,23,15,140504,False
2024-01-16 00:00:00,CUST02347,user1641@yahoo.com,South,Widget B,Online,4562.0,46,10,ORD-EOBEIW,False
2025-02-04 00:00:00,CUST07762,user4792@company.in,North,,Online,13313.0,19,5,626267,False
2024-04-24 00:00:00,CUST05441,user5488@company.in,North,Gadget Pro,Partner,9693.0,41,0,789272,False
2024-09-14 00:00:00,CUST09069,user6890@yahoo.com,West,Widget A,Online,8456.0,24,0,295509,False
2024-06-11 00:00:00,CUST08577,user3636@gmail.com,North,Widget A,,48274.0,30,20,651928,False
2024-02-27 00:00:00,CUST01200,user6875@gmail.com,,,Partner,39925.0,15,15,859423,False
2024-03-12 17:00:00,CUST05429,user7825@yahoo.com,West,Widget A,Online,891566.0,5,15,777221,False
2024-10-10 00:00:00,CUST04689,user8144@gmail.com,East,,Retail,13542.0,33,5,927310,False
2024-10-13 00:00:00,CUST04404,user9950@company.in,West,Widget B,Partner,32829.0,40,15,121947,False
2024-03-07 00:00:00,CUST08563,user3950@yahoo.com,East,Widget A,Online,42723.0,18,15,104694,False
2024-07-16 00:00:00,CUST08878,user5444@gmail.com,West,Premium Bundle,Partner,18965.0,28,0,812697,False
2024-11-22 00:00:00,CUST06347,user7421@yahoo.com,,Widget A,Retail,24668.0,1,5,700892,False
2024-03-20 00:00:00,CUST02203,user4131@company.in,West,,Partner,27418.0,29,10,753970,False
2024-04-03 00:00:00,CUST08970,,South,Widget A,Online,37054.0,34,15,128573,False
2024-05-17 00:00:00,CUST06394,,North,Widget B,Retail,46523.0,40,10,397387,False
2024-08-07 00:00:00,CUST06230,user4893@company.in,South,Gadget Pro,Direct,21327.0,14,15,ORD-XNGBFS,False
2024-07-05 00:00:00,CUST02589,user2679@yahoo.com,West,Widget A,Partner,25926.0,48,5,979548,True
2024-05-14 00:00:00,CUST07495,,East,Widget A,Partner,29093.0,47,0,616329,False
2024-05-05 00:00:00,CUST09377,user7807@outlook.com,South,Gadget Pro,Retail,30762.0,37,5,239063,False
2024-01-19 00:00:00,CUST02651,,South,Service Pack,Direct,33946.0,9,5,972773,False
2024-08-05 00:00:00,CUST02526,user6813@yahoo.com,East,Widget A,Retail,14845.0,32,15,710780,True
2024-09-28 00:00:00,CUST03618,user1920@yahoo.com,East,Widget A,Partner,37551.0,5,10,650972,False
2024-02-10 00:00:00,CUST08578,user9238@gmail.com,West,,Retail,5210.0,1,5,594003,False
2024-02-09 00:00:00,CUST06748,user3346@company.in,East,Service Pack,Retail,37746.0,42,20,235714,False
2024-04-22 00:00:00,CUST09930,user7229@yahoo.com,North,Widget A,Online,38715.0,17,15,808281,False
2024-08-15 00:00:00,CUST07673,user7930@outlook.com,North,Service Pack,Partner,44584.0,30,15,689967,False
2024-02-24 00:00:00,CUST03341,user2143@company.in,East,Widget A,Online,9095.0,18,15,874684,False
2025-03-02 00:00:00,CUST09260,user9502@outlook.com,North,Widget A,Online,24069.0,21,0,795544,False
2024-01-17 00:00:00,CUST06737,user2562@yahoo.com,North,Gadget Pro,Direct,15032.0,7,0,579384,False
2025-01-06 00:00:00,CUST07822,user6655@outlook.com,North,Gadget Pro,Direct,2828652.0,37,15,215764,False
2025-02-04 00:00:00,CUST02215,user9871@outlook.com,North,Gadget Pro,Retail,18031.0,42,15,936268,False
2025-01-09 00:00:00,CUST01177,user8744@yahoo.com,East,Widget A,Partner,48116.0,5,10,395350,False
2025-01-03 00:00:00,CUST03519,user7809@outlook.com,West,Widget A,Retail,8108.0,9,5,260765,False
2024-12-28 00:00:00,CUST09272,user3701@outlook.com,South,Premium Bundle,Online,23315.0,13,10,382158,False
2024-03-13 22:00:00,CUST07428,user6003@gmail.com,North,Gadget Pro,Partner,1556207.0,37,20,625660,True
2025-02-25 00:00:00,CUST06864,user8498@gmail.com,North,Widget B,Retail,4421.0,9,10,460926,False
2025-02-20 00:00:00,CUST01290,user8451@company.in,West,Service Pack,Online,48651.0,33,0,207706,False
2024-10-22 00:00:00,CUST01643,user4683@company.in,East,Gadget Pro,Retail,1047936.0,39,10,428352,False
2024-03-25 00:00:00,CUST08045,,West,Widget A,,32876.0,25,5,397101,False
2025-03-15 00:00:00,CUST04535,user3615@outlook.com,South,Widget A,Retail,22995.0,23,5,956743,False
2024-01-21 00:00:00,CUST09518,,South,Widget A,Direct,13101.0,45,0,369061,True
2024-07-17 00:00:00,CUST07130,user4978@gmail.com,North,Service Pack,Direct,12817.0,22,15,771341,False
2024-04-21 00:00:00,CUST06575,user1609@company.in,,Widget A,Retail,30738.0,40,15,133804,False
2025-02-20 00:00:00,CUST08462,,South,Gadget Pro,Direct,34876.0,26,20,116028,False
2024-05-05 00:00:00,CUST07131,user7161@company.in,North,Gadget Pro,Retail,44453.0,20,0,754346,False
2024-12-16 00:00:00,CUST09530,user1981@yahoo.com,South,Widget A,Direct,21566.0,26,10,873914,False
2024-05-15 00:00:00,CUST05006,user8204@outlook.com,South,Widget B,Retail,48389.0,47,10,126276,False
2024-05-06 00:00:00,CUST05680,user9309@gmail.com,North,Service Pack,Partner,47627.0,48,15,796215,False
2024-05-12 00:00:00,CUST05268,user5778@company.in,West,Widget A,Online,47556.0,3,10,684609,False
2025-03-24 00:00:00,CUST07564,,Central,Widget B,Direct,36495.0,28,5,590840,False
2024-12-13 00:00:00,CUST07404,,East,Widget A,Partner,31331.0,13,15,ORD-UXIWLY,False
2025-02-13 00:00:00,CUST07796,,West,Widget A,Partner,13164.0,21,5,778797,False
2024-12-03 00:00:00,CUST01038,,North,Widget B,Retail,15042.0,42,10,335123,False
2024-12-18 00:00:00,CUST09838,user7172@yahoo.com,East,Gadget Pro,Retail,16046.0,17,5,813233,False
2024-12-26 00:00:00,CUST04523,user6121@company.in,South,Gadget Pro,Online,9742.0,6,5,114558,False
2024-07-29 00:00:00,CUST02107,,South,Widget A,Online,28682.0,21,20,975115,False
2024-12-18 00:00:00,CUST04006,user7049@yahoo.com,North,Widget A,Direct,47816.0,19,0,ORD-WIXCTT,False
2024-10-02 00:00:00,CUST05834,user3662@outlook.com,North,Widget B,,18786.0,6,5,ORD-SDRZZT,False
2024-02-10 00:00:00,CUST05669,user1753@gmail.com,Central,Widget A,Online,25270.0,8,5,ORD-CQCYKF,False
2024-02-16 00:00:00,CUST06873,user9751@gmail.com,West,Widget B,,42637.0,36,10,ORD-LJMGIU,False
2024-12-29 00:00:00,CUST05849,user1893@company.in,West,Widget A,Retail,10241.0,19,10,953485,False
2024-08-04 00:00:00,CUST01675,user6248@gmail.com,East,Widget A,Partner,40799.0,38,0,285579,False
2025-01-07 00:00:00,CUST02778,user4836@company.in,East,Service Pack,Retail,1474.0,27,20,713536,False
2024-02-17 00:00:00,CUST08377,,West,Widget B,Online,45448.0,10,5,931791,False
2024-11-26 00:00:00,CUST02095,user2120@gmail.com,West,,,17751.0,20,0,127454,False
2025-01-11 00:00:00,CUST05136,,West,Widget A,Online,42489.0,44,0,340503,False
2024-03-03 00:00:00,CUST05306,user7018@company.in,West,,Partner,26568.0,42,5,395584,False
2024-05-26 00:00:00,CUST05579,user1319@gmail.com,,Service Pack,Online,10891.0,29,10,459092,False
2024-07-14 00:00:00,CUST05181,,East,Widget A,Partner,6216.0,41,20,198207,False
2024-09-05 00:00:00,CUST04879,user6848@gmail.com,Central,Widget B,Partner,18137.0,11,5,222950,False
2025-01-21 00:00:00,CUST07907,user2867@company.in,South,Widget B,Online,34043.0,12,15,844283,False
2024-12-08 00:00:00,CUST02260,,East,Widget B,Online,49233.0,39,10,833612,False
2025-03-05 00:00:00,CUST07833,user8606@gmail.com,North,Service Pack,Retail,45583.0,18,5,788784,False
2024-04-19 00:00:00,CUST06521,user1154@yahoo.com,,Gadget Pro,Retail,15011.0,28,0,945682,False
2024-03-06 00:00:00,CUST01397,user1992@outlook.com,,Widget B,Direct,44257.0,30,5,541752,False
2024-03-23 00:00:00,CUST06923,user4150@gmail.com,North,Widget B,Direct,45950.0,22,20,844942,False
2024-03-09 00:00:00,CUST04703,,East,Premium Bundle,Direct,2248421.0,35,0,580946,False
2024-12-14 00:00:00,CUST03212,user3755@outlook.com,East,Gadget Pro,Direct,28844.0,22,10,734475,False
2024-12-16 00:00:00,CUST09368,,East,Widget B,Online,10493.0,40,5,871308,False
2024-08-29 00:00:00,CUST05252,user7581@gmail.com,North,Gadget Pro,Online,33136.0,33,10,167289,False
2025-03-04 00:00:00,CUST07657,user8975@gmail.com,Central,Widget A,Online,8458.0,47,0,135011,False
2024-10-12 00:00:00,CUST04810,user6582@yahoo.com,,Widget A,Partner,9316.0,17,15,955729,False
2024-11-28 00:00:00,CUST05696,user7246@outlook.com,West,,Online,3879.0,25,10,177259,False
2024-07-29 00:00:00,CUST02862,user5837@gmail.com,East,Widget A,Retail,18546.0,12,0,563374,False
2024-02-13 00:00:00,CUST09986,,Central,Widget A,Retail,17205.0,16,15,365446,False
2024-03-23 00:00:00,CUST01815,user7765@yahoo.com,North,,Partner,27154.0,12,10,604591,False
2025-03-19 00:00:00,CUST04404,user8412@company.in,North,Widget A,Online,21055.0,21,5,ORD-TDGKOE,False
2025-03-23 00:00:00,CUST08610,user5312@gmail.com,East,Service Pack,Direct,11996.0,39,10,686670,False
2024-12-25 00:00:00,CUST05551,user1519@company.in,Central,Widget B,Online,36910.0,34,15,ORD-JWEGHY,False
2024-10-12 00:00:00,CUST05376,user6489@company.in,,Widget A,Online,21515.0,5,15,207790,False
2024-06-23 00:00:00,CUST02780,user6804@outlook.com,North,Widget A,Retail,19404.0,22,20,633910,False
2024-11-26 00:00:00,CUST06661,user6644@gmail.com,North,,Direct,49205.0,21,5,498597,False
2024-10-30 00:00:00,CUST04804,user2922@outlook.com,North,Widget A,Partner,36685.0,30,20,940247,False
2025-01-14 00:00:00,CUST07470,user6770@yahoo.com,Central,Widget B,Direct,23854.0,6,0,365613,False
2024-07-06 00:00:00,CUST02587,user7232@outlook.com,East,Widget A,Retail,43487.0,32,10,956430,False
2024-07-05 00:00:00,CUST01212,user9447@company.in,East,Widget A,Retail,24100.0,14,20,ORD-OLGTXC,False
2024-11-20 00:00:00,CUST02149,user9749@yahoo.com,West,Widget B,Partner,28361.0,31,10,810122,False
2024-03-12 07:00:00,CUST03123,user1280@outlook.com,,Service Pack,Online,630756.0,31,0,674075,False
2024-03-12 09:00:00,CUST03714,,,Widget A,Online,1276451.0,34,5,805503,False
2024-04-28 00:00:00,CUST08570,user8365@outlook.com,North,Widget A,Online,18609.0,3,5,628575,False
2024-05-12 00:00:00,CUST05900,user1058@company.in,West,Widget B,Partner,11773.0,36,0,847916,False
2024-07-14 00:00:00,CUST03454,user2113@yahoo.com,North,Service Pack,Retail,854.0,24,10,710649,False
2025-01-07 00:00:00,CUST05296,user4617@company.in,Central,Widget B,Direct,37898.0,31,5,111633,False
2024-11-20 00:00:00,CUST07492,,South,Widget B,Retail,35555.0,37,15,144144,False
2024-03-12 14:00:00,CUST08511,,South,Gadget Pro,Partner,2008681.0,26,10,369602,False
2024-02-11 00:00:00,CUST04452,user6736@company.in,North,Gadget Pro,Partner,9744.0,13,20,813360,True
2025-02-08 00:00:00,CUST03009,user5896@company.in,South,Gadget Pro,Partner,26761.0,28,0,231238,False
2024-03-18 00:00:00,CUST08538,user3267@company.in,,Widget B,Direct,8303.0,22,20,282671,False
2024-07-26 00:00:00,CUST04079,,West,,Partner,34627.0,2,10,503866,True
2024-08-19 00:00:00,CUST08163,user6302@company.in,Central,Gadget Pro,Online,19557.0,37,5,118881,False
2024-02-03 00:00:00,CUST03093,,East,Premium Bundle,Online,40804.0,13,15,162892,False
2024-04-29 00:00:00,CUST04917,user4043@outlook.com,North,Gadget Pro,Partner,25035.0,22,5,516190,False
2024-08-26 00:00:00,CUST01497,user9837@company.in,West,Widget A,Direct,41093.0,38,20,ORD-CKSXQR,False
2024-09-06 00:00:00,CUST08491,,West,Widget A,Online,34544.0,42,20,983254,False
2025-01-18 00:00:00,CUST06303,user4522@outlook.com,North,Gadget Pro,Online,37118.0,2,5,504232,False
2024-06-01 00:00:00,CUST04665,user2245@company.in,North,Gadget Pro,Partner,32681.0,35,0,785141,False
2024-01-26 00:00:00,CUST05880,user6851@yahoo.com,East,Widget A,Partner,24121.0,12,15,290059,False
2024-08-09 00:00:00,CUST08803,user2320@gmail.com,South,Widget B,Online,44722.0,24,0,683475,False
2024-05-15 00:00:00,CUST05004,user9047@yahoo.com,East,Widget A,Online,27098.0,17,15,281291,False
2025-01-13 00:00:00,CUST09662,,North,Service Pack,Direct,16139.0,5,20,ORD-YMBUNZ,False
2024-06-19 00:00:00,CUST06063,,East,Widget A,Partner,43533.0,23,5,361678,False
2025-03-08 00:00:00,CUST07836,user4643@outlook.com,,Widget A,Direct,35307.0,22,0,388915,True
2024-08-24 00:00:00,CUST05617,user3909@outlook.com,North,Widget A,Online,18351.0,25,15,424590,False
2024-04-20 00:00:00,CUST01410,user7698@yahoo.com,,Widget A,Direct,18430.0,1,15,ORD-YNFUNS,False
2024-02-28 00:00:00,CUST02698,user6416@yahoo.com,,Widget A,,11357.0,4,0,821811,False
2024-06-15 00:00:00,CUST07415,,North,Gadget Pro,Online,46311.0,3,20,662598,False
2024-02-13 00:00:00,CUST09431,user7095@outlook.com,West,Widget B,Online,47839.0,16,10,ORD-XCIIQS,False
2024-01-17 00:00:00,CUST09644,user5861@yahoo.com,South,Gadget Pro,Online,47257.0,11,5,692556,False
2024-12-17 00:00:00,CUST05284,user1999@gmail.com,West,Widget B,Retail,14747.0,29,15,273441,True
2024-03-13 17:00:00,CUST02671,user2108@gmail.com,,Widget A,Retail,1840923.0,18,15,708186,False
2024-04-03 00:00:00,CUST05587,user1389@outlook.com,North,Service Pack,Partner,2620.0,7,15,586258,False
2025-03-21 00:00:00,CUST08384,user6126@outlook.com,North,Gadget Pro,Direct,47354.0,3,0,546447,False
2024-09-20 00:00:00,CUST03133,user2641@gmail.com,West,Service Pack,Online,12908.0,9,0,114273,False
2024-04-20 00:00:00,CUST09305,user9501@company.in,North,Gadget Pro,Direct,18974.0,24,10,906651,False
2024-02-21 00:00:00,CUST07311,user1821@outlook.com,North,Widget B,,20628.0,14,15,301885,False
2024-12-10 00:00:00,CUST01524,user8368@yahoo.com,South,Service Pack,Retail,7489.0,44,15,440548,False
2024-12-23 00:00:00,CUST02788,user1266@company.in,South,Widget A,Retail,43711.0,49,15,503525,False
2024-09-01 00:00:00,CUST04236,,West,Widget A,Partner,29008.0,41,15,562042,False
2024-11-24 00:00:00,CUST04860,user5150@gmail.com,East,Premium Bundle,Retail,17850.0,49,15,530641,False
2024-11-04 00:00:00,CUST01238,,,Widget A,Partner,48556.0,23,0,854814,False
2024-12-13 00:00:00,CUST02577,user1977@yahoo.com,East,Widget B,Online,3831.0,23,15,966597,True
2024-10-02 00:00:00,CUST02064,user8705@gmail.com,,Service Pack,Retail,1766.0,41,5,200968,False
2024-08-27 00:00:00,CUST06085,user8581@gmail.com,Central,Service Pack,Partner,21723.0,5,20,631857,False
2025-02-27 00:00:00,CUST03057,user4310@company.in,East,Widget A,Partner,9419.0,15,10,356166,False
2024-03-02 00:00:00,CUST02142,user8632@company.in,,Gadget Pro,Retail,15132.0,22,20,381914,False
2024-03-13 03:00:00,CUST03836,user9171@company.in,South,Widget A,Partner,2429883.0,28,20,758077,True
2024-07-19 00:00:00,CUST05075,user3266@outlook.com,,Widget A,Partner,2968430.0,47,20,310592,False
2024-07-08 00:00:00,CUST05525,user1273@gmail.com,North,Gadget Pro,Direct,25115.0,20,15,131079,False
2024-03-25 00:00:00,CUST02936,user3234@outlook.com,South,Widget B,Partner,22478.0,29,15,133554,False
2024-09-04 00:00:00,CUST06740,user9653@company.in,West,Service Pack,Online,37316.0,3,0,ORD-KBJUFQ,False
2024-08-30 00:00:00,CUST06977,user3194@company.in,South,Widget A,Direct,5336.0,32,15,232626,False
2024-11-18 00:00:00,CUST07351,user2311@company.in,North,Widget B,Retail,27695.0,29,5,310518,True
2024-07-17 00:00:00,CUST04892,user5840@outlook.com,,Widget A,Online,44879.0,16,0,295130,False
2025-01-19 00:00:00,CUST08490,user2562@gmail.com,East,Widget B,Partner,3130.0,21,20,387429,False
2024-03-12 08:00:00,CUST08180,user7912@gmail.com,North,,Partner,2872825.0,25,20,270071,False
2024-04-20 00:00:00,CUST07866,user1092@company.in,West,Service Pack,Online,44393.0,12,5,158167,False
2025-02-02 00:00:00,CUST09644,user8575@company.in,West,,Retail,36753.0,46,15,920671,False
2024-12-15 00:00:00,CUST05952,,,Widget A,Retail,18319.0,36,20,238864,False
2025-02-23 00:00:00,CUST06795,user2608@yahoo.com,North,Service Pack,Online,42381.0,39,5,597564,False
2025-02-20 00:00:00,CUST05647,user6363@yahoo.com,North,,Partner,33446.0,6,5,831503,False
2024-02-29 00:00:00,CUST06146,user7322@company.in,,,Partner,34709.0,19,15,466949,False
2024-12-18 00:00:00,CUST02633,user5742@company.in,East,Gadget Pro,Online,1920051.0,48,0,ORD-WWGNZB,False
2024-03-12 13:00:00,CUST02910,user6188@outlook.com,,Premium Bundle,Online,1532305.0,21,5,ORD-KZGZFT,False
2024-09-08 00:00:00,CUST09368,user8484@gmail.com,North,Service Pack,Online,28710.0,11,10,315030,False
2024-03-13 00:00:00,CUST08334,user6892@outlook.com,,Widget A,Partner,2357155.0,11,15,337775,False
2024-03-30 00:00:00,CUST09089,user6531@gmail.com,South,Widget A,Direct,23343.0,40,5,777694,False
2024-03-02 00:00:00,CUST01909,user6060@yahoo.com,Central,Widget A,Direct,27567.0,30,15,758388,False
2024-03-12 19:00:00,CUST04629,user2354@gmail.com,West,,Online,610594.0,33,0,293876,False
2024-09-01 00:00:00,CUST09240,user6325@yahoo.com,South,Widget A,Online,1940.0,40,15,709905,False
2024-01-08 00:00:00,CUST07743,user2847@yahoo.com,,,Partner,22858.0,12,15,638105,False
2024-12-05 00:00:00,CUST03846,user1158@yahoo.com,West,Widget B,Online,19480.0,26,15,558108,False
2024-05-06 00:00:00,CUST01475,user9041@outlook.com,North,Service Pack,Retail,42862.0,3,0,492781,False
2024-03-13 14:00:00,CUST08685,user5325@outlook.com,,Widget B,Direct,1124482.0,42,0,ORD-OOMOOI,False
2024-11-06 00:00:00,CUST09904,user2404@company.in,Central,Service Pack,Retail,1136.0,14,10,745181,False
2025-01-25 00:00:00,CUST09679,user4637@yahoo.com,East,Premium Bundle,Direct,39041.0,39,10,864310,True
2024-01-04 00:00:00,CUST07955,,East,Service Pack,Online,47002.0,40,15,393969,False
2024-11-29 00:00:00,CUST06241,user3954@gmail.com,East,Widget A,Online,30837.0,38,20,255209,False
2025-02-26 00:00:00,CUST09700,user5529@company.in,East,Service Pack,Retail,33950.0,14,10,661669,False
2024-12-07 00:00:00,CUST02550,,Central,Premium Bundle,Online,11023.0,40,15,633157,False
2024-11-23 00:00:00,CUST09861,user2635@yahoo.com,East,Widget A,Direct,21462.0,9,10,191237,False
2024-03-13 07:00:00,CUST02227,user3449@outlook.com,West,Service Pack,Retail,2654009.0,12,10,986059,False
2024-03-05 00:00:00,CUST05910,user3050@company.in,West,Gadget Pro,Retail,10701.0,44,10,179830,False
2024-12-04 00:00:00,CUST06243,user9300@company.in,Central,Gadget Pro,Partner,19015.0,28,10,955362,False
2024-08-08 00:00:00,CUST05480,user7502@gmail.com,East,Premium Bundle,Online,16417.0,38,0,344830,False
2024-01-10 00:00:00,CUST07740,user7353@gmail.com,North,Widget B,Online,45057.0,30,20,ORD-SXOSOP,False
2024-11-28 00:00:00,CUST09030,,South,Premium Bundle,,29482.0,14,0,ORD-SYKRHZ,False
2024-07-07 00:00:00,CUST01457,,West,Widget A,Direct,39625.0,19,15,364049,False
2024-03-12 10:00:00,CUST04357,,West,Widget A,Direct,1853725.0,36,10,118793,True
2024-05-19 00:00:00,CUST07611,user9167@outlook.com,East,Service Pack,Direct,34781.0,32,20,515728,True
2024-12-01 00:00:00,CUST08670,user7367@outlook.com,South,Widget B,Direct,2918.0,46,0,386734,False
2024-05-24 00:00:00,CUST01889,user6764@outlook.com,North,Service Pack,Online,49594.0,13,10,473951,False
2024-07-21 00:00:00,CUST05149,,South,Gadget Pro,Direct,26650.0,33,0,369727,False
2024-03-17 00:00:00,CUST05547,user4711@yahoo.com,South,Premium Bundle,Online,31767.0,31,5,724659,False
2024-01-29 00:00:00,CUST08613,user1916@yahoo.com,West,Widget B,Direct,1850.0,38,15,ORD-ESTODM,False
2024-04-08 00:00:00,CUST08766,user1436@outlook.com,North,Widget A,Online,32091.0,15,20,265811,False
2025-01-19 00:00:00,CUST07709,user7615@gmail.com,South,,Retail,3951.0,21,10,450748,True
2025-02-07 00:00:00,CUST09489,,North,Widget B,Direct,29952.0,20,5,293001,False
2024-05-23 00:00:00,CUST01560,user2501@yahoo.com,Central,Gadget Pro,Partner,46568.0,2,15,511189,False
2024-03-05 00:00:00,CUST07394,user2527@yahoo.com,South,Widget B,Online,49119.0,20,0,688422,False
2025-01-27 00:00:00,CUST03929,user5331@outlook.com,Central,Widget B,Direct,27416.0,40,20,160798,False
2024-02-21 00:00:00,CUST05487,user4898@company.in,South,Service Pack,Online,45689.0,44,15,509180,False
2024-02-27 00:00:00,CUST04237,user9897@outlook.com,West,Widget A,Direct,20637.0,4,20,326983,False
2025-01-21 00:00:00,CUST05501,user6499@gmail.com,North,Widget B,Partner,29271.0,17,0,282817,False
2024-12-05 00:00:00,CUST03846,user1158@yahoo.com,West,Widget B,Online,19480.0,26,15,558108,False
2024-03-05 00:00:00,CUST04441,user2514@yahoo.com,North,,Retail,38396.0,37,5,962648,False
2024-03-13 00:00:00,CUST03382,,Central,Widget B,Retail,775563.0,17,15,695400,False
2024-03-12 01:00:00,CUST08491,,North,,Partner,592948.0,13,5,322535,True
2024-10-12 00:00:00,CUST06539,,,Widget A,Partner,28919.0,13,20,547899,False
2024-03-12 20:00:00,CUST09176,user4764@yahoo.com,,Widget A,Direct,1983019.0,11,15,749472,False
2024-08-03 00:00:00,CUST09203,user8179@gmail.com,North,Premium Bundle,Direct,7097.0,18,5,529682,False
2024-09-05 00:00:00,CUST01229,user3293@yahoo.com,,Gadget Pro,Direct,10365.0,43,0,572647,False
2024-09-29 00:00:00,CUST04215,user3695@company.in,East,Widget B,Online,23539.0,2,5,111861,False
2024-07-14 00:00:00,CUST07341,user3143@company.in,East,,Partner,22886.0,42,10,256825,False
2024-03-24 00:00:00,CUST09712,user4963@company.in,Central,Widget B,,22637.0,45,5,374610,False
2024-07-02 00:00:00,CUST04795,user2845@company.in,Central,Widget A,Direct,25393.0,9,20,ORD-KTDNLY,False
2024-07-11 00:00:00,CUST01949,user2771@outlook.com,South,Widget A,Online,23094.0,14,20,428027,False
2024-04-17 00:00:00,CUST01807,user3142@company.in,South,Widget A,Online,49636.0,26,20,695157,False
2024-06-05 00:00:00,CUST04618,user1040@gmail.com,Central,Widget A,Retail,38207.0,49,15,929059,False
2024-04-14 00:00:00,CUST06210,user1341@company.in,South,Gadget Pro,Direct,20424.0,37,20,625588,False
2024-12-26 00:00:00,CUST05335,,West,Widget B,Direct,43957.0,41,0,ORD-MITFOT,False
2024-06-20 00:00:00,CUST02173,user4729@company.in,,Widget A,,24801.0,12,20,998877,False
2024-09-14 00:00:00,CUST09339,user2527@outlook.com,Central,Gadget Pro,Direct,46657.0,39,20,180438,False
2024-04-16 00:00:00,CUST04883,,,Gadget Pro,Retail,8333.0,33,10,793995,False
2024-09-14 00:00:00,CUST01725,,Central,Widget A,Direct,26869.0,36,15,259686,False
2024-03-12 13:00:00,CUST07534,user6635@company.in,North,Widget B,Direct,2375418.0,8,20,672250,False
2024-03-12 20:00:00,CUST06628,user9565@company.in,South,Widget B,Retail,1373262.0,46,10,718983,False
2024-03-13 01:00:00,CUST06422,user3246@outlook.com,West,Gadget Pro,Retail,919186.0,7,0,719332,False
2025-01-24 00:00:00,CUST07567,user2871@company.in,North,Gadget Pro,Retail,18960.0,47,0,113578,False
2024-02-24 00:00:00,CUST08515,user3616@company.in,South,Widget A,Partner,28953.0,34,10,173448,False
2024-03-12 19:00:00,CUST03886,user5480@company.in,East,Widget B,Retail,1589460.0,47,10,523010,False
2024-09-22 00:00:00,CUST07454,user3616@outlook.com,East,Premium Bundle,Retail,9758.0,16,5,454235,False
2024-03-25 00:00:00,CUST03192,user5471@outlook.com,South,Widget A,Partner,43903.0,43,5,677847,False
2024-11-03 00:00:00,CUST04262,user5173@gmail.com,North,Widget A,Partner,2248.0,14,15,105483,False
2024-08-30 00:00:00,CUST05448,user1879@gmail.com,South,Service Pack,Direct,48845.0,28,0,217010,False
2024-03-29 00:00:00,CUST02737,,South,Gadget Pro,Partner,46403.0,44,15,269840,True
2024-02-12 00:00:00,CUST02065,user8218@outlook.com,Central,Service Pack,Partner,6939.0,7,0,393842,False
2024-03-13 14:00:00,CUST05664,user3847@gmail.com,North,Service Pack,Direct,1796657.0,19,15,717458,False
2024-05-25 00:00:00,CUST05791,,East,Service Pack,Partner,46393.0,32,15,ORD-PMFRLL,False
2025-02-26 00:00:00,CUST07297,user2137@company.in,,Gadget Pro,Partner,19657.0,1,10,644601,False
2025-01-06 00:00:00,CUST02295,user4995@outlook.com,West,Gadget Pro,Direct,28144.0,10,0,822343,False
2024-03-12 08:00:00,CUST08209,user1228@company.in,East,Widget B,Retail,1931997.0,1,15,981704,False
2024-02-23 00:00:00,CUST07597,user7678@outlook.com,,Widget A,Online,26484.0,15,5,119861,False
2025-03-20 00:00:00,CUST08735,,,Widget A,Direct,20218.0,25,20,773405,False
2024-04-20 00:00:00,CUST07866,user1092@company.in,West,Service Pack,Online,44393.0,12,5,158167,False
2024-01-12 00:00:00,CUST02528,user2752@yahoo.com,East,Widget B,Partner,22249.0,14,20,136259,False
2024-11-23 00:00:00,CUST02604,user1414@outlook.com,North,Gadget Pro,Direct,4794.0,38,20,280208,False
2024-01-30 00:00:00,CUST05734,user4559@outlook.com,North,Widget A,Retail,35730.0,35,10,408958,False
2024-10-05 00:00:00,CUST05083,user3735@company.in,North,Widget B,Retail,11022.0,38,0,532332,False
2024-01-05 00:00:00,CUST01629,user4470@yahoo.com,South,Widget B,Retail,17014.0,14,20,371184,False
2025-01-16 00:00:00,CUST05692,user9138@company.in,North,Widget B,Online,41241.0,47,20,151659,False
2024-09-07 00:00:00,CUST06689,user2832@gmail.com,South,Widget A,Online,6221.0,24,0,808594,False
2024-08-08 00:00:00,CUST05669,user2667@yahoo.com,South,Widget A,Retail,37223.0,21,0,ORD-EOMZPU,False
2024-10-12 00:00:00,CUST02578,user1440@outlook.com,South,Premium Bundle,,35333.0,1,0,133606,False
2024-08-18 00:00:00,CUST04725,user2584@company.in,South,Widget A,Retail,13051.0,15,5,673277,False
2024-01-15 00:00:00,CUST01666,user7481@gmail.com,West,Service Pack,Retail,19184.0,2,0,474976,False
2024-12-06 00:00:00,CUST03162,user7498@yahoo.com,,Widget B,Retail,30901.0,29,0,224492,False
2024-09-26 00:00:00,CUST09240,user6383@yahoo.com,East,Service Pack,Retail,8108.0,42,20,900326,False
2024-07-12 00:00:00,CUST08152,,Central,Premium Bundle,Direct,45006.0,15,15,705045,False
2024-10-06 00:00:00,CUST08444,user8982@company.in,South,Widget A,Retail,34725.0,26,10,461572,False
2024-02-02 00:00:00,CUST07047,user9214@yahoo.com,North,Gadget Pro,Online,31912.0,29,20,532403,False
2025-01-16 00:00:00,CUST03228,user7859@yahoo.com,West,,Retail,4125.0,28,20,845447,False
2024-02-22 00:00:00,CUST07706,user3924@outlook.com,North,Widget B,Partner,29390.0,17,15,805099,False
2024-05-13 00:00:00,CUST07436,user8640@yahoo.com,West,Gadget Pro,Direct,2186.0,15,5,683836,False
2024-09-25 00:00:00,CUST01155,user6636@company.in,West,,Online,10150.0,10,20,515401,False
2024-07-04 00:00:00,CUST05301,user3198@outlook.com,,Gadget Pro,Retail,45462.0,7,0,231326,False
2024-07-13 00:00:00,CUST08705,,East,Widget B,Retail,770077.0,1,5,477435,False
2024-08-08 00:00:00,CUST08086,user4249@gmail.com,West,Widget A,Online,35787.0,32,20,874155,False
2024-02-10 00:00:00,CUST01334,user8750@gmail.com,East,Widget B,Direct,997.0,46,0,ORD-EPVRKI,False
2024-07-25 00:00:00,CUST06106,user9482@outlook.com,South,,Partner,49993.0,31,15,975071,False
2024-03-12 14:00:00,CUST04773,,,Widget A,Direct,524275.0,20,0,267954,False
2024-05-17 00:00:00,CUST06576,user3184@outlook.com,South,Service Pack,Retail,34116.0,37,20,307629,False
2024-06-30 00:00:00,CUST06524,user7227@company.in,West,Gadget Pro,Online,20100.0,23,0,871139,False
2024-03-13 19:00:00,CUST08398,user1084@yahoo.com,South,Widget B,Direct,845976.0,32,10,ORD-MVWGHF,False
2024-08-22 00:00:00,CUST01494,user2852@yahoo.com,South,Widget B,Direct,15600.0,38,20,487434,False
2025-02-21 00:00:00,CUST07089,user1251@yahoo.com,,Widget A,Online,1571494.0,3,5,678694,False
2025-02-18 00:00:00,CUST06191,user4538@yahoo.com,East,,Retail,28340.0,16,20,319141,False
2024-03-13 18:00:00,CUST03605,user5005@gmail.com,South,Widget B,Retail,2894931.0,2,10,600974,False
2024-03-20 00:00:00,CUST09826,user3607@outlook.com,West,Widget A,Retail,40423.0,4,20,124183,True
2025-01-07 00:00:00,CUST01362,,North,Service Pack,Partner,1833.0,13,20,688199,False
2024-06-26 00:00:00,CUST03935,user6236@yahoo.com,East,Service Pack,Online,1011805.0,13,0,109644,False
2024-03-11 00:00:00,CUST09768,,North,Widget A,Retail,27644.0,14,0,113494,True
2024-03-10 00:00:00,CUST08944,user3869@outlook.com,Central,,Online,531447.0,45,0,751104,False
2024-01-12 00:00:00,CUST01071,user2934@gmail.com,West,Gadget Pro,Partner,12354.0,49,5,744978,False
2025-02-23 00:00:00,CUST02926,user4263@outlook.com,South,Widget A,Retail,1035469.0,9,5,262962,False
2024-04-23 00:00:00,CUST03809,user2433@gmail.com,,Gadget Pro,Direct,32031.0,29,20,874268,False
2024-12-04 00:00:00,CUST06300,,,Widget A,Direct,20890.0,22,20,714951,False
2024-09-24 00:00:00,CUST06078,user9317@gmail.com,West,Widget B,Retail,3194.0,40,20,102867,False
2024-03-12 08:00:00,CUST08219,,,Widget B,Online,1167271.0,41,20,227215,False
2025-03-02 00:00:00,CUST08668,user5193@yahoo.com,North,Widget A,Partner,16687.0,48,15,708189,False
2025-01-02 00:00:00,CUST02798,,South,Gadget Pro,Partner,22919.0,34,10,898013,False
2024-12-30 00:00:00,CUST09873,user8909@gmail.com,South,Widget A,Retail,39256.0,44,15,369306,False
2024-06-21 00:00:00,CUST07010,user3170@gmail.com,Central,,,40917.0,41,15,843920,False
2024-03-13 02:00:00,CUST04710,,North,,,1952307.0,25,10,764048,False
2024-03-03 00:00:00,CUST01809,user1011@company.in,North,Widget A,Partner,14420.0,33,5,915599,False
2024-12-02 00:00:00,CUST03732,,,,Direct,22656.0,49,15,754195,False
2024-12-07 00:00:00,CUST06726,user3078@yahoo.com,Central,Gadget Pro,Partner,34767.0,41,20,852595,False
2024-01-01 00:00:00,CUST09625,,West,Widget A,Online,45587.0,30,15,ORD-NNJFUK,False
2024-01-06 00:00:00,CUST08134,user4515@company.in,Central,,Direct,46806.0,6,20,803735,False
2024-05-22 00:00:00,CUST06611,user3476@gmail.com,North,,Partner,40306.0,2,0,971698,False
2025-03-24 00:00:00,CUST08281,user8041@yahoo.com,South,Widget B,Online,38077.0,16,10,796284,False
2025-02-17 00:00:00,CUST09499,user5237@yahoo.com,North,Widget B,Partner,9685.0,16,20,585339,False
2024-06-29 00:00:00,CUST01890,user5888@gmail.com,North,Service Pack,Retail,18092.0,17,5,670888,False
2024-01-11 00:00:00,CUST04957,user5764@outlook.com,,Service Pack,Partner,2644.0,9,5,703492,False
2024-03-05 00:00:00,CUST07889,user4290@outlook.com,West,Widget A,Retail,1564.0,4,0,517680,False
2024-10-26 00:00:00,CUST08469,,West,Widget A,Online,38366.0,42,5,417546,False
2024-03-13 04:00:00,CUST06750,user8105@outlook.com,West,Widget A,Partner,2802203.0,1,20,372358,False
2024-03-23 00:00:00,CUST06963,user9426@outlook.com,North,Service Pack,Partner,24677.0,39,15,788544,False
2024-03-13 04:00:00,CUST09424,user6992@outlook.com,South,Gadget Pro,Direct,1647809.0,7,0,906957,False
2024-03-13 06:00:00,CUST03033,user2020@yahoo.com,West,Premium Bundle,Retail,2813480.0,48,20,811613,False
2024-03-13 12:00:00,CUST08708,user5533@gmail.com,West,Widget B,Partner,2787347.0,3,0,117295,False
2024-10-13 00:00:00,CUST07760,user5073@yahoo.com,North,Gadget Pro,Retail,24514.0,34,15,ORD-CRFKYY,False
2024-04-15 00:00:00,CUST04631,user8015@yahoo.com,South,,Online,4651.0,26,0,453687,False
2024-04-16 00:00:00,CUST02097,user2592@yahoo.com,,Widget B,Direct,27116.0,34,0,ORD-ULCPMY,False
2024-01-27 00:00:00,CUST01142,user3661@yahoo.com,West,,Partner,31877.0,21,15,967856,False
2024-04-18 00:00:00,CUST04045,,Central,Widget B,Online,17428.0,29,5,171218,False
2024-01-17 00:00:00,CUST02765,user6285@gmail.com,East,Widget A,Retail,30288.0,4,15,645201,True
2024-02-24 00:00:00,CUST06430,user9747@company.in,South,,Partner,11827.0,21,15,625109,False
2024-01-04 00:00:00,CUST02164,user2235@outlook.com,Central,,Partner,11450.0,19,0,384112,False
2024-01-17 00:00:00,CUST07406,user2391@gmail.com,South,Widget A,Retail,3310.0,39,0,419338,False
2024-07-13 00:00:00,CUST02981,user9515@outlook.com,South,Gadget Pro,Retail,43242.0,11,20,ORD-IKJRPO,False
2024-05-09 00:00:00,CUST02262,user8296@company.in,North,Premium Bundle,Direct,17465.0,36,5,698282,True
2024-11-06 00:00:00,CUST04327,user6567@company.in,South,Widget B,Direct,39937.0,1,15,422654,False
2024-11-21 00:00:00,CUST07498,user9674@company.in,West,Widget A,Retail,23047.0,48,10,259904,False
2024-03-12 14:00:00,CUST03772,,South,Widget A,Partner,2871881.0,14,15,ORD-VCQAVJ,False
2025-01-15 00:00:00,CUST06112,,North,Premium Bundle,Partner,47521.0,28,0,174585,False
2024-07-29 00:00:00,CUST09526,user1188@gmail.com,West,Widget B,Online,30185.0,14,0,288628,False
2024-05-06 00:00:00,CUST03899,,North,Widget B,Partner,23359.0,1,10,193845,False
2025-03-13 00:00:00,CUST05957,user8941@gmail.com,Central,,Retail,17523.0,28,20,969693,False
2024-05-17 00:00:00,CUST01618,user2745@gmail.com,North,Widget A,Direct,32933.0,13,5,612598,False
2025-03-12 00:00:00,CUST08551,user4501@outlook.com,South,Widget A,Direct,3583.0,44,20,321049,False
2024-07-14 00:00:00,CUST08623,user1307@outlook.com,Central,Widget A,,11927.0,16,0,103549,False
2024-01-16 00:00:00,CUST02939,,South,Widget A,Partner,20334.0,44,15,634424,False
2024-04-30 00:00:00,CUST05243,user8798@gmail.com,South,Widget B,Retail,4140.0,6,10,250669,False
2024-07-26 00:00:00,CUST09123,user4972@gmail.com,,Gadget Pro,Direct,14113.0,22,15,796598,False
2024-03-31 00:00:00,CUST08087,user4257@outlook.com,North,Widget A,Partner,656.0,12,5,892138,False
2024-08-21 00:00:00,CUST05408,user7135@outlook.com,South,Widget A,Retail,33908.0,39,5,550648,False
2024-12-21 00:00:00,CUST06443,user4262@yahoo.com,Central,Widget B,Online,47725.0,12,0,359238,False
2024-12-12 00:00:00,CUST03235,user6411@gmail.com,,Widget A,Retail,35138.0,12,20,828576,False
2024-08-12 00:00:00,CUST01855,user1919@company.in,East,Gadget Pro,Direct,36820.0,40,10,557792,False
2024-03-12 14:00:00,CUST04887,user3167@yahoo.com,Central,Premium Bundle,Partner,2965494.0,3,15,604827,True
2024-05-28 00:00:00,CUST05506,user8956@gmail.com,East,Widget B,Online,16197.0,19,0,482767,False
2024-03-12 16:00:00,CUST02898,user3604@company.in,West,,Direct,2398721.0,7,20,742665,False
2024-08-17 00:00:00,CUST06940,user5902@company.in,Central,,Online,30009.0,9,20,221856,False
2024-03-12 20:00:00,CUST01641,,East,Widget B,Partner,2814243.0,44,15,110111,False
2024-02-08 00:00:00,CUST01365,user4189@company.in,North,Widget A,Partner,19716.0,7,0,800910,False
2024-03-15 00:00:00,CUST03608,user9914@outlook.com,Central,Gadget Pro,Online,43861.0,19,5,770960,False
2025-01-31 00:00:00,CUST09880,,Central,Widget A,Retail,34883.0,10,20,482047,False
2024-07-06 00:00:00,CUST09314,user7843@company.in,Central,Service Pack,Direct,14362.0,24,20,432685,False
2024-04-25 00:00:00,CUST03316,user1878@yahoo.com,North,Premium Bundle,Retail,36904.0,2,15,671404,False
2024-03-13 01:00:00,CUST07553,user9238@gmail.com,Central,,Partner,2859669.0,45,20,518061,False
2024-02-14 00:00:00,CUST01190,user7979@gmail.com,North,Service Pack,Online,7909.0,39,0,217525,False
2024-05-14 00:00:00,CUST01285,user5262@outlook.com,East,Widget A,Retail,21867.0,10,0,307605,False
2024-07-05 00:00:00,CUST09647,user7602@yahoo.com,East,Widget A,Partner,17582.0,35,15,395031,False
2024-05-03 00:00:00,CUST02457,user2631@outlook.com,South,Gadget Pro,Retail,21424.0,43,15,432591,False
2024-05-23 00:00:00,CUST09412,user4361@yahoo.com,North,Premium Bundle,Retail,1938704.0,39,0,ORD-TVCFNC,False
2025-01-20 00:00:00,CUST03952,user5114@gmail.com,West,Widget A,Online,20034.0,5,5,829633,False
2024-07-13 00:00:00,CUST04732,user6881@company.in,,,Partner,47766.0,47,20,356124,False
2024-07-23 00:00:00,CUST08245,,South,Service Pack,Direct,35276.0,41,15,518857,False
2024-10-28 00:00:00,CUST03155,user3842@yahoo.com,,Widget A,Direct,10579.0,31,15,556087,False
2024-03-31 00:00:00,CUST09780,user6781@gmail.com,East,Widget A,Retail,21990.0,35,15,116619,False
2024-11-17 00:00:00,CUST03436,user7730@gmail.com,West,Widget A,Online,40855.0,26,15,884662,True
2024-12-27 00:00:00,CUST06890,user2768@outlook.com,East,Widget A,Retail,11973.0,39,0,724348,False
2024-05-10 00:00:00,CUST04767,user7511@company.in,,Widget A,Partner,884.0,37,0,ORD-FCNUXE,False
2024-07-07 00:00:00,CUST02670,user2996@outlook.com,South,Gadget Pro,Online,28899.0,24,15,463167,False
2024-12-10 00:00:00,CUST05725,user9697@company.in,North,Widget A,Online,1984.0,38,0,514241,False
2025-01-15 00:00:00,CUST03702,user2741@gmail.com,East,Gadget Pro,Direct,20016.0,22,10,519678,False
2025-01-22 00:00:00,CUST03901,user7112@gmail.com,North,Widget A,Partner,45444.0,21,5,781168,False
2024-10-04 00:00:00,CUST02461,user5835@yahoo.com,Central,Widget B,Partner,4055.0,7,15,459669,False
2024-03-13 08:00:00,CUST09448,,West,Gadget Pro,Retail,843886.0,18,15,ORD-CLPGNO,False
2024-01-16 00:00:00,CUST02587,user3546@company.in,North,Widget A,Online,20216.0,32,15,504363,False
2025-03-12 00:00:00,CUST06337,user2417@company.in,North,Widget B,Direct,25776.0,35,10,476987,False
2024-10-12 00:00:00,CUST02060,user3162@outlook.com,South,Widget B,Online,1678.0,19,20,765354,False
2024-03-13 02:00:00,CUST07712,user5719@outlook.com,West,Widget A,Retail,2219538.0,28,15,477040,False
2024-12-19 00:00:00,CUST03491,,East,Widget A,Retail,22278.0,26,0,943608,False
2024-04-13 00:00:00,CUST03793,user7266@company.in,North,Widget A,Retail,39894.0,30,10,922982,False
2024-05-09 00:00:00,CUST02445,,North,Widget A,Online,21604.0,17,10,963944,False
2024-08-03 00:00:00,CUST09025,,East,Service Pack,Partner,1290404.0,13,15,431564,False
2024-07-21 00:00:00,CUST03777,user8717@gmail.com,Central,Widget A,Online,37334.0,38,20,695945,False
2024-07-07 00:00:00,CUST06271,user8622@company.in,East,Premium Bundle,Retail,11492.0,18,10,684178,False
2024-09-24 00:00:00,CUST08026,user3688@outlook.com,South,Widget A,Partner,23665.0,48,15,ORD-PZKFOO,False
2024-03-15 00:00:00,CUST03748,user2776@outlook.com,West,Widget A,Online,658420.0,22,20,922893,False
2024-12-11 00:00:00,CUST08528,user4043@outlook.com,West,Widget B,Partner,18284.0,1,5,749086,False
2024-07-06 00:00:00,CUST06474,user9537@outlook.com,North,,Retail,5417.0,5,15,685570,False
2025-03-11 00:00:00,CUST05735,user7475@gmail.com,West,Widget A,Retail,17367.0,1,10,131912,False
2024-07-02 00:00:00,CUST06491,user5905@gmail.com,West,,Online,11243.0,24,5,560970,False
2024-03-07 00:00:00,CUST01726,,West,,Online,7721.0,36,15,367167,False
2025-01-02 00:00:00,CUST01789,user2188@company.in,West,Service Pack,Retail,6595.0,38,0,709388,False
2024-03-12 16:00:00,CUST07378,user5856@yahoo.com,East,Premium Bundle,Direct,2032328.0,48,5,793761,False
2024-11-11 00:00:00,CUST01542,user9233@company.in,,Widget A,Retail,47379.0,28,15,571556,False
2024-02-23 00:00:00,CUST08744,user7691@company.in,East,Service Pack,Partner,12128.0,29,0,892975,False
2025-01-31 00:00:00,CUST07843,user3821@company.in,,Widget A,Partner,27927.0,48,10,894284,False
2024-03-10 00:00:00,CUST01442,,South,Widget B,Direct,41037.0,40,20,715098,True
2024-11-28 00:00:00,CUST05892,user2696@outlook.com,,Gadget Pro,Partner,39817.0,33,10,691011,False
2024-02-07 00:00:00,CUST07049,,East,Gadget Pro,Retail,8233.0,11,5,860924,False
2024-05-29 00:00:00,CUST07738,user8532@yahoo.com,South,Gadget Pro,Direct,17295.0,12,20,ORD-UYVXNO,False
2024-10-02 00:00:00,CUST04323,user6554@yahoo.com,South,,Retail,10687.0,9,20,ORD-PUSLWG,False
2025-03-25 00:00:00,CUST01058,user1845@yahoo.com,East,Service Pack,Online,4973.0,26,0,695972,False
2024-10-21 00:00:00,CUST06240,user4044@gmail.com,South,,Direct,43437.0,16,0,553308,False
2024-11-20 00:00:00,CUST08329,user2791@yahoo.com,North,Premium Bundle,,28906.0,20,10,877003,False
2024-08-10 00:00:00,CUST01352,,Central,Widget A,Partner,40490.0,2,20,351428,False
2024-01-22 00:00:00,CUST08804,user6051@outlook.com,North,Widget A,Partner,42721.0,44,20,725896,False
2024-12-15 00:00:00,CUST05890,user9234@yahoo.com,East,Service Pack,Online,43942.0,24,10,783007,False
2024-12-06 00:00:00,CUST06180,user7381@gmail.com,South,Service Pack,Online,29036.0,48,10,725372,False
2025-03-05 00:00:00,CUST08465,user7878@outlook.com,East,Widget A,Retail,22170.0,34,5,ORD-KLOZRV,False
2025-01-24 00:00:00,CUST09395,user9745@yahoo.com,East,Service Pack,Partner,1356.0,27,5,752806,False
2025-02-02 00:00:00,CUST06752,user3588@outlook.com,West,Widget A,,49578.0,30,10,343003,False
2024-10-23 00:00:00,CUST05155,,Central,Widget B,Direct,9618.0,9,5,ORD-XIWIMB,True
2025-02-14 00:00:00,CUST07804,user4659@company.in,West,Service Pack,Retail,24430.0,35,20,ORD-GGFVVJ,False
2024-09-01 00:00:00,CUST06587,user9609@outlook.com,North,Gadget Pro,Direct,42606.0,21,20,867903,False
2025-02-13 00:00:00,CUST08136,user6188@company.in,North,Widget A,Retail,45184.0,40,5,870521,True
2024-10-01 00:00:00,CUST05214,,Central,Widget A,Retail,48374.0,20,0,320085,False
2024-10-29 00:00:00,CUST05320,user1130@company.in,North,Premium Bundle,Online,13504.0,16,10,610897,False
2024-01-15 00:00:00,CUST02652,user8141@outlook.com,North,Service Pack,Direct,34740.0,29,20,694138,False
2024-09-15 00:00:00,CUST01577,user5272@yahoo.com,North,Service Pack,Direct,19477.0,35,10,570230,False
2024-09-18 00:00:00,CUST06046,user8279@outlook.com,North,Widget A,Online,47446.0,24,0,274976,False
2024-05-09 00:00:00,CUST07513,,West,,Online,27241.0,28,10,600059,False
2024-01-14 00:00:00,CUST09187,,South,Gadget Pro,Partner,31924.0,45,15,765107,False
2025-02-10 00:00:00,CUST02733,user3417@gmail.com,South,Gadget Pro,Partner,7793.0,1,0,615182,False
2025-02-16 00:00:00,CUST05467,user2234@yahoo.com,,Widget A,Online,2850.0,1,10,497018,False
2024-12-14 00:00:00,CUST01558,user5506@yahoo.com,South,Widget B,Retail,37285.0,43,15,978859,False
2024-09-07 00:00:00,CUST09228,user7396@company.in,North,Service Pack,Direct,16167.0,18,0,927308,False
2024-01-23 00:00:00,CUST02158,,South,Widget B,Partner,16309.0,25,10,846145,False
2024-05-17 00:00:00,CUST07308,user1257@gmail.com,East,Service Pack,Online,33591.0,20,0,705848,False
2024-05-17 00:00:00,CUST05573,user3868@outlook.com,West,Gadget Pro,Online,26308.0,16,15,231503,False
2025-03-15 00:00:00,CUST09987,,North,Widget B,Direct,28690.0,16,0,803508,False
2024-03-15 00:00:00,CUST05863,user7484@company.in,West,Widget A,Online,18543.0,7,20,ORD-OZNGGL,False
2024-10-06 00:00:00,CUST02668,user4438@company.in,South,Gadget Pro,Partner,2635448.0,25,10,695393,False
2024-01-28 00:00:00,CUST01639,user5006@gmail.com,West,Widget A,Direct,38617.0,16,5,443376,False
2024-05-07 00:00:00,CUST05264,user1721@gmail.com,North,Service Pack,Retail,21657.0,18,10,918430,False
2024-06-08 00:00:00,CUST09075,user7755@gmail.com,East,Gadget Pro,Direct,39257.0,8,20,ORD-HMYBRR,False
2024-03-25 00:00:00,CUST09907,user9622@company.in,North,Widget B,,36514.0,25,0,437572,False
2025-01-21 00:00:00,CUST05173,user3281@yahoo.com,West,Widget B,Online,13067.0,7,5,525967,False
2024-11-05 00:00:00,CUST04683,user3983@company.in,East,Premium Bundle,Direct,34036.0,33,15,545832,False
2024-05-15 00:00:00,CUST01009,user7512@gmail.com,North,,Retail,11085.0,3,10,838193,False
2025-01-23 00:00:00,CUST08433,user3328@yahoo.com,East,Widget B,Direct,42050.0,1,20,542106,False
2024-03-13 00:00:00,CUST04169,user8381@outlook.com,South,,Retail,9656.0,28,20,492148,False
2024-11-22 00:00:00,CUST06225,,West,Widget A,Partner,7071.0,43,15,ORD-EHRSOO,False
2025-01-30 00:00:00,CUST03581,user7253@company.in,West,Widget A,Retail,12490.0,3,10,757236,False
2024-04-09 00:00:00,CUST02555,user7116@yahoo.com,North,Gadget Pro,Retail,47817.0,42,0,458445,False
2024-10-25 00:00:00,CUST06417,user4079@outlook.com,South,Widget A,Online,13026.0,10,5,ORD-CXTOCU,False
2025-02-07 00:00:00,CUST05911,user7275@outlook.com,,Widget A,Online,16260.0,31,0,223129,False
2024-11-03 00:00:00,CUST06773,user5843@company.in,South,Widget A,Retail,14674.0,23,0,624439,True
2024-10-21 00:00:00,CUST09644,user3079@company.in,North,Widget B,Partner,6013.0,1,5,329223,False
2024-02-06 00:00:00,CUST07603,user4122@company.in,,Premium Bundle,Online,4434.0,14,15,ORD-SHYOAA,False
2024-05-06 00:00:00,CUST07580,user2235@gmail.com,,Service Pack,Partner,33389.0,29,0,ORD-ANTDHN,False
2024-04-01 00:00:00,CUST05468,user8172@outlook.com,North,,Direct,44339.0,6,5,778803,False
2025-03-07 00:00:00,CUST08297,user8967@yahoo.com,,,Direct,14610.0,47,5,727006,False
2024-09-06 00:00:00,CUST02759,user9369@outlook.com,South,Widget B,Online,2922.0,30,20,183501,False
2025-01-02 00:00:00,CUST06035,user5783@company.in,West,,Online,33900.0,14,15,577125,False
2025-02-18 00:00:00,CUST04953,,North,Widget A,Retail,23349.0,19,10,807333,False
2024-04-29 00:00:00,CUST02377,user6873@company.in,Central,Service Pack,Retail,13191.0,40,10,842856,False
2024-03-12 02:00:00,CUST04926,user6016@company.in,West,Service Pack,Online,764269.0,34,10,255940,False
2025-03-08 00:00:00,CUST09425,user1920@company.in,West,,,40967.0,39,20,213277,False
2024-05-23 00:00:00,CUST03118,user4817@company.in,,Gadget Pro,Retail,11561.0,27,20,ORD-NQSBCL,False
2024-07-06 00:00:00,CUST08012,user7098@gmail.com,East,Premium Bundle,Retail,22305.0,41,10,590581,False
2024-07-28 00:00:00,CUST08868,user8361@yahoo.com,,Widget B,Retail,613740.0,19,10,296143,False
2024-06-05 00:00:00,CUST09648,user6077@gmail.com,Central,Service Pack,Direct,4612.0,32,10,ORD-MPCGJP,False
2024-06-26 00:00:00,CUST09724,user8231@yahoo.com,South,Premium Bundle,Partner,36288.0,17,15,158974,False
2024-03-12 19:00:00,CUST08268,user2741@outlook.com,West,Widget B,Partner,1748055.0,6,20,464054,False
2024-08-02 00:00:00,CUST06380,user1111@company.in,North,Widget B,Direct,20125.0,45,20,ORD-YVMQJT,False
2024-06-14 00:00:00,CUST01041,user6928@gmail.com,South,Widget B,Online,31091.0,7,10,181944,False
2024-07-14 00:00:00,CUST09219,user6562@yahoo.com,Central,Widget B,Online,41765.0,12,5,ORD-MFCIKE,False
2025-02-20 00:00:00,CUST05989,user5477@company.in,South,Service Pack,Direct,41532.0,14,15,519849,False
2024-04-24 00:00:00,CUST03480,,North,Premium Bundle,,48849.0,43,15,995429,False
2025-01-19 00:00:00,CUST08326,user5456@gmail.com,,Gadget Pro,Direct,48004.0,3,5,757260,False
2024-01-01 00:00:00,CUST06932,user4742@gmail.com,,Widget A,Retail,2064.0,33,10,ORD-GTTFKC,False
2024-05-26 00:00:00,CUST02262,,Central,Widget A,Partner,49351.0,26,5,120900,False
2024-08-19 00:00:00,CUST09901,user3009@yahoo.com,North,Widget A,Retail,18123.0,34,10,594852,False
2024-10-19 00:00:00,CUST03128,,,Service Pack,Partner,27087.0,12,15,ORD-RXOAYR,False
2024-09-05 00:00:00,CUST01925,user7750@outlook.com,West,Premium Bundle,Direct,752.0,30,15,569894,False
2024-06-03 00:00:00,CUST03144,user9951@yahoo.com,North,Premium Bundle,Retail,41803.0,44,20,ORD-MTOGKL,False
2024-07-06 00:00:00,CUST02854,user8635@gmail.com,East,Widget B,Direct,10458.0,14,5,788515,True
2025-02-17 00:00:00,CUST02080,user6582@yahoo.com,East,Service Pack,Retail,31923.0,32,10,749443,False
2024-09-06 00:00:00,CUST09658,user9008@outlook.com,West,Widget A,Partner,34456.0,4,0,408783,False
2024-04-08 00:00:00,CUST09776,,East,Premium Bundle,Direct,28237.0,38,10,424555,False
2024-07-27 00:00:00,CUST09346,user3248@company.in,West,Widget B,Online,22896.0,27,5,ORD-RMTHTU,False
2024-12-10 00:00:00,CUST01099,user1824@yahoo.com,East,Service Pack,Partner,49245.0,38,15,ORD-BFSAXR,True
2025-02-12 00:00:00,CUST04323,user9673@company.in,East,Widget A,Online,11447.0,34,0,609757,False
2024-08-02 00:00:00,CUST03556,,,Widget B,Online,33473.0,37,0,157960,False
2024-09-24 00:00:00,CUST05425,user4734@yahoo.com,North,Widget B,Direct,29112.0,43,15,ORD-LIKPRP,False
2024-06-13 00:00:00,CUST02576,user7167@yahoo.com,North,Widget B,Direct,506021.0,8,15,ORD-LYAAHA,False
2024-05-12 00:00:00,CUST09240,,East,Widget A,Online,16310.0,25,5,765083,False
2024-11-22 00:00:00,CUST05988,user7249@company.in,Central,Widget B,Partner,19287.0,49,5,ORD-PRJRZC,False
2024-05-12 00:00:00,CUST09036,user6253@yahoo.com,West,Widget B,Retail,18427.0,2,0,796871,False
2024-10-20 00:00:00,CUST07756,,Central,Widget A,Direct,43629.0,26,5,743007,False
2024-07-20 00:00:00,CUST01521,user8212@company.in,North,Gadget Pro,Partner,45333.0,13,10,209010,False
2024-05-19 00:00:00,CUST03460,user5177@yahoo.com,South,Widget A,Online,9032.0,10,20,664337,False
2024-11-15 00:00:00,CUST03607,user3076@outlook.com,East,,Direct,13698.0,49,20,214599,False
2025-02-19 00:00:00,CUST05848,user5511@outlook.com,South,Service Pack,Direct,15897.0,42,20,327688,False
2024-09-30 00:00:00,CUST05924,user1323@gmail.com,South,Widget B,Partner,48540.0,1,20,145501,False
2024-07-14 00:00:00,CUST04754,user1653@company.in,Central,,Online,13342.0,6,0,456306,False
2024-05-09 00:00:00,CUST08002,,South,Widget B,Online,16626.0,10,10,970948,False
2024-01-26 00:00:00,CUST04146,user9664@yahoo.com,South,Premium Bundle,Direct,6910.0,22,20,488173,False
2024-03-22 00:00:00,CUST04677,user7815@gmail.com,East,Service Pack,Retail,4750.0,48,0,464780,False
2024-12-13 00:00:00,CUST06509,user6123@yahoo.com,,Service Pack,Retail,32570.0,37,5,ORD-DMUTFP,False
2024-07-05 00:00:00,CUST04668,user6432@gmail.com,West,Service Pack,Retail,29699.0,6,5,314593,False
2024-04-29 00:00:00,CUST03012,user5374@yahoo.com,Central,Widget A,Partner,8800.0,22,20,ORD-RNPYXO,False
2024-07-15 00:00:00,CUST03543,user9255@company.in,North,Service Pack,Retail,31288.0,25,20,410039,True
2024-03-13 03:00:00,CUST02208,user8238@outlook.com,,Widget A,Retail,1303601.0,49,5,ORD-ZTJATI,False
2024-06-14 00:00:00,CUST06553,user8451@gmail.com,,Widget B,Retail,30942.0,23,5,582704,False
2024-07-24 00:00:00,CUST03543,user4944@yahoo.com,East,Widget B,Partner,21584.0,31,15,724992,False
2024-03-29 00:00:00,CUST03601,user7770@gmail.com,North,Service Pack,Retail,577728.0,10,5,423407,False
2024-01-10 00:00:00,CUST02460,user3330@gmail.com,South,,Partner,11752.0,42,20,537559,False
2024-09-11 00:00:00,CUST03021,user4088@gmail.com,East,Gadget Pro,Online,24157.0,21,10,880772,False
2025-01-23 00:00:00,CUST01244,user1699@outlook.com,,Premium Bundle,Online,40903.0,32,0,343940,False
2024-03-10 00:00:00,CUST09294,,West,Widget A,Partner,26661.0,19,0,549731,False
2024-02-05 00:00:00,CUST08194,user3787@outlook.com,West,Widget A,Online,42935.0,45,15,693181,False
2025-01-18 00:00:00,CUST09365,user4695@company.in,East,Service Pack,Partner,20987.0,40,5,722797,False
2024-11-28 00:00:00,CUST02549,user3828@outlook.com,North,Service Pack,Online,8815.0,35,15,121278,False
2025-02-03 00:00:00,CUST08185,user4460@gmail.com,East,Widget B,Partner,6623.0,47,10,ORD-PWDNCJ,False
2025-03-09 00:00:00,CUST07777,user1410@company.in,,Gadget Pro,Online,25829.0,46,15,287174,False
2025-01-17 00:00:00,CUST01405,user8126@company.in,North,Gadget Pro,Online,11599.0,6,10,619903,True
2024-06-16 00:00:00,CUST06493,user5482@outlook.com,South,Gadget Pro,Partner,28086.0,34,0,478000,False
2024-03-13 03:00:00,CUST04293,user7888@outlook.com,North,Widget A,Partner,2911353.0,37,20,712973,False
2025-03-15 00:00:00,CUST07184,user8479@company.in,East,Widget B,Direct,38431.0,40,5,320383,False
2024-06-19 00:00:00,CUST09888,user1423@gmail.com,North,Service Pack,Direct,28389.0,47,0,510857,False
2024-05-13 00:00:00,CUST03595,,North,Widget A,Online,18063.0,37,5,162825,False
2024-06-10 00:00:00,CUST03605,user4111@company.in,North,Service Pack,Retail,2676.0,33,20,800145,True
2024-03-12 07:00:00,CUST02730,,West,,Retail,1077152.0,48,15,878385,False
2024-03-27 00:00:00,CUST08450,user3876@outlook.com,North,Widget B,Retail,36898.0,7,20,457543,False
2025-01-16 00:00:00,CUST02442,user2468@company.in,North,Widget A,Direct,34325.0,22,5,773721,False
2024-07-13 00:00:00,CUST05783,,West,Widget A,Partner,32408.0,46,10,ORD-DUTWYQ,False
2025-03-03 00:00:00,CUST07604,user1230@company.in,South,Widget A,Direct,1647.0,15,0,143001,False
2024-07-12 00:00:00,CUST02770,user3527@outlook.com,South,Widget B,Online,27042.0,21,10,579242,False
2024-07-22 00:00:00,CUST03590,user9655@gmail.com,East,Service Pack,Direct,42611.0,10,0,124435,False
2024-03-12 23:00:00,CUST06305,user6310@outlook.com,South,Widget A,Retail,2326319.0,8,0,478413,False
2024-01-02 00:00:00,CUST03001,user2425@outlook.com,South,Widget B,Online,7080.0,19,15,816228,False
2024-09-30 00:00:00,CUST03011,user5991@gmail.com,Central,Gadget Pro,Partner,2399.0,44,10,485374,False
2024-12-05 00:00:00,CUST09363,,North,Premium Bundle,Retail,7546.0,8,15,390089,False
2024-04-28 00:00:00,CUST06881,user4750@gmail.com,West,Widget A,Partner,33112.0,35,15,ORD-SYHEXY,True
2025-02-25 00:00:00,CUST01323,,South,Widget B,Direct,19257.0,7,15,311669,False
2024-03-12 06:00:00,CUST02401,user2259@yahoo.com,North,Widget A,Direct,1467082.0,27,20,244831,False
2024-11-16 00:00:00,CUST01980,user6053@company.in,South,Widget B,Online,5808.0,42,10,ORD-PXCGZF,False
2024-09-03 00:00:00,CUST08839,user6995@gmail.com,,Widget B,Online,21393.0,4,15,639170,False
2024-05-22 00:00:00,CUST08371,user2680@gmail.com,South,Widget A,Retail,26960.0,31,5,555386,False
2024-06-21 00:00:00,CUST05791,user7154@gmail.com,,Widget B,Partner,37586.0,15,5,658579,False
2024-11-16 00:00:00,CUST09309,user1535@company.in,West,,Partner,47486.0,42,15,736760,False
2024-09-06 00:00:00,CUST05284,,East,Widget B,Retail,16304.0,41,0,441241,False
2024-03-12 03:00:00,CUST01848,user8657@yahoo.com,East,Widget A,Online,1803788.0,2,5,411281,False
2024-10-08 00:00:00,CUST06678,user3695@company.in,East,Widget A,Retail,25362.0,41,5,258623,False
2024-10-07 00:00:00,CUST01795,user4170@company.in,South,Widget B,Online,28278.0,32,10,ORD-QNZHIN,False
2025-02-12 00:00:00,CUST01067,user3851@company.in,Central,Service Pack,Partner,17303.0,40,15,407297,False
2024-10-25 00:00:00,CUST03197,,South,Widget A,Online,40547.0,30,20,725262,False
2024-09-27 00:00:00,CUST01699,user7705@company.in,North,,Direct,12332.0,25,20,735201,False
2024-03-16 00:00:00,CUST02990,,South,Widget B,Partner,31407.0,48,0,314227,False
2024-08-26 00:00:00,CUST01550,user4267@yahoo.com,South,Widget A,Online,22523.0,34,20,ORD-RXWMGJ,False
2024-10-19 00:00:00,CUST08122,user1762@gmail.com,Central,Premium Bundle,Retail,15140.0,13,20,792053,True
2024-02-02 00:00:00,CUST02180,,,Service Pack,Direct,30357.0,18,5,ORD-ETYETG,False
2024-05-22 00:00:00,CUST02949,user1062@outlook.com,West,Premium Bundle,Partner,9254.0,12,5,352148,False
2024-06-29 00:00:00,CUST09482,user8170@outlook.com,,Gadget Pro,Online,47938.0,22,5,973566,False
2025-02-03 00:00:00,CUST09874,user4598@company.in,North,Widget A,Retail,26543.0,18,5,858550,False
2025-03-04 00:00:00,CUST03715,user8305@outlook.com,South,Widget A,Online,6862.0,37,5,ORD-QSETCS,False
2024-04-13 00:00:00,CUST04685,,Central,Gadget Pro,Retail,2280.0,45,5,708254,False
2024-05-17 00:00:00,CUST03276,user8428@gmail.com,North,Gadget Pro,Online,15337.0,14,20,973103,True
2024-03-31 00:00:00,CUST08383,,,,Direct,33655.0,1,5,593082,False
2024-02-26 00:00:00,CUST02382,user1404@company.in,,Service Pack,Retail,35652.0,46,5,940944,True
2024-09-19 00:00:00,CUST06970,user2052@outlook.com,North,Service Pack,,20258.0,23,15,147496,False
2024-08-23 00:00:00,CUST06215,,,Widget A,Partner,33549.0,19,15,752025,False
2024-10-04 00:00:00,CUST08768,user7947@outlook.com,South,Gadget Pro,Direct,10898.0,20,10,530137,False
2024-10-31 00:00:00,CUST09167,user9428@gmail.com,East,Widget A,Direct,16197.0,42,0,563572,False
2024-12-17 00:00:00,CUST07071,user7209@gmail.com,,Service Pack,Online,19449.0,11,20,130869,False
2024-07-26 00:00:00,CUST06109,user8682@outlook.com,West,Premium Bundle,Retail,48400.0,33,10,ORD-KTZELW,False
2024-01-10 00:00:00,CUST02686,,West,Premium Bundle,Partner,24156.0,49,5,246279,False
2024-06-16 00:00:00,CUST07212,user8939@yahoo.com,West,Service Pack,Partner,29060.0,23,0,888077,False
2024-03-13 02:00:00,CUST09323,,North,Widget A,Direct,708731.0,21,15,316337,False
2024-08-09 00:00:00,CUST06999,user8430@outlook.com,,Widget A,Partner,2976.0,8,15,214687,False
2024-05-15 00:00:00,CUST06273,,Central,Widget B,Direct,33969.0,31,15,426521,False
2024-01-04 00:00:00,CUST01923,user8997@gmail.com,West,Gadget Pro,Direct,19922.0,3,15,935250,False
2024-04-11 00:00:00,CUST05220,,West,Widget B,Partner,1467.0,6,5,733528,False
2024-05-01 00:00:00,CUST02755,user9193@gmail.com,North,Premium Bundle,Online,2894.0,8,20,258084,False
2025-03-07 00:00:00,CUST03491,user1749@yahoo.com,West,Widget B,Online,32694.0,37,5,725837,False
2024-10-12 00:00:00,CUST01941,user7484@company.in,South,Widget B,Direct,26678.0,34,5,990649,True
2024-05-21 00:00:00,CUST08279,user6447@yahoo.com,North,Gadget Pro,Partner,2675843.0,39,10,371678,False
2024-06-15 00:00:00,CUST06938,user5803@company.in,North,Widget A,Direct,4143.0,42,5,363925,False
2024-03-12 17:00:00,CUST01535,user9153@yahoo.com,East,Service Pack,Retail,2583406.0,13,5,515500,False
2024-07-08 00:00:00,CUST06663,user8055@yahoo.com,North,Widget A,Retail,46159.0,31,20,852506,False
2024-10-01 00:00:00,CUST09952,user1613@gmail.com,South,Widget A,Retail,14091.0,11,10,821516,False
2024-02-21 00:00:00,CUST03381,user7408@outlook.com,West,Widget B,Online,3726.0,49,15,166919,False
2025-02-22 00:00:00,CUST09750,user4594@outlook.com,West,Premium Bundle,Direct,1885.0,8,10,107572,True
2024-06-18 00:00:00,CUST09627,user2353@outlook.com,Central,Gadget Pro,,6393.0,44,10,875938,False
2024-08-22 00:00:00,CUST02388,user5631@company.in,North,Widget A,Partner,3958.0,7,20,954862,False
2024-09-11 00:00:00,CUST07461,user5351@outlook.com,North,Gadget Pro,Direct,6715.0,22,10,424748,False
2024-10-21 00:00:00,CUST07981,user8460@yahoo.com,West,Widget A,Retail,37240.0,16,0,299950,False
2024-05-10 00:00:00,CUST08158,user4239@outlook.com,West,Widget B,Online,39256.0,4,15,746289,False
2024-09-03 00:00:00,CUST01586,user5853@yahoo.com,East,,Direct,3502.0,16,15,814634,False
2024-05-13 00:00:00,CUST08945,user1478@yahoo.com,South,Widget B,Online,47460.0,2,0,536950,False
2024-03-15 00:00:00,CUST03710,user6661@company.in,West,Widget A,Direct,32456.0,34,15,453144,False
2024-03-23 00:00:00,CUST01743,user8785@company.in,West,Widget A,Online,34203.0,27,15,718602,False
2024-02-06 00:00:00,CUST07765,user9584@gmail.com,North,Gadget Pro,Partner,3204.0,6,0,528877,False
2024-07-02 00:00:00,CUST04228,user5593@gmail.com,,Widget A,Direct,49077.0,3,20,580911,False
2025-03-04 00:00:00,CUST02729,user9827@yahoo.com,East,Service Pack,Retail,17487.0,3,5,623002,False
2025-03-11 00:00:00,CUST02742,user5754@outlook.com,South,Widget B,Direct,46694.0,26,15,451098,False
