product_id,last_updated,category,brand,price_inr,stock_quantity,rating,review_count,is_active,sku
PROD63991,2026-09-05,Home & Kitchen,OffBrand,46799.0,257,1.907147878753861,537.0,True,SKU-888923
PROD91561,2026-09-06,Home & Kitchen,BrandA,37303.0,14,4.85104982950406,975.0,True,SKU-259982
PROD89576,2026-09-14,Home & Kitchen,BrandB,36046.0,480,3.3913783769937913,536.0,True,SKU-819426
PROD28049,2026-09-06,Clothing,NoName,8330.0,55,3.13416635215428,,True,SKU-419817
PROD37046,2026-09-12,Clothing,NoName,323.0,432,1.1209869015366083,1778.0,True,SKU-384948
PROD48839,2026-09-07,Electronics,BrandB,15572.0,238,1.2508539915022747,64.0,True,SKU-321838
PROD57528,2026-09-09,Home & Kitchen,BrandA,34622.0,282,2.1820908985323744,1713.0,True,SKU-336275
PROD16605,2026-09-11,Electronics,NoName,15994.0,170,2.288949756863483,3191.0,True,SKU-897478
PROD82071,2026-09-08,Clothing,Premium,29299.0,335,4.163585007699751,75.0,True,SKU-408953
PROD26554,2026-09-05,Clothing,BrandC,27468.0,197,8.610586613736935,4325.0,True,SKU-338157
PROD98404,2026-09-13,Electronics,Premium,27549.0,493,1.1699599275084753,834.0,True,SKU-278981
PROD43346,2026-09-12,Clothing,OffBrand,17553.0,4,3.369843906530835,1157.0,True,SKU-901927
PROD47849,2026-09-13,Electronics,BrandB,44258.0,493,1.7844526607208788,1429.0,True,SKU-828921
PROD13691,2026-09-03,Home & Kitchen,BrandC,18612.0,279,1.2408050055996602,1047.0,True,SKU-827190
PROD10794,2026-09-01,Toys,BrandB,33699.0,475,4.420047176219217,444.0,True,SKU-439792
PROD94805,2026-09-03,Sports,NoName,17568.0,45,9.422372098682313,2738.0,True,SKU-835606
PROD35452,2026-09-12,Books,BrandB,17888.0,94,,3432.0,False,SKU-404978
PROD78496,2026-09-06,Clothing,BrandB,41383.0,458,3.1742578052513593,489.0,True,SKU-873822
PROD53107,2026-09-14,Electronics,NoName,5690.0,390,4.317532425931094,1660.0,False,SKU-596055
PROD24917,2026-09-04,Electronics,,37360.0,487,4.174211897152038,1221.0,False,SKU-266451
PROD76943,2026-09-04,Toys,BrandA,41686.0,202,4.531946228324899,213.0,True,SKU-979071
PROD46269,2026-09-05,Clothing,BrandB,4132.0,463,4.315330824878576,4712.0,True,SKU-720517
PROD54587,2026-09-08,Home & Kitchen,BrandA,4792.0,392,4.8401058495438285,4692.0,True,SKU-652238
PROD91778,2026-09-01,Sports,BrandC,37203.0,-70,3.3245325242815276,457.0,False,SKU-691974
PROD48196,2026-09-13,Electronics,NoName,42471.0,259,3.925786589103613,3643.0,True,SKU-974994
PROD55097,2026-09-02,Home & Kitchen,BrandA,45948.0,42,4.943611182051487,2779.0,False,SKU-547529
PROD35421,2026-09-03,Clothing,Premium,8742.0,479,4.367340139408449,888.0,False,SKU-365987
PROD90561,2026-09-06,Electronics,NoName,31745.0,122,3.183025423039317,2897.0,True,SKU-254044
PROD92595,2026-09-08,Home & Kitchen,BrandA,8965.0,467,1.830067679603721,,True,SKU-232538
PROD17022,2026-09-03,Home & Kitchen,OffBrand,15628.0,309,2.8840749262626173,,False,SKU-646918
PROD66923,2026-09-13,Clothing,BrandB,35356.0,357,1.407392777599878,663.0,False,SKU-707251
PROD26393,2026-09-06,Sports,OffBrand,4732.0,429,1.3346090526072096,3824.0,True,SKU-298201
PROD63823,2026-09-04,Clothing,BrandC,43990.0,-52,3.6295816092269177,1659.0,True,SKU-170676
PROD82873,2026-09-02,Home & Kitchen,BrandA,39383.0,363,2.5000767812110705,3261.0,True,SKU-100884
PROD82671,2026-09-05,Books,BrandC,1628.0,210,2.1509414175294106,4336.0,True,SKU-341268
PROD25508,2026-09-13,Books,NoName,0.0,25,3.6383668902246526,2995.0,True,SKU-935284
PROD34244,2026-09-04,Electronics,NoName,24025.0,137,3.5536024112829927,1826.0,True,SKU-174718
PROD90667,2026-09-10,Clothing,,18360.0,45,2.1977728711538265,1890.0,True,SKU-964452
PROD87231,2026-09-03,Clothing,BrandB,28980.0,444,4.496234755379678,1810.0,True,SKU-778448
PROD13379,2026-09-14,Home & Kitchen,OffBrand,41033.0,461,3.2475113424534423,2599.0,True,SKU-364899
PROD42935,2026-09-01,Books,Premium,846.0,26,2.290363993889077,349.0,True,SKU-601066
PROD66591,2026-09-03,Clothing,Premium,4302.0,223,2.9908749049116645,3085.0,True,SKU-672634
PROD41423,2026-09-14,Clothing,BrandB,14491.0,67,1.9323277549256823,1023.0,True,SKU-373190
PROD87362,2026-09-07,Toys,NoName,12440.0,133,2.104352933386753,1405.0,True,SKU-591768
PROD94874,2026-09-08,Clothing,BrandC,45242.0,430,2.6677404335317445,3536.0,True,SKU-683300
PROD54441,2026-09-07,Sports,OffBrand,1766.0,227,,2767.0,True,SKU-330360
PROD46492,2026-09-10,Home & Kitchen,BrandC,4889.0,432,2.271922624077923,3062.0,True,SKU-627222
PROD68624,2026-09-02,Sports,NoName,47906.0,483,1.9117296577245142,1816.0,True,SKU-825744
PROD42829,2026-09-01,Clothing,BrandC,33061.0,182,4.883431123725918,3010.0,True,SKU-769889
PROD55904,2026-09-02,Toys,Premium,4656.0,172,3.101263981384499,3213.0,True,SKU-901309
PROD14606,2026-09-10,Sports,Premium,582.0,126,2.586598837772393,256.0,True,SKU-175690
PROD76801,2026-09-02,Clothing,NoName,42150.0,278,3.7661100783218258,3462.0,True,SKU-152689
PROD66990,2026-09-07,Home & Kitchen,OffBrand,20787.0,191,4.6236798541264825,,True,SKU-331172
PROD55045,2026-09-11,Books,OffBrand,20812.0,495,1.4576731819638828,1833.0,True,SKU-416125
PROD78693,2026-09-07,Electronics,BrandC,37233.0,47,4.035746000566215,3092.0,True,SKU-541888
PROD15425,2026-09-04,Books,Premium,13159.0,29,4.718561837800163,1185.0,False,SKU-634473
PROD39490,2026-09-14,Sports,BrandA,19999.0,274,4.178938682921833,,True,SKU-623909
PROD45050,2026-09-10,Home & Kitchen,BrandC,12392.0,232,1.6008062315983995,4947.0,True,SKU-875104
PROD38818,2026-09-14,Electronics,BrandA,29954.0,114,4.712459629127714,4276.0,True,SKU-531790
PROD87209,2026-09-03,Books,OffBrand,32623.0,141,2.3626285300850958,4814.0,True,SKU-815915
PROD46582,2026-09-08,Home & Kitchen,BrandA,31214.0,325,3.9746730076191352,2568.0,True,SKU-136623
PROD91354,2026-09-13,Electronics,NoName,41033.0,67,1.0863593271860386,2495.0,True,SKU-395454
PROD22628,2026-09-07,Books,NoName,0.0,355,3.4129963593092296,,True,SKU-386650
PROD94663,2026-09-09,Electronics,NoName,26579.0,181,3.2173505256031105,1897.0,True,SKU-200485
PROD43767,2026-09-03,Home & Kitchen,BrandB,17628.0,4,2.3882404404814923,4683.0,True,SKU-314138
PROD14969,2026-09-09,Home & Kitchen,NoName,24814.0,335,4.142511253842991,3192.0,True,SKU-557163
PROD57391,2026-09-06,Home & Kitchen,,11149.0,258,4.304578128372394,730.0,True,SKU-478621
PROD14987,2026-09-11,Electronics,BrandC,492.0,271,3.742457747329767,3085.0,True,SKU-819109
PROD42815,2026-09-12,Sports,BrandA,45899.0,-36,2.395585382029499,2234.0,True,SKU-540179
PROD49241,2026-09-10,Electronics,BrandB,11609.0,313,2.9063285767160454,,True,SKU-770967
PROD11645,2026-09-02,Sports,BrandA,16315.0,355,1.5483175782510394,1531.0,True,SKU-786847
PROD17228,2026-09-10,Sports,,20073.0,347,1.143192458455856,3454.0,True,SKU-949618
PROD64720,2026-09-09,Electronics,BrandC,25824.0,377,3.537256863083019,4192.0,True,SKU-515142
PROD85393,2026-09-07,Clothing,BrandA,48088.0,73,1.2121270292384825,402.0,True,SKU-182615
PROD64012,2026-09-05,Home & Kitchen,BrandB,30865.0,14,1.327364765588058,,True,SKU-545092
PROD90370,2026-09-06,Clothing,BrandA,16555.0,45,2.544921692236809,2512.0,True,SKU-339266
PROD70696,2026-09-13,Electronics,BrandB,48906.0,393,2.641168975419759,3218.0,True,SKU-694917
PROD33842,2026-09-04,Electronics,OffBrand,23073.0,237,4.548910118560233,2394.0,True,SKU-968733
PROD16989,2026-09-09,Electronics,BrandB,40315.0,44,2.8211776046702086,4206.0,True,SKU-158458
PROD41810,2026-09-08,Clothing,,16094.0,269,2.782190635738335,1722.0,True,SKU-163927
PROD18192,2026-09-01,Books,BrandA,24435.0,341,2.4682448682507387,271.0,True,SKU-940014
PROD74605,2026-09-05,Electronics,NoName,21146.0,172,4.290028287322014,2085.0,True,SKU-330069
PROD81988,2026-09-13,Clothing,BrandC,10450.0,360,3.893104339069685,3251.0,True,SKU-442482
PROD65437,2026-09-14,Sports,BrandB,6255.0,193,3.4569515842451315,958.0,True,SKU-281885
PROD18850,2026-09-11,Home & Kitchen,NoName,11332.0,388,3.5290602517482395,4444.0,True,SKU-768295
PROD21976,2026-09-12,Home & Kitchen,BrandC,39647.0,419,2.7891824411564285,599.0,True,SKU-596378
PROD47798,2026-09-11,Books,NoName,14225.0,126,3.9041650186263794,51.0,False,SKU-850526
PROD45236,2026-09-01,Sports,BrandB,27527.0,95,4.006055219451246,1927.0,True,SKU-143776
PROD27805,2026-09-08,Electronics,BrandB,14422.0,362,3.904295713162202,1741.0,True,SKU-837614
PROD27001,2026-09-01,Toys,BrandB,39185.0,60,3.5549037861385018,2518.0,True,SKU-790294
PROD53107,2026-09-04,Home & Kitchen,OffBrand,27219.0,36,2.70394437296682,3118.0,True,SKU-213154
PROD65099,2026-09-02,Electronics,NoName,24377.0,11,4.196062511177687,239.0,True,SKU-392605
PROD33399,2026-09-13,Electronics,NoName,38920.0,417,3.99181416838038,3053.0,True,SKU-932842
PROD30740,2026-09-04,Sports,BrandA,46618.0,136,2.3387452851263575,1533.0,True,SKU-983014
PROD69321,2026-09-01,Home & Kitchen,Premium,33125.0,456,2.0744313069506926,,True,SKU-293820
PROD64542,2026-09-04,Clothing,BrandB,0.0,229,3.780872298933323,2692.0,True,SKU-944533
PROD12357,2026-09-09,Clothing,BrandA,13074.0,335,2.9298633038106345,1635.0,True,SKU-796039
PROD57992,2026-09-12,Clothing,NoName,23869.0,8,1.9803473160385967,2882.0,True,SKU-268391
PROD92821,2026-09-05,Electronics,Premium,8450.0,234,4.336403427603592,4585.0,True,SKU-338543
PROD75839,2026-09-13,Home & Kitchen,Premium,37922.0,330,4.109332534035321,389.0,False,SKU-945281
PROD20340,2026-09-06,Books,NoName,6529.0,349,8.896373997410361,191.0,True,SKU-946518
PROD77239,2026-09-03,Home & Kitchen,OffBrand,12413.0,373,2.9124450299424227,4435.0,True,SKU-652461
PROD32657,2026-09-10,Books,OffBrand,19574.0,433,2.0184029193863107,4253.0,True,SKU-320503
PROD37750,2026-09-11,Clothing,BrandB,28692.0,399,2.8064288323293103,3933.0,True,SKU-147554
PROD31381,2026-09-07,Home & Kitchen,Premium,13794.0,215,1.2208221014275065,1855.0,True,SKU-755510
PROD50083,2026-09-04,Electronics,OffBrand,16493.0,344,1.268858950143692,3644.0,True,SKU-537746
PROD53100,2026-09-05,Sports,BrandC,22706.0,51,2.783931100108285,3647.0,True,SKU-317467
PROD65575,2026-09-09,Clothing,,26480.0,390,3.2434684980488555,4218.0,True,SKU-951340
PROD89825,2026-09-10,Books,OffBrand,18983.0,114,4.385836545209508,1743.0,True,SKU-890420
PROD62627,2026-09-14,Clothing,NoName,0.0,266,1.4093228028565505,2851.0,True,SKU-879303
PROD61218,2026-09-11,Electronics,NoName,48788.0,49,1.7718447221453255,2950.0,True,SKU-368733
PROD41196,2026-09-01,Sports,BrandC,24820.0,183,1.929772569701381,2996.0,True,SKU-823173
PROD41163,2026-09-06,Electronics,NoName,10283.0,142,3.3999572928118327,914.0,True,SKU-352531
PROD76896,2026-09-02,Home & Kitchen,Premium,36877.0,74,2.443506687594235,201.0,True,SKU-472831
PROD33957,2026-09-02,Books,BrandC,43709.0,350,4.073960916759061,,True,SKU-226708
PROD62924,2026-09-07,Sports,BrandB,4690.0,266,2.307497150275459,562.0,True,SKU-560627
PROD12577,2026-09-12,Clothing,,30254.0,376,,2683.0,True,SKU-905067
PROD98729,2026-09-04,Home & Kitchen,Premium,36199.0,443,1.2095153470016822,353.0,True,SKU-834143
PROD98743,2026-09-09,Electronics,BrandA,5391.0,144,1.6825304145686388,1838.0,False,SKU-506183
PROD37756,2026-09-09,Sports,BrandA,45019.0,51,2.1727150440020373,4365.0,True,SKU-645602
PROD11176,2026-09-12,Clothing,OffBrand,25014.0,68,3.033685123097641,2153.0,True,SKU-152477
PROD92206,2026-09-02,Electronics,BrandB,17097.0,259,,4607.0,True,SKU-640639
PROD93277,2026-09-13,Home & Kitchen,OffBrand,45021.0,298,3.21038091656179,3790.0,True,SKU-530830
PROD36189,2026-09-06,Toys,NoName,1528.0,328,1.4509352893631564,3491.0,True,SKU-202425
PROD60068,2026-09-09,Home & Kitchen,Premium,15558.0,193,3.6129473298849017,3460.0,True,SKU-186336
PROD63111,2026-09-06,Clothing,,37086.0,181,1.0759143088200815,4839.0,True,SKU-808506
PROD93879,2026-09-01,Electronics,Premium,34659.0,146,1.7754061286672167,637.0,True,SKU-726339
PROD82227,2026-09-01,Electronics,BrandA,43748.0,54,2.0706646911641955,2709.0,False,SKU-603661
PROD42829,2026-09-01,Clothing,BrandC,33061.0,182,4.883431123725918,3010.0,True,SKU-769889
PROD43202,2026-09-04,Home & Kitchen,OffBrand,993.0,172,3.805514674540048,2701.0,True,SKU-164826
PROD94165,2026-09-06,Electronics,Premium,29338.0,95,1.324624689710681,4925.0,True,SKU-750068
PROD38789,2026-09-09,Clothing,BrandC,43843.0,318,1.5132878015788402,4893.0,True,SKU-148411
PROD62741,2026-09-14,Home & Kitchen,OffBrand,4089.0,266,7.1516206974127,2989.0,True,SKU-941939
PROD78478,2026-09-05,Toys,BrandC,49931.0,476,1.1127587966794064,4513.0,True,SKU-964578
PROD27491,2026-09-14,Home & Kitchen,BrandC,5830.0,356,4.6210638086751485,2310.0,True,SKU-901070
PROD91493,2026-09-12,Electronics,OffBrand,6401.0,95,2.0171822922728717,2394.0,True,SKU-973635
PROD13200,2026-09-14,Sports,BrandB,44516.0,213,1.2539455464673623,3662.0,True,SKU-372070
PROD89232,2026-09-13,Electronics,,0.0,493,4.122750961674187,1598.0,True,SKU-800892
PROD76345,2026-09-04,Sports,BrandB,9518.0,436,3.554538668095169,4399.0,True,SKU-908705
PROD84852,2026-09-05,Electronics,BrandC,1317.0,332,4.246591799385627,963.0,True,SKU-727855
PROD14086,2026-09-07,Clothing,BrandA,35983.0,273,3.2741770946221225,3547.0,True,SKU-256048
PROD42900,2026-09-11,Clothing,NoName,8981.0,232,4.756171627303896,4279.0,True,SKU-609665
PROD51061,2026-09-13,Books,BrandA,25407.0,363,3.7530043883855986,1043.0,True,SKU-529865
PROD87723,2026-09-13,Sports,Premium,9176.0,403,3.1412244765585835,763.0,True,SKU-458735
PROD17950,2026-09-05,Electronics,Premium,20036.0,421,2.9544528523129685,1913.0,True,SKU-948579
PROD97976,2026-09-11,Books,BrandA,13534.0,255,4.175044816212102,3039.0,True,SKU-828129
PROD97547,2026-09-04,Clothing,OffBrand,14453.0,219,4.865168448446385,3030.0,False,SKU-774105
PROD55301,2026-09-13,Toys,BrandC,369.0,126,3.9527693214065645,606.0,False,SKU-295703
PROD66764,2026-09-10,Clothing,BrandB,43296.0,60,2.021630372705552,1421.0,True,SKU-155602
PROD68432,2026-09-03,Books,OffBrand,9243.0,277,3.3314293501196026,2067.0,True,SKU-185937
PROD19173,2026-09-11,Clothing,OffBrand,6317.0,225,4.932224877122786,4879.0,True,SKU-529339
PROD59151,2026-09-13,Home & Kitchen,BrandA,10089.0,456,1.6838832372748946,3829.0,True,SKU-741180
PROD25404,2026-09-01,Sports,BrandB,26021.0,446,4.8719586512218225,3847.0,True,SKU-967110
PROD56810,2026-09-04,Home & Kitchen,BrandA,17489.0,291,1.7863985771985993,3439.0,True,SKU-692853
PROD86534,2026-09-05,Books,,39206.0,400,4.783731726331443,939.0,True,SKU-320994
PROD15293,2026-09-02,Clothing,Premium,46917.0,448,3.2991070080855978,778.0,True,SKU-599006
PROD81792,2026-09-06,Clothing,Premium,23767.0,19,1.5176764228422837,707.0,True,SKU-242031
PROD89108,2026-09-11,Clothing,BrandA,30192.0,392,2.959265368617161,4931.0,True,SKU-982953
PROD56439,2026-09-04,Home & Kitchen,BrandB,22391.0,216,1.9188278792167122,3059.0,True,SKU-992674
PROD60227,2026-09-13,Home & Kitchen,,32462.0,73,4.435597436443068,2377.0,True,SKU-552017
PROD27288,2026-09-02,Home & Kitchen,BrandB,9802.0,300,1.4828106118301818,4427.0,True,SKU-921938
PROD84508,2026-09-02,Clothing,OffBrand,14512.0,267,4.2605716102787285,195.0,True,SKU-390828
PROD99010,2026-09-02,Sports,NoName,45475.0,194,2.045092031440545,2249.0,True,SKU-609711
PROD13808,2026-09-10,Clothing,BrandB,12762.0,66,1.0942178453353413,499.0,True,SKU-963858
PROD17769,2026-09-10,Clothing,OffBrand,20171.0,383,2.3887392255245223,1335.0,True,SKU-805092
PROD47678,2026-09-05,Books,BrandB,5733.0,477,3.4636150726159913,2889.0,True,SKU-507567
PROD87500,2026-09-04,Clothing,BrandB,37934.0,331,3.189484286686386,1493.0,True,SKU-652180
PROD38131,2026-09-04,Electronics,,32503.0,315,4.803448050140297,3922.0,True,SKU-942664
PROD58357,2026-09-07,Sports,BrandA,32401.0,239,2.069293711617525,3041.0,False,SKU-861303
PROD69485,2026-09-02,Electronics,Premium,31188.0,12,3.735298092100012,602.0,True,SKU-716798
PROD20276,2026-09-04,Sports,OffBrand,5492.0,198,3.6267773659293514,4585.0,True,SKU-943726
PROD33731,2026-09-03,Toys,BrandC,18357.0,-77,3.2869990767651434,1356.0,True,SKU-942632
PROD47758,2026-09-03,Books,OffBrand,4504.0,203,2.233110778734155,3365.0,True,SKU-555838
PROD92606,2026-09-11,Toys,Premium,13531.0,384,2.2512782404900933,2969.0,True,SKU-987788
PROD50574,2026-09-02,Sports,,48874.0,343,4.531870964906513,4048.0,True,SKU-228435
PROD88925,2026-09-10,Books,NoName,12212.0,347,3.8330203981240483,2736.0,True,SKU-508359
PROD72650,2026-09-10,Toys,Premium,42582.0,399,3.991896235271434,2490.0,True,SKU-443786
PROD31303,2026-09-05,Home & Kitchen,BrandB,16330.0,18,1.9731397760586895,3958.0,True,SKU-496790
PROD57914,2026-09-10,Electronics,OffBrand,46229.0,366,3.435835241256697,1958.0,True,SKU-808158
PROD53440,2026-09-12,Toys,,30703.0,225,2.351748416254433,1795.0,True,SKU-568168
PROD81410,2026-09-14,Electronics,NoName,32998.0,303,4.518570195362757,4837.0,True,SKU-833418
PROD26276,2026-09-02,Clothing,NoName,22373.0,155,2.6072462179922455,2748.0,True,SKU-920111
PROD79002,2026-09-02,Toys,NoName,22459.0,150,1.6535538556337834,3134.0,True,SKU-874234
PROD26920,2026-09-10,Books,BrandB,12340.0,-32,1.5999059247935903,734.0,False,SKU-644534
PROD15531,2026-09-02,Home & Kitchen,OffBrand,15367.0,121,4.132777131301664,4055.0,True,SKU-744926
PROD53340,2026-09-02,Clothing,BrandB,39605.0,272,3.6213020237197,3357.0,True,SKU-767904
PROD11663,2026-09-02,Toys,NoName,43387.0,190,2.8813399756147753,3004.0,True,SKU-666180
PROD76129,2026-09-02,Toys,Premium,41794.0,496,2.002745622111368,132.0,True,SKU-432947
PROD38223,2026-09-13,Clothing,Premium,9493.0,144,2.7027007291248433,2551.0,True,SKU-701780
PROD40978,2026-09-01,Toys,BrandA,779.0,-49,1.2832180965496165,2516.0,True,SKU-176172
PROD82138,2026-09-01,Books,Premium,6035.0,312,2.2103130661375894,2324.0,False,SKU-539993
PROD55995,2026-09-08,Electronics,BrandA,21570.0,172,2.395258658104704,3304.0,False,SKU-570628
PROD99444,2026-09-03,Home & Kitchen,NoName,5532.0,200,4.14699480327104,11.0,True,SKU-694479
PROD50339,2026-09-10,Books,BrandB,10776.0,150,4.877089932574329,553.0,True,SKU-535427
PROD11620,2026-09-14,Home & Kitchen,NoName,19867.0,209,2.5851862352400063,4587.0,True,SKU-288768
PROD65581,2026-09-07,Clothing,Premium,29505.0,453,3.9706153867916205,1842.0,True,SKU-520066
PROD96345,2026-09-06,Electronics,NoName,29786.0,299,1.3464730539127148,771.0,True,SKU-988949
PROD54764,2026-09-01,Clothing,NoName,12238.0,-84,1.2131253316785902,692.0,True,SKU-111909
PROD11001,2026-09-09,Clothing,,17499.0,260,3.408707552658968,3707.0,True,SKU-718091
PROD12228,2026-09-01,Electronics,NoName,31366.0,449,2.042307581482218,4632.0,True,SKU-265822
PROD54087,2026-09-01,Clothing,OffBrand,3233.0,483,2.1455637869126183,1467.0,True,SKU-458795
PROD77380,2026-09-03,Clothing,BrandB,2048.0,171,4.717005850316035,4269.0,False,SKU-886758
PROD19526,2026-09-01,Home & Kitchen,Premium,20652.0,183,2.223455076694104,2544.0,False,SKU-184313
PROD70619,2026-09-06,Home & Kitchen,Premium,36913.0,229,1.2890230500323998,1516.0,True,SKU-640683
PROD46523,2026-09-11,Sports,OffBrand,4224.0,161,4.144580957610144,2913.0,True,SKU-816074
PROD36985,2026-09-10,Books,BrandB,47268.0,225,4.70153995819876,2527.0,True,SKU-331957
PROD46970,2026-09-02,Home & Kitchen,BrandB,47608.0,450,4.028526702377754,2417.0,True,SKU-647008
PROD51047,2026-09-12,Toys,BrandA,28891.0,351,4.165321910900035,117.0,True,SKU-533516
PROD24617,2026-09-04,Clothing,NoName,38883.0,259,1.4533197662698494,2714.0,True,SKU-980724
PROD53283,2026-09-01,Electronics,BrandB,29901.0,43,6.623570054706086,3620.0,True,SKU-110000
PROD79305,2026-09-06,Home & Kitchen,Premium,13406.0,143,2.4466087312474736,3677.0,True,SKU-362282
PROD56825,2026-09-12,Electronics,BrandA,677.0,400,2.153729976885958,1001.0,True,SKU-907446
PROD52627,2026-09-08,Electronics,BrandB,34049.0,80,1.9368473265385884,3798.0,True,SKU-453659
PROD90625,2026-09-02,Toys,,29472.0,301,1.8376699547983582,3729.0,True,SKU-529077
PROD42612,2026-09-05,Home & Kitchen,NoName,25073.0,396,1.2177606600860331,4915.0,True,SKU-208507
PROD39970,2026-09-10,Clothing,BrandC,41886.0,273,1.5518982200063238,252.0,True,SKU-817900
PROD36962,2026-09-12,Sports,NoName,24432.0,498,,4481.0,True,SKU-770995
PROD66707,2026-09-13,Home & Kitchen,,0.0,161,3.7249735910876356,1045.0,True,SKU-300031
PROD22603,2026-09-03,Books,BrandB,39263.0,446,1.8972896717920271,3463.0,True,SKU-614208
PROD23553,2026-09-06,Electronics,OffBrand,24186.0,411,4.043196424171267,3822.0,True,SKU-422584
PROD88267,2026-09-13,Sports,Premium,37220.0,476,3.6199843332725203,2003.0,True,SKU-559849
PROD51618,2026-09-14,Electronics,BrandA,30977.0,254,,163.0,True,SKU-745018
PROD30984,2026-09-10,Clothing,BrandC,4607.0,440,1.053022859518637,2352.0,True,SKU-542753
PROD14932,2026-09-04,Clothing,NoName,28687.0,438,2.1483845935470973,1850.0,True,SKU-345422
PROD72826,2026-09-05,Clothing,OffBrand,4502.0,141,3.4895360381104537,1027.0,True,SKU-911779
PROD75253,2026-09-07,Home & Kitchen,OffBrand,22460.0,162,,4752.0,True,SKU-596948
PROD76645,2026-09-02,Electronics,NoName,36665.0,284,3.536045482291002,1553.0,False,SKU-160994
PROD86045,2026-09-10,Clothing,BrandA,44711.0,285,,4791.0,True,SKU-251898
PROD13916,2026-09-14,Home & Kitchen,NoName,36820.0,23,2.66386531580565,4777.0,True,SKU-748879
PROD48657,2026-09-09,Clothing,Premium,40473.0,441,3.357806993682472,296.0,True,SKU-418589
PROD46921,2026-09-10,Clothing,,45872.0,269,2.055363048787001,3831.0,True,SKU-704171
PROD48076,2026-09-10,Electronics,NoName,20720.0,434,1.3779289057814625,4201.0,True,SKU-998757
PROD35394,2026-09-11,Sports,BrandC,10480.0,425,4.475339845795804,3576.0,True,SKU-745242
PROD89576,2026-09-14,Home & Kitchen,BrandB,36046.0,480,3.3913783769937913,536.0,True,SKU-819426
PROD22544,2026-09-11,Electronics,BrandA,43164.0,315,3.4382457417106447,1684.0,True,SKU-740944
PROD82852,2026-09-08,Books,NoName,1585.0,236,3.8666353061254215,4627.0,False,SKU-514470
PROD89239,2026-09-10,Books,BrandA,28580.0,186,1.279137190067647,1748.0,True,SKU-867168
PROD69134,2026-09-10,Books,,3882.0,11,3.575985528108236,2114.0,True,SKU-265890
PROD46282,2026-09-04,Electronics,BrandB,18157.0,161,2.6081350694963925,4435.0,True,SKU-666824
PROD65169,2026-09-01,Electronics,,33196.0,399,4.775052150984049,4731.0,True,SKU-506054
PROD77117,2026-09-04,Clothing,NoName,40457.0,478,1.5274081820297978,4387.0,False,SKU-396018
PROD10121,2026-09-05,Sports,NoName,12611.0,399,2.8921790624233963,197.0,True,SKU-686149
PROD43412,2026-09-10,Home & Kitchen,BrandA,36868.0,460,2.0849544634724446,3863.0,True,SKU-612038
PROD70256,2026-09-13,Sports,BrandB,41482.0,316,2.1686780698386006,4626.0,True,SKU-414676
PROD41706,2026-09-10,Electronics,,0.0,68,2.240250331277072,3558.0,True,SKU-612210
PROD95821,2026-09-12,Toys,BrandC,23873.0,113,2.97845009695285,1782.0,True,SKU-926151
PROD72385,2026-09-06,Books,NoName,2142.0,-90,1.4149251572477914,866.0,True,SKU-377904
PROD55988,2026-09-10,Electronics,BrandC,31676.0,99,1.5056231433009488,288.0,True,SKU-702737
PROD71298,2026-09-02,Books,BrandA,22475.0,352,4.330789251609897,4654.0,True,SKU-598021
PROD86227,2026-09-04,Clothing,BrandA,49262.0,496,4.624047574678492,117.0,True,SKU-656074
PROD43604,2026-09-04,Sports,BrandA,37536.0,448,2.4215552493503227,2047.0,True,SKU-125397
PROD32074,2026-09-05,Sports,NoName,2243.0,492,2.7985044395522958,1373.0,True,SKU-780382
PROD20591,2026-09-03,Electronics,,47643.0,247,4.419477987616865,3484.0,True,SKU-276595
PROD21878,2026-09-02,Clothing,NoName,29947.0,389,2.9318763708468643,2050.0,True,SKU-933796
PROD89085,2026-09-14,Clothing,BrandA,33151.0,116,2.2097513308100125,91.0,True,SKU-889172
PROD76156,2026-09-01,Toys,NoName,30732.0,269,2.808427562192324,4670.0,True,SKU-907947
PROD91086,2026-09-08,Toys,OffBrand,49512.0,296,2.30929517550455,4800.0,True,SKU-792430
PROD28676,2026-09-09,Home & Kitchen,BrandC,24287.0,436,2.889674369488182,949.0,False,SKU-523342
PROD33391,2026-09-07,Books,OffBrand,4371.0,494,2.655989985503445,1019.0,True,SKU-726123
PROD56598,2026-09-03,Books,NoName,42529.0,478,2.6805993194797284,3001.0,True,SKU-255341
PROD91559,2026-09-05,Books,NoName,30323.0,224,1.6371056217762283,4525.0,True,SKU-869076
PROD10222,2026-09-09,Clothing,BrandB,25472.0,326,3.559645898234071,4878.0,True,SKU-988229
PROD52759,2026-09-01,Books,NoName,12815.0,332,2.098258437467839,1597.0,True,SKU-956155
PROD20249,2026-09-14,Home & Kitchen,BrandA,26686.0,332,3.4950305964191815,3848.0,True,SKU-672276
PROD76628,2026-09-10,Toys,NoName,30606.0,307,4.2254354419084255,3114.0,False,SKU-108145
PROD95967,2026-09-09,Toys,BrandA,6732.0,2,2.1491962612220528,1920.0,True,SKU-788863
PROD81153,2026-09-09,Electronics,BrandA,38665.0,55,2.213850292614137,4798.0,True,SKU-174314
PROD89241,2026-09-07,Electronics,BrandA,20384.0,-76,1.839918509212307,3026.0,True,SKU-702351
PROD27218,2026-09-13,Sports,BrandA,29959.0,213,4.82672880613692,4504.0,True,SKU-959012
PROD26492,2026-09-06,Electronics,BrandA,28982.0,94,3.711159319616079,1828.0,True,SKU-101957
PROD61675,2026-09-12,Electronics,NoName,47058.0,229,4.0932567097346455,1215.0,True,SKU-963909
PROD25052,2026-09-05,Home & Kitchen,,12387.0,296,3.403317019666205,467.0,True,SKU-586525
PROD44809,2026-09-07,Electronics,NoName,12179.0,381,1.7704715109913582,494.0,True,SKU-212977
PROD31168,2026-09-08,Toys,BrandA,49256.0,387,4.282168515771841,2772.0,True,SKU-886982
PROD91517,2026-09-09,Electronics,NoName,15552.0,119,1.8829956471155467,3118.0,True,SKU-661616
PROD19144,2026-09-01,Electronics,NoName,13114.0,161,2.2612847502076634,,True,SKU-185796
PROD74879,2026-09-06,Sports,BrandA,38850.0,432,3.965581043166354,2062.0,False,SKU-951871
PROD45179,2026-09-06,Clothing,NoName,28059.0,219,4.399617048061517,,False,SKU-748128
PROD59346,2026-09-07,Home & Kitchen,NoName,35360.0,74,4.838208716125514,2934.0,True,SKU-485554
PROD31614,2026-09-02,Toys,BrandB,20909.0,22,1.3090470975172943,398.0,True,SKU-233702
PROD54583,2026-09-08,Toys,NoName,27461.0,210,4.148781066000653,73.0,True,SKU-117157
PROD36189,2026-09-06,Toys,NoName,1528.0,328,1.4509352893631564,3491.0,True,SKU-202425
PROD59014,2026-09-03,Electronics,NoName,0.0,478,,2503.0,False,SKU-770256
PROD45216,2026-09-04,Clothing,BrandC,33763.0,74,4.120672122397562,278.0,True,SKU-157250
PROD64569,2026-09-14,Home & Kitchen,,3367.0,468,4.926346587726942,1447.0,True,SKU-656932
PROD47879,2026-09-10,Electronics,NoName,48472.0,119,3.2945788036946846,439.0,True,SKU-466342
PROD86780,2026-09-02,Sports,BrandB,0.0,247,1.9094564308497248,3466.0,True,SKU-373807
PROD31707,2026-09-09,Books,,33989.0,451,3.648944553754579,4867.0,True,SKU-298404
PROD46849,2026-09-07,Home & Kitchen,OffBrand,3834.0,54,4.962085823012394,485.0,False,SKU-416027
PROD21516,2026-09-09,Home & Kitchen,BrandC,10958.0,180,3.565738693102999,4599.0,True,SKU-101298
PROD37298,2026-09-06,Home & Kitchen,OffBrand,40131.0,376,9.653636276668964,3698.0,False,SKU-455962
PROD98131,2026-09-01,Electronics,BrandC,13074.0,395,3.613486800859121,1585.0,True,SKU-447233
PROD52784,2026-09-09,Clothing,BrandA,28772.0,443,1.4790785969526787,2866.0,True,SKU-715784
PROD38277,2026-09-04,Sports,BrandB,33228.0,468,1.9752590809370751,,True,SKU-441974
PROD74131,2026-09-06,Clothing,Premium,30988.0,167,4.975148479036919,3065.0,True,SKU-462832
PROD62924,2026-09-07,Sports,BrandB,4690.0,266,2.307497150275459,562.0,True,SKU-560627
PROD49986,2026-09-08,Clothing,NoName,3569.0,430,,591.0,True,SKU-234875
PROD22278,2026-09-04,Home & Kitchen,BrandB,8719.0,453,4.946206660473551,,True,SKU-403898
PROD91099,2026-09-11,Sports,BrandB,27562.0,487,3.699740237448109,113.0,True,SKU-737211
PROD56439,2026-09-04,Home & Kitchen,BrandB,22391.0,216,1.9188278792167122,3059.0,True,SKU-992674
PROD78123,2026-09-09,Electronics,BrandA,32133.0,278,1.53212061539628,3780.0,True,SKU-468672
PROD46066,2026-09-04,Toys,BrandB,15247.0,114,1.8021211094976874,2103.0,True,SKU-920603
PROD52437,2026-09-02,Home & Kitchen,BrandC,30907.0,90,2.4315081114457615,2873.0,True,SKU-827197
PROD94982,2026-09-02,Books,OffBrand,23989.0,450,2.4474208655324476,342.0,True,SKU-274174
PROD50688,2026-09-11,Sports,BrandB,3634.0,496,3.1951700430641155,1333.0,True,SKU-261021
PROD67263,2026-09-12,Toys,NoName,13605.0,493,3.2356438169964172,3033.0,True,SKU-511086
PROD81393,2026-09-14,Clothing,,49176.0,435,4.8954724011966295,695.0,True,SKU-544613
PROD31116,2026-09-12,Home & Kitchen,NoName,4543.0,68,2.8966574923102466,1345.0,True,SKU-246714
PROD17545,2026-09-02,Electronics,OffBrand,43403.0,208,2.3416649986656184,3150.0,True,SKU-914016
PROD55097,2026-09-02,Home & Kitchen,BrandA,45948.0,42,4.943611182051487,2779.0,False,SKU-547529
PROD81994,2026-09-11,Home & Kitchen,OffBrand,45273.0,285,2.7152426852846183,,True,SKU-307531
PROD71938,2026-09-12,Toys,OffBrand,20578.0,41,1.8488087350750608,1976.0,True,SKU-392472
PROD47956,2026-09-13,Clothing,BrandA,32910.0,162,4.062926245994045,853.0,True,SKU-635509
PROD90512,2026-09-09,Home & Kitchen,BrandB,37366.0,316,3.7228371627047827,1115.0,False,SKU-710628
PROD33901,2026-09-02,Sports,Premium,8525.0,8,4.625304625595813,1739.0,True,SKU-898203
PROD86829,2026-09-07,Sports,NoName,15119.0,9,1.9375445332996728,4281.0,True,SKU-158779
PROD69531,2026-09-02,Home & Kitchen,BrandA,28893.0,358,1.848138979672092,1323.0,True,SKU-769297
PROD75779,2026-09-02,Clothing,BrandA,5762.0,447,2.578794297740678,4181.0,True,SKU-414198
PROD39949,2026-09-11,Toys,BrandB,24491.0,253,3.440963804856687,4517.0,True,SKU-815194
PROD42575,2026-09-12,Electronics,NoName,13345.0,186,,788.0,True,SKU-927975
PROD60456,2026-09-09,Home & Kitchen,NoName,38419.0,278,3.1663504365667694,4593.0,True,SKU-153187
PROD28552,2026-09-14,Home & Kitchen,BrandC,44421.0,490,1.015426023817973,2548.0,True,SKU-378928
PROD56987,2026-09-11,Books,Premium,1663.0,192,4.1623573367246,225.0,False,SKU-693120
PROD82829,2026-09-14,Home & Kitchen,NoName,32620.0,387,5.575183614975721,3510.0,True,SKU-934335
PROD76091,2026-09-12,Sports,BrandA,8222.0,246,5.594257836192136,1680.0,False,SKU-568438
PROD76652,2026-09-08,Home & Kitchen,BrandC,44365.0,215,3.4474934283017418,4644.0,True,SKU-922996
PROD11566,2026-09-05,Toys,Premium,12198.0,433,4.770228670988127,1636.0,True,SKU-239325
PROD77676,2026-09-07,Home & Kitchen,BrandC,0.0,364,3.197744141866306,4710.0,True,SKU-781338
PROD51796,2026-09-03,Toys,BrandB,42842.0,87,1.3403560589427883,3627.0,True,SKU-983811
PROD33926,2026-09-14,Sports,BrandB,17531.0,67,3.0427250428392303,742.0,True,SKU-135541
PROD87658,2026-09-04,Toys,,3177.0,230,3.3645596563235194,2320.0,True,SKU-225924
PROD16547,2026-09-14,Books,BrandC,18046.0,176,4.537703447952435,1891.0,True,SKU-207191
PROD99535,2026-09-12,Clothing,NoName,45260.0,160,1.296260548293565,2080.0,True,SKU-847918
PROD75511,2026-09-11,Electronics,BrandC,4148.0,95,4.1187385341639065,2715.0,True,SKU-855706
PROD28993,2026-09-11,Home & Kitchen,Premium,44758.0,390,1.4077698093501034,1167.0,True,SKU-388184
PROD44905,2026-09-07,Sports,Premium,25874.0,367,3.6101286859030592,3568.0,True,SKU-396344
PROD29759,2026-09-06,Clothing,BrandA,44830.0,487,1.0420570840436496,897.0,True,SKU-183823
PROD96081,2026-09-08,Home & Kitchen,BrandC,49798.0,255,2.7008457593182014,4792.0,True,SKU-916463
PROD50119,2026-09-08,Electronics,OffBrand,49766.0,42,,538.0,False,SKU-395341
PROD90625,2026-09-02,Toys,,29472.0,301,1.8376699547983582,3729.0,True,SKU-529077
PROD40164,2026-09-07,Electronics,BrandB,11421.0,458,4.695688725689094,3924.0,True,SKU-575068
PROD33406,2026-09-10,Electronics,OffBrand,23813.0,134,3.318324642128009,,True,SKU-967776
PROD61481,2026-09-13,Electronics,BrandC,14702.0,61,5.660374508311175,1031.0,True,SKU-899150
PROD49815,2026-09-02,Home & Kitchen,BrandB,962.0,428,2.0246900174747253,528.0,True,SKU-820393
PROD66577,2026-09-07,Sports,NoName,23011.0,197,3.7935811216867332,2954.0,True,SKU-543293
PROD72376,2026-09-10,Clothing,BrandB,13322.0,403,3.2247377599710587,4567.0,True,SKU-578361
PROD57290,2026-09-09,Home & Kitchen,OffBrand,48193.0,-62,3.5400615766426706,887.0,True,SKU-221119
PROD37075,2026-09-09,Books,BrandA,29103.0,490,4.142935598988702,3454.0,True,SKU-849110
PROD31852,2026-09-08,Home & Kitchen,BrandC,34245.0,195,2.7200268108748236,4238.0,True,SKU-649416
PROD75511,2026-09-11,Electronics,BrandC,4148.0,95,4.1187385341639065,2715.0,True,SKU-855706
PROD54029,2026-09-02,Electronics,BrandB,4462.0,65,2.0582249903129246,4823.0,True,SKU-497735
PROD59807,2026-09-06,Electronics,BrandA,49900.0,433,3.0020654121605466,4504.0,True,SKU-696223
PROD18693,2026-09-07,Sports,BrandB,2518.0,482,2.7030466267066617,114.0,True,SKU-142244
PROD68828,2026-09-11,Toys,NoName,16206.0,193,3.1790932014335764,2377.0,True,SKU-138327
PROD53434,2026-09-09,Clothing,OffBrand,13776.0,269,4.124673899049864,4353.0,True,SKU-384731
PROD76902,2026-09-14,Home & Kitchen,BrandB,38056.0,37,4.088099341885865,3246.0,True,SKU-344462
PROD89208,2026-09-12,Home & Kitchen,BrandA,41498.0,101,2.18248515491191,4834.0,True,SKU-869347
PROD58213,2026-09-01,Electronics,Premium,5362.0,31,1.2871663976587477,1667.0,True,SKU-177472
PROD99798,2026-09-08,Books,OffBrand,8243.0,90,2.150652967192146,4178.0,True,SKU-193628
PROD50772,2026-09-02,Home & Kitchen,Premium,38308.0,43,3.809257426491763,706.0,True,SKU-944998
PROD38251,2026-09-09,Clothing,,20165.0,74,4.7399341404225,817.0,True,SKU-456076
PROD42986,2026-09-01,Home & Kitchen,BrandC,26529.0,355,1.3178164198042155,2510.0,True,SKU-254734
PROD97355,2026-09-10,Clothing,OffBrand,821.0,440,1.0814166645148968,4246.0,True,SKU-257727
PROD41387,2026-09-14,Home & Kitchen,BrandA,43327.0,301,2.8715567812776825,2214.0,True,SKU-409417
PROD15710,2026-09-01,Books,BrandC,45278.0,37,,396.0,True,SKU-129665
PROD13629,2026-09-09,Toys,NoName,32567.0,310,9.505924101858932,1.0,True,SKU-123985
PROD21559,2026-09-04,Sports,BrandB,46990.0,218,3.1488090816236145,1007.0,False,SKU-186286
PROD84341,2026-09-06,Sports,Premium,11440.0,425,1.8180118165229082,3439.0,True,SKU-557497
PROD72089,2026-09-01,Clothing,BrandB,12868.0,34,1.1550758975867965,1322.0,True,SKU-998495
PROD83197,2026-09-07,Electronics,BrandA,20140.0,-57,3.07864596599138,592.0,True,SKU-676094
PROD35793,2026-09-07,Home & Kitchen,BrandC,48125.0,307,2.1990648682448666,93.0,True,SKU-304265
PROD63386,2026-09-13,Electronics,NoName,43753.0,91,1.6694729301746385,3093.0,True,SKU-741307
PROD16691,2026-09-05,Electronics,Premium,16863.0,315,4.248160716754461,1484.0,True,SKU-153338
PROD52338,2026-09-09,Clothing,OffBrand,23124.0,195,2.2963402801104342,,True,SKU-576532
PROD88209,2026-09-06,Home & Kitchen,BrandB,33466.0,3,2.4816253470887597,4028.0,True,SKU-181779
PROD74093,2026-09-12,Sports,Premium,30061.0,282,1.089753696712322,1539.0,True,SKU-234212
PROD70059,2026-09-05,Sports,Premium,42261.0,377,2.810767508063313,2523.0,True,SKU-628565
PROD45412,2026-09-07,Clothing,,21127.0,272,3.9043134251053027,,True,SKU-188543
PROD30028,2026-09-09,Clothing,,15038.0,494,1.4298903739229831,3246.0,True,SKU-329375
PROD56584,2026-09-07,Clothing,OffBrand,16152.0,273,4.621368669060639,4224.0,True,SKU-776309
PROD71237,2026-09-07,Electronics,BrandB,15527.0,84,2.8834828194892266,,True,SKU-733374
PROD81973,2026-09-06,Books,NoName,46034.0,127,3.7446633245347383,2914.0,True,SKU-350073
PROD61998,2026-09-11,Home & Kitchen,OffBrand,30693.0,255,3.058588703827868,3825.0,True,SKU-219005
PROD76401,2026-09-07,Clothing,OffBrand,6323.0,379,4.34998216173008,16.0,True,SKU-264495
PROD66784,2026-09-13,Clothing,BrandB,16708.0,309,1.6762008739774874,1146.0,False,SKU-550354
PROD53349,2026-09-03,Clothing,BrandB,5654.0,399,4.083129857828368,4296.0,False,SKU-519161
PROD53395,2026-09-05,Sports,OffBrand,35684.0,242,5.855885954602927,4093.0,True,SKU-345271
PROD95711,2026-09-10,Electronics,,37171.0,17,4.4256325882731975,3861.0,True,SKU-623547
PROD69308,2026-09-04,Sports,BrandA,5853.0,175,3.1351143093935296,746.0,True,SKU-829048
PROD59014,2026-09-03,Home & Kitchen,NoName,21090.0,440,3.691867027283481,1235.0,True,SKU-791303
PROD30331,2026-09-12,Toys,OffBrand,30503.0,289,4.225370864334254,2066.0,True,SKU-492729
PROD41479,2026-09-08,Clothing,Premium,31744.0,385,4.274910564299245,3679.0,False,SKU-470246
PROD14983,2026-09-05,Books,OffBrand,38900.0,80,1.5549705541802417,1305.0,True,SKU-234807
PROD84121,2026-09-09,Toys,BrandB,16425.0,-36,1.9547440182850782,489.0,True,SKU-593197
PROD43279,2026-09-12,Sports,BrandA,13807.0,63,1.8710422960962902,4217.0,True,SKU-655281
PROD70053,2026-09-10,Toys,BrandC,28609.0,97,2.9731559816209794,2153.0,True,SKU-662593
PROD41843,2026-09-07,Clothing,BrandA,42994.0,473,4.731644872060375,1941.0,True,SKU-250669
PROD14616,2026-09-12,Books,NoName,45789.0,396,2.5594506541132755,3859.0,True,SKU-480308
PROD41395,2026-09-07,Sports,Premium,24868.0,102,2.5054333760686247,2464.0,False,SKU-369138
PROD95228,2026-09-13,Toys,,33885.0,-71,3.3578860872060825,4735.0,True,SKU-933128
PROD90139,2026-09-05,Books,BrandC,15511.0,39,3.0136530160765846,707.0,True,SKU-145305
PROD37975,2026-09-09,Sports,BrandB,22255.0,318,1.3265605034356254,3529.0,True,SKU-105028
PROD98951,2026-09-08,Home & Kitchen,NoName,6053.0,272,2.7605799185941207,291.0,True,SKU-286149
PROD41878,2026-09-12,Home & Kitchen,BrandB,11009.0,317,4.323919462771354,1491.0,True,SKU-849580
PROD76723,2026-09-03,Sports,BrandA,47210.0,59,4.343845324336071,3372.0,True,SKU-977062
PROD64108,2026-09-05,Home & Kitchen,BrandC,31711.0,147,3.0409339988593955,3253.0,True,SKU-558048
PROD11008,2026-09-08,Electronics,NoName,28170.0,367,2.493187475599762,538.0,True,SKU-724334
PROD58113,2026-09-09,Electronics,BrandA,35135.0,40,4.416693824432651,4967.0,False,SKU-805107
PROD50277,2026-09-07,Clothing,BrandB,3816.0,3,9.012340521786399,3969.0,True,SKU-783064
PROD59859,2026-09-13,Electronics,BrandB,39054.0,175,1.9695842148362392,1202.0,True,SKU-229547
PROD68234,2026-09-12,Toys,BrandC,11827.0,225,2.611131589737927,2518.0,True,SKU-999259
PROD85349,2026-09-10,Electronics,OffBrand,17860.0,249,2.4850046398174404,3254.0,True,SKU-700964
PROD39466,2026-09-08,Books,BrandA,44384.0,56,1.4388274766880569,625.0,True,SKU-886965
PROD76336,2026-09-10,Electronics,BrandC,3961.0,240,3.4135790401294095,585.0,True,SKU-223927
PROD79896,2026-09-13,Toys,BrandA,11060.0,449,2.906545427893508,1592.0,True,SKU-629554
PROD10087,2026-09-07,Clothing,Premium,32312.0,179,3.3095075660543123,4809.0,True,SKU-753653
PROD55569,2026-09-02,Sports,BrandC,35100.0,290,3.3292944196133716,2152.0,False,SKU-858711
PROD46086,2026-09-11,Home & Kitchen,OffBrand,43938.0,65,3.218633461605753,116.0,True,SKU-486171
PROD23135,2026-09-10,Clothing,NoName,1778.0,470,1.7175814543178376,4800.0,True,SKU-536076
PROD71262,2026-09-11,Home & Kitchen,BrandB,11161.0,106,2.271294468770136,4676.0,True,SKU-750374
PROD23938,2026-09-14,Toys,BrandB,14708.0,323,3.5600379768744648,4782.0,True,SKU-313903
PROD12661,2026-09-13,Clothing,OffBrand,30904.0,464,4.8932893629618235,2589.0,True,SKU-215574
PROD62523,2026-09-03,Sports,BrandA,25680.0,483,3.488446303027445,3676.0,True,SKU-334935
PROD22462,2026-09-12,Clothing,BrandB,30616.0,366,2.876236384357479,4560.0,True,SKU-541477
PROD86438,2026-09-09,Clothing,,8652.0,419,1.688442210975147,3002.0,True,SKU-542254
PROD39246,2026-09-10,Sports,BrandB,9238.0,316,4.028985239319965,1211.0,True,SKU-974159
PROD76614,2026-09-07,Sports,OffBrand,21666.0,431,3.482694875857404,877.0,True,SKU-820326
PROD65541,2026-09-04,Home & Kitchen,OffBrand,39867.0,-29,2.803124684267034,4836.0,True,SKU-590015
PROD50895,2026-09-03,Electronics,BrandA,15354.0,160,9.808656502080819,4215.0,True,SKU-251522
PROD83599,2026-09-13,Clothing,,30446.0,472,3.4083079195615005,2195.0,True,SKU-730581
PROD26125,2026-09-11,Home & Kitchen,NoName,31730.0,394,2.7642306041943883,191.0,True,SKU-994541
PROD72049,2026-09-01,Books,BrandB,17173.0,34,,2753.0,False,SKU-289102
PROD99291,2026-09-08,Toys,BrandB,20692.0,184,3.621754903441694,3790.0,True,SKU-440188
PROD94201,2026-09-09,Home & Kitchen,OffBrand,30307.0,497,4.554869171929956,3219.0,True,SKU-168025
PROD19130,2026-09-02,Home & Kitchen,OffBrand,47393.0,354,4.274064415068979,4887.0,True,SKU-549872
PROD27605,2026-09-04,Home & Kitchen,BrandB,33877.0,221,3.6473574492775964,933.0,True,SKU-235582
PROD44136,2026-09-08,Toys,NoName,36523.0,275,2.548645876697098,235.0,True,SKU-172253
PROD90511,2026-09-13,Electronics,BrandB,0.0,403,2.7737090578182695,3495.0,True,SKU-737153
PROD49797,2026-09-03,Books,BrandA,29235.0,480,2.706311348027278,4110.0,True,SKU-447250
PROD62815,2026-09-13,Sports,OffBrand,351.0,210,3.640315619596797,2629.0,True,SKU-358596
PROD81853,2026-09-02,Toys,OffBrand,40514.0,31,1.0159099678699604,4561.0,True,SKU-843836
PROD45960,2026-09-10,Sports,BrandB,0.0,319,2.4661850636637404,1972.0,True,SKU-164178
PROD21382,2026-09-11,Books,OffBrand,34645.0,212,1.5237207167726532,3170.0,True,SKU-317349
PROD14133,2026-09-07,Clothing,BrandA,32903.0,318,3.044851896952496,3104.0,True,SKU-239831
PROD32603,2026-09-14,Clothing,BrandB,20094.0,468,1.4568913818671434,918.0,True,SKU-815189
PROD36716,2026-09-01,Toys,BrandB,22015.0,119,4.496633084859048,374.0,True,SKU-467198
PROD93803,2026-09-10,Electronics,BrandC,4997.0,295,2.4243919137079883,2500.0,True,SKU-600677
PROD76129,2026-09-02,Toys,Premium,41794.0,496,2.002745622111368,132.0,True,SKU-432947
PROD19875,2026-09-12,Toys,BrandB,12376.0,9,1.7326283839935095,493.0,True,SKU-522430
PROD75201,2026-09-11,Books,NoName,18192.0,343,3.3924354595084427,1602.0,True,SKU-786437
PROD34493,2026-09-06,Electronics,OffBrand,39476.0,226,4.956850256965305,2325.0,True,SKU-890022
PROD46137,2026-09-10,Books,BrandB,18110.0,413,1.8475970408927203,4872.0,True,SKU-229830
PROD33396,2026-09-07,Sports,OffBrand,4255.0,58,4.427548071190113,4392.0,True,SKU-787226
PROD34650,2026-09-12,Sports,OffBrand,35736.0,-30,3.8177566669098115,4925.0,True,SKU-575110
PROD12357,2026-09-09,Clothing,BrandA,13074.0,335,2.9298633038106345,1635.0,True,SKU-796039
PROD65449,2026-09-09,Home & Kitchen,OffBrand,39179.0,282,3.8905289224898585,366.0,True,SKU-176144
PROD77415,2026-09-02,Books,BrandB,45231.0,120,2.7278994235758325,399.0,False,SKU-623156
PROD64299,2026-09-06,Clothing,OffBrand,49494.0,-23,3.65740254836425,3445.0,False,SKU-504499
PROD35811,2026-09-11,Books,BrandC,6095.0,441,2.8256784286630183,2459.0,False,SKU-859869
PROD12048,2026-09-01,Toys,BrandA,27861.0,203,2.2425031223386402,2211.0,True,SKU-358563
PROD23597,2026-09-10,Toys,NoName,34706.0,349,3.912415514247534,497.0,True,SKU-352278
PROD50408,2026-09-14,Electronics,,22847.0,238,3.4095941217424075,206.0,True,SKU-817232
PROD42314,2026-09-07,Electronics,BrandB,32389.0,-71,,1263.0,True,SKU-696390
PROD91695,2026-09-02,Home & Kitchen,BrandA,30209.0,57,3.514595099163717,,True,SKU-683994
PROD13994,2026-09-08,Home & Kitchen,BrandB,0.0,323,2.721240764779118,3128.0,True,SKU-988062
PROD21725,2026-09-07,Home & Kitchen,NoName,10452.0,258,3.563099730998517,164.0,True,SKU-262864
PROD37622,2026-09-07,Clothing,NoName,0.0,100,3.492789357852239,1711.0,True,SKU-726329
PROD82264,2026-09-08,Clothing,BrandA,20275.0,123,4.518820443556287,2710.0,True,SKU-278748
PROD83246,2026-09-07,Clothing,Premium,9301.0,485,3.763902286906672,1772.0,True,SKU-500588
PROD86594,2026-09-08,Electronics,NoName,16874.0,349,4.197785864776288,2231.0,True,SKU-508811
PROD44379,2026-09-09,Books,BrandC,32698.0,412,2.65619402180703,2813.0,True,SKU-886755
PROD34568,2026-09-10,Books,BrandA,43352.0,56,3.4844312640708015,1744.0,True,SKU-870994
PROD30917,2026-09-11,Sports,NoName,9513.0,271,1.7317850209907393,4059.0,True,SKU-386244
PROD39770,2026-09-07,Electronics,OffBrand,4485.0,292,4.686094931651832,2029.0,True,SKU-615006
PROD46159,2026-09-03,Home & Kitchen,,6781.0,120,2.0835813504353826,,True,SKU-328491
PROD83109,2026-09-11,Toys,BrandB,48958.0,192,1.0078370662886806,656.0,True,SKU-743339
PROD93117,2026-09-03,Books,BrandC,34113.0,102,4.994472031757635,1158.0,True,SKU-991305
PROD42382,2026-09-14,Sports,NoName,36644.0,304,3.7678862432858597,1608.0,True,SKU-586292
PROD67850,2026-09-11,Home & Kitchen,OffBrand,435.0,356,,,True,SKU-995444
PROD26913,2026-09-11,Sports,BrandA,35099.0,79,4.446249819304539,3992.0,False,SKU-569880
PROD41881,2026-09-08,Electronics,BrandA,42476.0,475,2.459222927931612,957.0,True,SKU-162991
PROD77551,2026-09-07,Toys,,0.0,445,4.126228780588601,3789.0,True,SKU-106587
PROD64896,2026-09-09,Clothing,OffBrand,32938.0,383,2.15174775529275,756.0,True,SKU-728767
PROD69536,2026-09-05,Clothing,BrandB,19069.0,47,1.481321153950622,104.0,True,SKU-797171
PROD93107,2026-09-03,Toys,OffBrand,44907.0,474,3.0967998759139896,400.0,True,SKU-278979
PROD32131,2026-09-02,Toys,BrandA,20598.0,204,,3254.0,False,SKU-357789
PROD86887,2026-09-12,Books,BrandC,4212.0,457,1.5961697904782226,4870.0,True,SKU-483681
PROD83952,2026-09-05,Home & Kitchen,OffBrand,47484.0,110,3.204567798788062,1096.0,True,SKU-903850
PROD41547,2026-09-13,Sports,BrandA,12872.0,138,3.2115188784742412,1624.0,True,SKU-186615
PROD98734,2026-09-03,Home & Kitchen,Premium,19222.0,12,1.8646861925407516,901.0,True,SKU-759041
PROD91759,2026-09-07,Clothing,NoName,36381.0,261,1.9592465177209757,4125.0,True,SKU-536919
PROD91874,2026-09-10,Electronics,OffBrand,20556.0,482,9.222312945011929,1417.0,True,SKU-783326
PROD87164,2026-09-03,Home & Kitchen,BrandA,33097.0,357,4.177996027205593,1170.0,True,SKU-291942
PROD26966,2026-09-11,Home & Kitchen,BrandA,17900.0,255,4.62603339718241,3966.0,True,SKU-503038
PROD85529,2026-09-01,Clothing,OffBrand,15573.0,471,4.5238321566571695,4268.0,True,SKU-512304
PROD78111,2026-09-01,Toys,BrandB,5817.0,119,4.92404207115762,3915.0,True,SKU-781327
PROD55945,2026-09-06,Books,BrandB,14198.0,80,2.487952178094271,2361.0,True,SKU-509298
PROD66741,2026-09-13,Home & Kitchen,OffBrand,3128.0,367,3.807437350398899,3694.0,True,SKU-235326
PROD47214,2026-09-02,Books,Premium,41099.0,-69,2.186539967264194,2817.0,True,SKU-697100
PROD60868,2026-09-04,Clothing,OffBrand,4966.0,304,1.7449815820721155,496.0,True,SKU-281931
PROD42994,2026-09-13,Sports,BrandB,12051.0,190,1.4897294009546695,4254.0,True,SKU-872546
PROD96254,2026-09-14,Electronics,,8116.0,68,1.4979963856989507,4978.0,True,SKU-122391
PROD44837,2026-09-14,Home & Kitchen,NoName,22364.0,70,3.8362130077411227,4019.0,True,SKU-278253
PROD23884,2026-09-09,Home & Kitchen,BrandA,496.0,165,3.209616432617767,1486.0,True,SKU-117440
PROD39158,2026-09-02,Toys,BrandC,32346.0,108,1.9652330466588617,3830.0,True,SKU-333802
PROD65295,2026-09-01,Books,BrandA,37880.0,134,3.929917854360165,726.0,True,SKU-124350
PROD46582,2026-09-08,Home & Kitchen,BrandA,31214.0,325,3.9746730076191352,2568.0,True,SKU-136623
PROD47849,2026-09-13,Electronics,BrandB,44258.0,493,1.7844526607208788,1429.0,True,SKU-828921
PROD73451,2026-09-07,Sports,NoName,40045.0,232,1.245829740019845,2340.0,True,SKU-543825
PROD87584,2026-09-04,Home & Kitchen,NoName,4187.0,36,6.034436331092877,4012.0,True,SKU-145511
PROD69189,2026-09-14,Sports,BrandA,24076.0,301,4.033579623697199,3271.0,True,SKU-814093
PROD46211,2026-09-03,Electronics,OffBrand,26142.0,186,6.392259719380336,3394.0,True,SKU-891776
PROD78542,2026-09-09,Electronics,,30637.0,239,3.037221833976654,376.0,True,SKU-506666
PROD57971,2026-09-12,Books,Premium,28965.0,22,1.9973216086754313,4685.0,True,SKU-681871
PROD83078,2026-09-11,Books,BrandA,0.0,158,3.48559806761436,3303.0,False,SKU-721873
PROD80318,2026-09-09,Electronics,NoName,26568.0,347,3.375033518952871,1289.0,False,SKU-943025
PROD25272,2026-09-02,Books,BrandB,30603.0,229,9.51749005857576,3587.0,True,SKU-553048
PROD83464,2026-09-07,Home & Kitchen,Premium,27529.0,-7,3.7968152426204447,1594.0,True,SKU-153296
PROD51262,2026-09-12,Clothing,BrandB,45735.0,264,1.3359460911494057,3870.0,True,SKU-388903
PROD32669,2026-09-13,Electronics,BrandA,22330.0,263,3.117606270292868,4487.0,False,SKU-210662
PROD85019,2026-09-03,Books,BrandB,13599.0,450,1.715472277844873,3136.0,True,SKU-357893
PROD58916,2026-09-05,Toys,,12109.0,70,3.5256548662792193,1788.0,True,SKU-646032
PROD13174,2026-09-07,Toys,NoName,22086.0,37,4.674661283418214,4980.0,True,SKU-493969
PROD55285,2026-09-05,Home & Kitchen,OffBrand,16943.0,418,4.186744815384818,2501.0,False,SKU-559670
PROD28744,2026-09-12,Toys,BrandB,6055.0,66,2.3282683033602516,4623.0,True,SKU-771331
PROD46440,2026-09-09,Clothing,BrandA,13487.0,15,2.40938832064826,528.0,True,SKU-389008
PROD34810,2026-09-01,Sports,Premium,5763.0,52,3.111441015303467,1332.0,False,SKU-192411
PROD26221,2026-09-13,Clothing,NoName,26037.0,-14,3.1229554358048475,3798.0,True,SKU-289458
PROD35536,2026-09-10,Sports,BrandA,36314.0,348,1.567239311989713,3670.0,True,SKU-850754
PROD24484,2026-09-06,Electronics,NoName,22958.0,159,,4985.0,False,SKU-777868
PROD54595,2026-09-14,Books,BrandC,38033.0,163,1.9876010957393375,3583.0,True,SKU-699585
PROD71342,2026-09-12,Books,BrandA,4292.0,484,3.2576013759857374,1380.0,True,SKU-122765
PROD48113,2026-09-13,Electronics,NoName,19607.0,311,4.361773684511244,2153.0,True,SKU-948396
PROD72598,2026-09-13,Clothing,BrandB,46758.0,275,4.1514618686487434,2116.0,True,SKU-924556
PROD70228,2026-09-09,Books,NoName,30201.0,99,1.0504486410191576,2155.0,False,SKU-630636
PROD83010,2026-09-09,Sports,BrandB,4356.0,402,2.127270198778021,165.0,True,SKU-393169
PROD32314,2026-09-03,Toys,BrandC,39656.0,157,2.507993497348367,,True,SKU-235220
PROD77710,2026-09-09,Sports,NoName,31322.0,409,7.80255330745073,2844.0,False,SKU-995878
PROD11182,2026-09-11,Toys,OffBrand,47154.0,409,3.2747342404804405,832.0,True,SKU-475680
PROD97591,2026-09-09,Sports,BrandA,35798.0,174,4.158208749403717,1445.0,True,SKU-556632
PROD42773,2026-09-11,Sports,Premium,9561.0,159,2.5289980703041643,2844.0,True,SKU-631659
PROD49489,2026-09-04,Electronics,Premium,24692.0,108,2.750210840769828,113.0,True,SKU-648461
PROD60298,2026-09-11,Books,BrandA,48216.0,243,2.813719418570049,3078.0,True,SKU-550305
PROD67130,2026-09-04,Books,OffBrand,42511.0,348,1.0091412284615884,,True,SKU-160217
PROD36798,2026-09-06,Sports,BrandA,47134.0,151,3.157645118637499,1304.0,True,SKU-836076
PROD96442,2026-09-10,Sports,BrandB,25064.0,167,2.675711240482399,2887.0,False,SKU-360253
PROD71012,2026-09-04,Electronics,NoName,14908.0,-48,1.5138690817344829,3984.0,True,SKU-810417
PROD83922,2026-09-10,Electronics,NoName,19227.0,283,1.3156689975989124,2666.0,True,SKU-262599
PROD49655,2026-09-05,Sports,BrandA,27781.0,391,2.3775446627993886,925.0,True,SKU-513501
PROD70696,2026-09-13,Electronics,BrandB,48906.0,393,2.641168975419759,3218.0,True,SKU-694917
PROD64453,2026-09-01,Sports,OffBrand,22076.0,70,2.0454141523997427,4597.0,True,SKU-786258
PROD14448,2026-09-08,Books,BrandA,24430.0,14,2.240737881813707,3308.0,True,SKU-248250
PROD54071,2026-09-08,Toys,Premium,3667.0,240,4.826904460757159,4963.0,True,SKU-103826
PROD33895,2026-09-10,Electronics,OffBrand,26151.0,443,3.798655532676402,923.0,True,SKU-789185
PROD12790,2026-09-05,Electronics,BrandA,9684.0,316,2.624678664866003,2512.0,True,SKU-742997
PROD80794,2026-09-02,Sports,BrandA,17583.0,-18,4.637722717914885,2206.0,True,SKU-588713
PROD82938,2026-09-05,Toys,BrandC,44710.0,457,2.8210519090126485,1687.0,True,SKU-760714
PROD60914,2026-09-12,Home & Kitchen,BrandA,19870.0,467,1.9060559821372967,4973.0,True,SKU-530179
PROD32205,2026-09-10,Clothing,BrandA,16372.0,393,3.7055680010439414,3204.0,True,SKU-256010
PROD76148,2026-09-02,Books,BrandA,47868.0,303,2.2474180316677965,29.0,True,SKU-295356
PROD84152,2026-09-03,Electronics,NoName,11588.0,447,4.302674547807708,3976.0,True,SKU-328620
PROD18391,2026-09-02,Sports,BrandA,8557.0,140,3.889554198868778,1679.0,True,SKU-663338
PROD51899,2026-09-14,Toys,BrandA,46444.0,297,2.8715504207401255,62.0,True,SKU-337963
PROD95563,2026-09-10,Books,BrandC,13739.0,196,4.692064720310162,2200.0,False,SKU-836646
PROD11987,2026-09-01,Books,OffBrand,36579.0,152,3.931597480135931,1891.0,True,SKU-450051
PROD32584,2026-09-13,Books,BrandB,11985.0,128,4.354182347632185,3129.0,True,SKU-174577
PROD56494,2026-09-06,Electronics,BrandA,30407.0,216,2.318497156728942,2013.0,True,SKU-455321
PROD70594,2026-09-11,Electronics,BrandC,19601.0,158,4.6785664800573565,3396.0,True,SKU-406333
PROD62273,2026-09-03,Books,,12883.0,89,2.9562540342119887,,True,SKU-176418
PROD37767,2026-09-12,Home & Kitchen,BrandB,47568.0,431,2.4751444071158994,565.0,True,SKU-517694
PROD54259,2026-09-09,Toys,,17197.0,158,1.575538449171082,3701.0,True,SKU-471223
PROD62337,2026-09-02,Books,BrandC,14267.0,-27,1.1224365169234436,2646.0,True,SKU-448776
PROD34824,2026-09-12,Electronics,NoName,10076.0,-73,1.494399374024601,1172.0,True,SKU-444479
PROD30059,2026-09-09,Electronics,OffBrand,10665.0,144,3.197020870819272,,True,SKU-875273
PROD76379,2026-09-11,Clothing,BrandB,8871.0,314,1.012031736866032,2578.0,False,SKU-698665
PROD83566,2026-09-01,Clothing,OffBrand,45460.0,481,4.041289085905011,304.0,True,SKU-908659
PROD96433,2026-09-09,Home & Kitchen,BrandB,7315.0,72,4.12298629571248,1621.0,True,SKU-270433
PROD20703,2026-09-03,Clothing,BrandA,13192.0,220,,433.0,True,SKU-628208
PROD65336,2026-09-01,Sports,BrandB,20704.0,448,1.8227760986523314,2274.0,True,SKU-888133
PROD75715,2026-09-02,Sports,BrandB,29393.0,27,2.6252114653736403,1917.0,True,SKU-427388
PROD87723,2026-09-13,Sports,Premium,9176.0,403,3.1412244765585835,763.0,True,SKU-458735
PROD58674,2026-09-04,Electronics,OffBrand,3901.0,128,1.0196304291764924,4309.0,True,SKU-432539
PROD56863,2026-09-01,Books,Premium,24941.0,405,2.0962262360428277,2249.0,True,SKU-795231
PROD32660,2026-09-03,Electronics,BrandA,20888.0,81,4.48824176319356,2230.0,True,SKU-665899
PROD89177,2026-09-07,Home & Kitchen,Premium,30557.0,225,2.586052741594708,4800.0,True,SKU-521241
PROD51971,2026-09-03,Sports,BrandB,28613.0,160,3.3059640179481824,1474.0,False,SKU-985414
PROD55904,2026-09-02,Toys,Premium,4656.0,172,3.101263981384499,3213.0,True,SKU-901309
PROD70427,2026-09-06,Clothing,OffBrand,37749.0,101,3.2106757475076475,777.0,False,SKU-911302
PROD12765,2026-09-01,Toys,BrandB,4950.0,336,2.014539963268938,4575.0,True,SKU-553364
PROD82009,2026-09-08,Sports,BrandB,26838.0,440,9.64299170856735,581.0,False,SKU-680548
PROD50388,2026-09-14,Home & Kitchen,OffBrand,23341.0,408,2.0370654038892986,4838.0,False,SKU-760039
PROD88073,2026-09-13,Electronics,,34609.0,194,3.2692480568772537,2879.0,True,SKU-184328
PROD59294,2026-09-01,Sports,BrandA,40722.0,300,1.3556634935487497,861.0,True,SKU-699776
PROD95612,2026-09-02,Clothing,BrandA,39680.0,10,4.873750576055458,1467.0,True,SKU-783389
PROD83434,2026-09-11,Toys,NoName,45486.0,159,1.3467974556870055,808.0,True,SKU-274822
PROD73746,2026-09-03,Sports,OffBrand,43028.0,240,2.9646783859964048,3400.0,True,SKU-621115
PROD47541,2026-09-09,Electronics,NoName,26272.0,-22,3.725700852206912,2007.0,True,SKU-278931
PROD50656,2026-09-13,Home & Kitchen,OffBrand,39700.0,239,3.729188609228846,3221.0,False,SKU-148106
PROD84811,2026-09-10,Electronics,Premium,7288.0,414,1.3242471317796767,2413.0,True,SKU-688552
PROD38989,2026-09-12,Home & Kitchen,,34118.0,445,3.9303291044719835,2544.0,True,SKU-619671
PROD34570,2026-09-08,Electronics,NoName,30778.0,496,2.37556532514787,1886.0,True,SKU-808243
PROD78474,2026-09-05,Home & Kitchen,NoName,2109.0,36,2.7197319326798812,1870.0,True,SKU-329334
PROD31977,2026-09-02,Home & Kitchen,NoName,3679.0,131,1.2188244654548286,708.0,True,SKU-701811
PROD88924,2026-09-09,Books,OffBrand,1147.0,-95,1.606027877723101,4184.0,True,SKU-302171
PROD99120,2026-09-13,Toys,NoName,47687.0,307,4.4208343616034504,49.0,True,SKU-868174
PROD40285,2026-09-11,Toys,,27331.0,439,4.545337122897015,4533.0,True,SKU-506027
PROD23174,2026-09-07,Sports,NoName,3258.0,258,1.7226601650371682,2192.0,False,SKU-200193
PROD14881,2026-09-09,Electronics,NoName,15300.0,352,2.260158743341819,1889.0,True,SKU-848070
PROD63591,2026-09-12,Sports,BrandB,6679.0,210,2.3847081091160574,,True,SKU-574757
PROD26024,2026-09-10,Books,OffBrand,36270.0,86,,2147.0,True,SKU-746514
PROD15722,2026-09-04,Electronics,BrandC,35807.0,178,1.5443514079348701,4507.0,True,SKU-759246
PROD24137,2026-09-10,Electronics,OffBrand,382.0,458,3.3885177807944538,4789.0,True,SKU-240857
PROD59360,2026-09-02,Electronics,BrandB,21807.0,71,2.141837098797041,1059.0,True,SKU-921946
PROD44860,2026-09-09,Home & Kitchen,NoName,31298.0,431,4.400613902302993,4013.0,True,SKU-284071
PROD64192,2026-09-05,Clothing,BrandC,21237.0,237,3.9960073466528288,908.0,True,SKU-840326
PROD81219,2026-09-12,Books,BrandA,24233.0,196,3.863692000750523,2876.0,True,SKU-831316
PROD10600,2026-09-14,Home & Kitchen,Premium,21094.0,191,2.6543073528957533,3658.0,True,SKU-506714
PROD98510,2026-09-02,Clothing,Premium,36657.0,-66,2.2609427136640363,3769.0,True,SKU-899996
PROD60894,2026-09-03,Clothing,BrandB,49897.0,-92,3.8532172126004505,2532.0,True,SKU-583840
PROD63133,2026-09-06,Electronics,BrandB,4913.0,436,2.0347316895489764,3485.0,True,SKU-312822
PROD43969,2026-09-02,Sports,,11703.0,448,3.042064215657712,929.0,True,SKU-842925
PROD30279,2026-09-14,Sports,BrandA,24244.0,214,4.178185184806084,4285.0,True,SKU-742510
PROD26655,2026-09-07,Clothing,,46833.0,257,,2927.0,True,SKU-720052
PROD16014,2026-09-09,Clothing,OffBrand,6021.0,483,3.3923798762212893,3812.0,True,SKU-930123
PROD35828,2026-09-01,Sports,NoName,41340.0,444,4.787702376299981,1521.0,True,SKU-223736
PROD16591,2026-09-10,Sports,OffBrand,35568.0,422,3.5504576968353954,4509.0,True,SKU-435374
PROD14786,2026-09-09,Clothing,BrandA,0.0,311,3.3379455634431037,2609.0,True,SKU-575361
PROD17356,2026-09-05,Sports,OffBrand,5938.0,157,2.9455243485598848,1163.0,True,SKU-222409
PROD90271,2026-09-12,Electronics,BrandA,47462.0,263,1.8556943730626978,1182.0,True,SKU-803381
PROD14431,2026-09-05,Toys,BrandB,36303.0,11,2.34164888902135,119.0,True,SKU-693143
PROD82605,2026-09-13,Books,Premium,11674.0,129,4.28258757915083,3477.0,True,SKU-442146
PROD96997,2026-09-09,Electronics,BrandA,11261.0,205,3.719158168311669,,True,SKU-672158
PROD21857,2026-09-14,Sports,BrandA,4872.0,134,3.715092808943772,153.0,True,SKU-538444
PROD15779,2026-09-09,Toys,BrandA,46744.0,181,2.526696223492949,2363.0,True,SKU-395675
PROD22671,2026-09-04,Books,OffBrand,35199.0,172,1.28691026757317,1813.0,True,SKU-257589
PROD72254,2026-09-13,Home & Kitchen,BrandB,26894.0,148,1.6775586599450318,2497.0,True,SKU-850201
PROD86422,2026-09-09,Books,BrandC,5192.0,181,1.3066908788502687,4539.0,True,SKU-244804
PROD15456,2026-09-04,Toys,BrandA,5165.0,401,1.168830096156189,2518.0,True,SKU-200488
PROD14462,2026-09-02,Electronics,BrandA,24000.0,61,2.4556142243644077,3901.0,True,SKU-533615
PROD19456,2026-09-09,Toys,BrandB,29230.0,301,5.558464588306155,,True,SKU-728486
PROD45419,2026-09-09,Clothing,BrandA,25072.0,138,1.253154535145777,3877.0,True,SKU-818518
PROD28066,2026-09-04,Electronics,BrandC,20454.0,333,2.412185789974416,4836.0,True,SKU-282891
PROD37298,2026-09-06,Home & Kitchen,OffBrand,40131.0,376,9.653636276668964,3698.0,False,SKU-455962
PROD69857,2026-09-12,Books,BrandB,17281.0,342,2.868799442080774,408.0,True,SKU-582138
PROD77757,2026-09-12,Sports,Premium,14976.0,167,1.1432304725455884,3952.0,True,SKU-809988
PROD62196,2026-09-12,Electronics,Premium,22832.0,499,2.2598813740203303,288.0,False,SKU-378042
PROD31532,2026-09-02,Toys,OffBrand,3644.0,-50,1.6288705554864964,4813.0,True,SKU-539161
PROD47293,2026-09-05,Home & Kitchen,BrandB,4930.0,154,2.2324866913104704,,True,SKU-838725
PROD64487,2026-09-03,Clothing,BrandB,35374.0,91,2.657911057313257,2821.0,True,SKU-102281
PROD97473,2026-09-12,Home & Kitchen,BrandA,3468.0,373,1.107270257367539,2532.0,True,SKU-522132
PROD97380,2026-09-07,Home & Kitchen,OffBrand,31675.0,383,4.9920160391816975,3292.0,True,SKU-381790
PROD87601,2026-09-03,Sports,OffBrand,41677.0,451,3.0483994933713685,2356.0,True,SKU-573448
PROD11646,2026-09-12,Home & Kitchen,,44613.0,125,1.4849718452724132,3507.0,True,SKU-608131
PROD35055,2026-09-13,Sports,NoName,30359.0,329,3.974255228687733,4625.0,False,SKU-633347
PROD75480,2026-09-12,Clothing,NoName,29300.0,120,3.195254108264694,3249.0,True,SKU-121235
PROD93460,2026-09-08,Electronics,OffBrand,8169.0,211,3.4545596617582754,1452.0,True,SKU-883317
PROD92050,2026-09-10,Home & Kitchen,OffBrand,28635.0,106,1.2176854743032361,4387.0,True,SKU-556889
PROD38211,2026-09-06,Sports,NoName,34067.0,182,3.469559521829536,215.0,True,SKU-641463
PROD95455,2026-09-11,Books,BrandA,38753.0,417,3.6623396791253056,4349.0,True,SKU-637670
PROD69853,2026-09-11,Home & Kitchen,,29688.0,272,4.709135326804853,3342.0,True,SKU-533699
PROD85937,2026-09-13,Books,BrandA,36811.0,211,3.5299873964648905,412.0,True,SKU-623785
PROD14017,2026-09-11,Home & Kitchen,BrandC,47074.0,126,3.8102620340967586,1762.0,True,SKU-715567
PROD44833,2026-09-02,Books,Premium,32089.0,-13,2.3635344757483954,686.0,True,SKU-796816
PROD90612,2026-09-05,Sports,Premium,13938.0,359,1.0745671113166648,440.0,False,SKU-229562
PROD70636,2026-09-12,Clothing,BrandB,43032.0,406,4.390376347882098,3367.0,True,SKU-929377
PROD92032,2026-09-13,Books,NoName,6559.0,313,1.2500241270770056,4463.0,True,SKU-790491
PROD98241,2026-09-07,Electronics,Premium,0.0,261,4.335893680158243,4014.0,False,SKU-969812
PROD88324,2026-09-10,Toys,NoName,20683.0,189,,837.0,True,SKU-611987
PROD32443,2026-09-12,Electronics,,39937.0,436,3.3777130403933144,2730.0,True,SKU-266794
PROD23290,2026-09-03,Sports,OffBrand,39310.0,28,4.396003359487592,223.0,True,SKU-576413
PROD24932,2026-09-09,Home & Kitchen,BrandC,15902.0,81,4.5580692987247415,4273.0,True,SKU-910918
PROD19223,2026-09-13,Electronics,NoName,633.0,165,1.1996847396614414,914.0,True,SKU-946840
PROD88852,2026-09-03,Clothing,NoName,36967.0,91,3.756667374306106,1693.0,True,SKU-464089
PROD77994,2026-09-05,Home & Kitchen,BrandA,19152.0,314,4.907416505645304,187.0,True,SKU-680338
PROD44319,2026-09-01,Clothing,BrandB,7112.0,324,1.1506787954896165,1225.0,True,SKU-465260
PROD36443,2026-09-11,Sports,NoName,36746.0,414,4.827519310178252,3434.0,True,SKU-916848
PROD23393,2026-09-12,Clothing,BrandA,33241.0,439,1.547011813181379,2036.0,False,SKU-973045
PROD30320,2026-09-08,Books,OffBrand,33924.0,313,4.729988631783478,,True,SKU-447980
PROD43294,2026-09-10,Electronics,Premium,35701.0,492,1.7813817530187896,94.0,True,SKU-454705
PROD14407,2026-09-08,Electronics,NoName,43845.0,15,3.0330249561383043,1389.0,True,SKU-638025
PROD63904,2026-09-01,Books,BrandB,21548.0,56,2.87934041703642,3060.0,False,SKU-116977
PROD34108,2026-09-11,Clothing,BrandC,4357.0,483,1.073368650305167,426.0,True,SKU-685770
PROD50014,2026-09-09,Electronics,BrandA,39583.0,436,1.3412253463080201,2989.0,True,SKU-560889
PROD78500,2026-09-07,Home & Kitchen,BrandC,42598.0,498,2.92139443434298,4196.0,False,SKU-144208
PROD55170,2026-09-04,Home & Kitchen,Premium,31980.0,236,4.309096640966191,1729.0,True,SKU-688563
PROD98528,2026-09-06,Books,Premium,6478.0,260,1.218390742522752,4047.0,True,SKU-792207
PROD64195,2026-09-08,Clothing,Premium,40519.0,357,4.136000906819729,2269.0,False,SKU-240322
PROD15392,2026-09-08,Books,BrandB,49709.0,67,2.2450542406746785,457.0,False,SKU-933457
PROD59343,2026-09-04,Sports,NoName,9236.0,318,2.3949119052037267,798.0,True,SKU-941475
PROD65575,2026-09-09,Clothing,,26480.0,390,3.2434684980488555,4218.0,True,SKU-951340
PROD72068,2026-09-13,Clothing,BrandB,6278.0,312,4.477965492446209,542.0,True,SKU-544968
PROD59060,2026-09-08,Electronics,Premium,17332.0,64,2.167239238841809,1778.0,True,SKU-557648
PROD95868,2026-09-04,Books,BrandA,11867.0,488,2.1899553337316053,660.0,True,SKU-469007
PROD59420,2026-09-01,Sports,NoName,18621.0,356,4.942414583881813,3707.0,True,SKU-902006
PROD31635,2026-09-08,Sports,NoName,32160.0,70,1.7843504246707815,3422.0,True,SKU-768327
PROD54031,2026-09-01,Electronics,BrandC,46191.0,175,1.2958028797857377,1922.0,True,SKU-766340
PROD65540,2026-09-07,Home & Kitchen,BrandC,38848.0,403,4.541702413736724,4272.0,True,SKU-901220
PROD35312,2026-09-08,Clothing,,37507.0,345,1.5575948914442561,46.0,False,SKU-997606
PROD83928,2026-09-14,Clothing,BrandA,5985.0,231,3.5706903991623724,4483.0,False,SKU-603376
PROD57785,2026-09-10,Sports,BrandC,37573.0,95,1.6614834563092988,4009.0,True,SKU-526338
PROD67020,2026-09-08,Electronics,,42288.0,493,3.727858968970391,4024.0,True,SKU-398911
PROD12689,2026-09-01,Sports,BrandA,28809.0,203,3.1007173956080574,866.0,True,SKU-803856
PROD87970,2026-09-04,Clothing,NoName,3116.0,428,3.9260356154217324,1687.0,True,SKU-875886
PROD32462,2026-09-12,Toys,NoName,35064.0,133,1.061432741579734,253.0,True,SKU-488333
PROD28503,2026-09-02,Home & Kitchen,OffBrand,46869.0,120,1.0147257925470465,4880.0,True,SKU-931143
PROD38856,2026-09-11,Electronics,NoName,47885.0,354,4.152173484321596,2107.0,True,SKU-551400
PROD14793,2026-09-14,Toys,,0.0,466,3.8250214305166583,4479.0,True,SKU-878556
PROD63659,2026-09-01,Home & Kitchen,BrandC,17481.0,2,4.261453781052413,3817.0,False,SKU-391556
PROD76656,2026-09-05,Home & Kitchen,,39105.0,189,3.9410464047470617,2723.0,True,SKU-382060
PROD36642,2026-09-10,Clothing,BrandA,27163.0,219,2.5701843574796954,3511.0,True,SKU-148833
PROD40217,2026-09-08,Clothing,BrandA,45535.0,481,3.5162633280026934,4052.0,True,SKU-870516
PROD79037,2026-09-03,Home & Kitchen,BrandA,22582.0,113,2.469327661538301,4434.0,True,SKU-279539
PROD74363,2026-09-13,Home & Kitchen,OffBrand,41643.0,493,1.24073083489013,757.0,False,SKU-864461
PROD88685,2026-09-06,Clothing,BrandC,46575.0,405,6.960743719519701,4509.0,True,SKU-683629
PROD93709,2026-09-11,Toys,BrandA,42160.0,321,7.847076237939955,2023.0,True,SKU-358468
PROD82891,2026-09-13,Clothing,BrandA,22997.0,62,2.6100146378581486,3962.0,True,SKU-474977
PROD77918,2026-09-07,Books,BrandB,7798.0,73,2.4286243076971576,4078.0,True,SKU-729951
PROD20953,2026-09-09,Sports,NoName,30827.0,57,3.3874820262420022,86.0,True,SKU-929128
PROD98849,2026-09-10,Toys,OffBrand,14691.0,233,2.957745697141015,4923.0,True,SKU-644306
PROD61365,2026-09-09,Books,,1681.0,113,4.882092024466425,3025.0,True,SKU-221473
PROD27549,2026-09-02,Home & Kitchen,OffBrand,16636.0,170,2.093150757727384,842.0,True,SKU-124932
PROD69180,2026-09-07,Books,BrandC,8352.0,435,1.2254422159230787,4656.0,True,SKU-608986
PROD29483,2026-09-05,Home & Kitchen,Premium,4298.0,306,3.0095932634861513,4569.0,True,SKU-972981
PROD12814,2026-09-05,Toys,NoName,20100.0,76,1.949704342673237,4145.0,True,SKU-656242
PROD23706,2026-09-04,Clothing,BrandA,0.0,76,1.0027203571787027,3811.0,True,SKU-695836
PROD30219,2026-09-06,Home & Kitchen,BrandB,40771.0,269,3.95084591719518,3508.0,True,SKU-986990
PROD43767,2026-09-03,Home & Kitchen,BrandB,17628.0,4,2.3882404404814923,4683.0,True,SKU-314138
PROD83686,2026-09-14,Home & Kitchen,BrandC,1693.0,331,9.175489466720013,,True,SKU-612573
PROD67768,2026-09-12,Sports,BrandB,5056.0,405,4.568571979906766,1965.0,False,SKU-230834
PROD33142,2026-09-01,Home & Kitchen,,5646.0,437,2.6756830496735966,1284.0,True,SKU-425453
PROD53091,2026-09-05,Clothing,BrandA,46889.0,378,3.308434004321468,2569.0,False,SKU-150694
PROD11702,2026-09-11,Electronics,OffBrand,10284.0,373,4.40548042830421,2961.0,True,SKU-147345
PROD63728,2026-09-04,Home & Kitchen,OffBrand,22440.0,340,3.681424200177942,578.0,True,SKU-123773
PROD58729,2026-09-09,Electronics,OffBrand,17151.0,111,3.562025569690517,,True,SKU-256513
PROD98572,2026-09-10,Books,BrandB,12714.0,404,2.6000114028074073,670.0,True,SKU-904425
PROD20275,2026-09-08,Sports,BrandB,40144.0,453,2.4511566755135563,52.0,True,SKU-405794
PROD23490,2026-09-12,Clothing,OffBrand,31772.0,464,1.458156460828274,41.0,True,SKU-112838
PROD19063,2026-09-11,Electronics,OffBrand,35708.0,315,4.764279218662118,3873.0,True,SKU-119594
PROD15550,2026-09-06,Clothing,BrandB,32488.0,470,1.6477993451163844,1684.0,True,SKU-475299
PROD49354,2026-09-05,Clothing,NoName,22246.0,147,2.6425479530221545,2419.0,True,SKU-921053
PROD64072,2026-09-01,Books,Premium,7472.0,137,2.3025413016541045,4821.0,True,SKU-717510
PROD14996,2026-09-02,Clothing,BrandC,17609.0,19,4.207843263325625,636.0,True,SKU-780096
PROD85463,2026-09-10,Books,BrandA,49186.0,318,2.2710205420321445,,True,SKU-565132
PROD27824,2026-09-13,Electronics,BrandC,47960.0,290,3.9663622552289333,1188.0,True,SKU-212174
PROD45944,2026-09-05,Books,BrandA,18700.0,86,3.529178705882078,2371.0,True,SKU-738132
PROD18692,2026-09-14,Toys,BrandA,13089.0,286,2.3572846080382344,469.0,True,SKU-424998
PROD45721,2026-09-03,Toys,OffBrand,44294.0,181,1.7345366287013566,3334.0,True,SKU-354860
PROD46185,2026-09-06,Sports,BrandA,33457.0,-88,2.945598969779693,1379.0,False,SKU-475058
PROD51042,2026-09-05,Home & Kitchen,NoName,27830.0,295,1.733913114555421,4979.0,False,SKU-462897
PROD90565,2026-09-13,Electronics,BrandB,35034.0,410,,1410.0,True,SKU-848389
PROD69599,2026-09-14,Sports,Premium,36960.0,379,3.3177155294388756,2621.0,True,SKU-828925
PROD68347,2026-09-07,Electronics,BrandC,0.0,95,4.519246918733566,3135.0,True,SKU-429577
PROD33821,2026-09-03,Electronics,BrandB,48567.0,489,2.083747590333862,3246.0,True,SKU-639407
PROD77488,2026-09-14,Electronics,BrandC,11010.0,134,1.3760250686225866,1351.0,True,SKU-157900
PROD68588,2026-09-09,Clothing,BrandA,24203.0,275,2.6332699670403996,3353.0,True,SKU-646554
PROD92877,2026-09-01,Electronics,BrandB,29160.0,206,1.334714180213464,3865.0,True,SKU-285060
PROD28153,2026-09-14,Home & Kitchen,BrandA,18442.0,48,2.531495278589667,,True,SKU-478603
PROD91840,2026-09-05,Sports,BrandA,13189.0,443,1.751779964968914,375.0,True,SKU-691178
PROD58264,2026-09-05,Toys,BrandB,16285.0,330,3.3908465838283237,4961.0,True,SKU-916835
PROD84823,2026-09-06,Electronics,OffBrand,23914.0,77,3.376742939057026,3648.0,True,SKU-298667
PROD61606,2026-09-02,Books,BrandA,29147.0,294,8.64990256101754,2972.0,True,SKU-154907
PROD40896,2026-09-04,Sports,,18034.0,118,3.8240414496068915,3586.0,True,SKU-530243
PROD84206,2026-09-01,Sports,OffBrand,22375.0,335,3.678634678289751,4383.0,True,SKU-926300
PROD28688,2026-09-14,Toys,Premium,1809.0,86,3.693440009307301,673.0,True,SKU-134009
PROD58916,2026-09-05,Toys,,12109.0,70,3.5256548662792193,1788.0,True,SKU-646032
PROD35581,2026-09-02,Home & Kitchen,NoName,39744.0,165,3.969515632045336,131.0,True,SKU-173186
PROD90556,2026-09-14,Sports,BrandA,33141.0,161,1.227087028458222,2030.0,True,SKU-207502
PROD88400,2026-09-14,Electronics,Premium,18404.0,409,4.003722489331155,3461.0,True,SKU-251823
PROD31834,2026-09-10,Clothing,BrandC,33601.0,350,4.04355040080062,1687.0,True,SKU-449649
PROD85915,2026-09-05,Home & Kitchen,Premium,44494.0,-38,3.731862620851328,1299.0,True,SKU-207548
PROD85474,2026-09-12,Electronics,NoName,18955.0,311,1.7806388856299296,4687.0,True,SKU-552108
PROD26445,2026-09-09,Electronics,OffBrand,46819.0,173,3.9993406428843232,644.0,True,SKU-350492
PROD47291,2026-09-12,Books,BrandA,33992.0,148,3.982344071285739,1446.0,True,SKU-721304
PROD48085,2026-09-02,Clothing,,10157.0,68,3.3906692088446837,1380.0,True,SKU-793096
PROD86932,2026-09-11,Home & Kitchen,OffBrand,2825.0,326,9.638277107830934,1581.0,True,SKU-238455
PROD72827,2026-09-11,Electronics,,45084.0,319,4.372657235722382,,True,SKU-469695
PROD53381,2026-09-02,Clothing,OffBrand,2660.0,451,1.0425258091969454,780.0,True,SKU-533849
PROD78490,2026-09-10,Clothing,BrandA,45478.0,81,4.174006789314198,4265.0,True,SKU-561359
PROD48521,2026-09-02,Clothing,BrandA,32592.0,-22,1.4112935962781346,493.0,True,SKU-678613
PROD67114,2026-09-10,Electronics,NoName,13931.0,100,4.263631110667909,771.0,True,SKU-338325
PROD80377,2026-09-11,Electronics,NoName,23890.0,41,3.858768400402483,3570.0,True,SKU-246870
PROD13733,2026-09-12,Electronics,NoName,36380.0,266,3.4463469289522584,2064.0,True,SKU-164238
PROD52156,2026-09-12,Electronics,OffBrand,28231.0,380,4.725376865398431,2633.0,False,SKU-134691
PROD76770,2026-09-04,Books,BrandB,44231.0,416,3.155663301929858,765.0,True,SKU-638751
PROD27992,2026-09-06,Toys,OffBrand,45253.0,484,1.9759337187360386,2428.0,True,SKU-119594
PROD23848,2026-09-12,Home & Kitchen,BrandA,6902.0,183,3.3354896980848925,2680.0,True,SKU-896204
PROD56054,2026-09-12,Clothing,BrandC,4254.0,372,2.813707233329981,946.0,True,SKU-822367
PROD98009,2026-09-07,Sports,BrandB,46486.0,223,1.5280982150385531,,False,SKU-390012
PROD81748,2026-09-09,Clothing,NoName,42830.0,371,3.8765413260926347,72.0,True,SKU-881505
PROD51544,2026-09-11,Electronics,BrandB,3353.0,292,2.176674045014087,1317.0,True,SKU-288617
PROD57782,2026-09-09,Electronics,NoName,25259.0,89,1.6991399197597463,3244.0,True,SKU-256261
PROD11388,2026-09-01,Clothing,BrandB,31382.0,303,1.4483218687493467,1372.0,True,SKU-257820
PROD89089,2026-09-03,Home & Kitchen,Premium,30197.0,-97,4.584792403375642,2565.0,True,SKU-201695
PROD96346,2026-09-13,Books,,26414.0,145,4.993276505107483,2258.0,True,SKU-934846
PROD28910,2026-09-01,Electronics,BrandA,20440.0,412,4.719669956651513,2205.0,True,SKU-224586
PROD49027,2026-09-11,Toys,BrandC,26477.0,498,4.069661124733658,2830.0,True,SKU-485806
PROD38838,2026-09-12,Books,BrandB,22972.0,414,1.3406478447075578,,True,SKU-881411
PROD69601,2026-09-01,Clothing,Premium,0.0,79,1.0340595105794175,2564.0,True,SKU-188034
PROD26027,2026-09-08,Sports,NoName,44426.0,278,,517.0,True,SKU-825890
PROD58629,2026-09-01,Toys,,26044.0,481,4.644151820809142,601.0,True,SKU-122109
PROD68530,2026-09-13,Electronics,NoName,2446.0,242,2.7188655191796545,3940.0,True,SKU-542579
PROD54441,2026-09-07,Sports,OffBrand,1766.0,227,,2767.0,True,SKU-330360
PROD62345,2026-09-07,Toys,OffBrand,12443.0,94,,3078.0,True,SKU-326008
PROD88721,2026-09-11,Electronics,,42467.0,376,3.183771686683975,882.0,True,SKU-159625
PROD78742,2026-09-06,Clothing,BrandA,5594.0,435,3.2012034927244057,2299.0,True,SKU-556455
PROD82485,2026-09-01,Electronics,BrandA,25117.0,336,3.8133051766712103,2312.0,True,SKU-702504
PROD40229,2026-09-14,Sports,BrandC,26065.0,288,1.1347116759126856,529.0,True,SKU-421944
PROD20783,2026-09-12,Clothing,BrandB,21604.0,234,2.2676050362093743,2746.0,True,SKU-489112
PROD10580,2026-09-06,Clothing,,43810.0,413,4.405746380628665,298.0,True,SKU-563890
PROD60103,2026-09-12,Toys,Premium,14758.0,417,4.151782434550995,258.0,True,SKU-135160
PROD57182,2026-09-01,Books,BrandA,20227.0,498,4.382642034107871,2420.0,True,SKU-766888
PROD70051,2026-09-09,Books,OffBrand,48001.0,418,2.703543785767055,4389.0,True,SKU-479324
PROD15269,2026-09-11,Clothing,NoName,28936.0,213,4.089956765941167,798.0,True,SKU-453361
PROD84770,2026-09-05,Sports,,26380.0,180,2.661400358964172,3356.0,True,SKU-486377
PROD60295,2026-09-04,Electronics,OffBrand,33120.0,194,,2596.0,True,SKU-497495
PROD40474,2026-09-11,Home & Kitchen,BrandB,13343.0,343,2.4126043174948144,878.0,True,SKU-334231
PROD49350,2026-09-05,Clothing,BrandA,32396.0,183,1.2582645230286684,4124.0,False,SKU-970363
PROD48027,2026-09-07,Sports,Premium,17435.0,497,4.277688618258853,2074.0,True,SKU-622633
PROD87538,2026-09-10,Electronics,BrandC,48135.0,243,4.379296277925416,2810.0,True,SKU-191378
PROD91261,2026-09-11,Books,BrandA,43499.0,123,4.465224831200694,1859.0,True,SKU-722107
PROD84634,2026-09-07,Home & Kitchen,BrandC,32418.0,135,1.5072115544064513,919.0,True,SKU-452353
PROD31881,2026-09-14,Electronics,NoName,43928.0,492,3.4279598458310083,4380.0,True,SKU-621551
PROD74379,2026-09-09,Books,Premium,12408.0,154,2.481090406122732,1007.0,True,SKU-717046
PROD59732,2026-09-11,Electronics,BrandC,0.0,-93,4.304519661681216,2005.0,True,SKU-682916
PROD66928,2026-09-04,Books,OffBrand,18663.0,346,4.708463329082831,1550.0,True,SKU-555444
PROD38239,2026-09-13,Sports,BrandB,38435.0,386,2.571400814032083,3997.0,True,SKU-846896
PROD76762,2026-09-09,Home & Kitchen,BrandC,48476.0,259,2.1765246193215715,1936.0,True,SKU-882148
PROD75361,2026-09-07,Sports,NoName,12716.0,174,1.4552956793580338,1405.0,True,SKU-480549
PROD93905,2026-09-07,Home & Kitchen,OffBrand,46320.0,74,1.2784323301586809,880.0,True,SKU-597051
PROD21407,2026-09-11,Electronics,BrandA,16955.0,339,2.916267230887296,4098.0,True,SKU-539008
PROD84394,2026-09-07,Clothing,BrandA,24525.0,84,4.0318867806837755,378.0,True,SKU-419443
PROD84490,2026-09-05,Clothing,NoName,37629.0,265,1.2228200207758744,4387.0,True,SKU-741154
PROD33345,2026-09-13,Clothing,BrandA,12705.0,454,2.420830413601707,1217.0,True,SKU-242030
PROD89999,2026-09-04,Sports,BrandB,45177.0,235,9.230697388024614,,True,SKU-602959
PROD64691,2026-09-03,Books,NoName,5646.0,400,2.480513814304542,1004.0,True,SKU-609471
PROD72857,2026-09-07,Electronics,,31179.0,216,4.818248850289352,,True,SKU-479663
PROD69186,2026-09-06,Clothing,BrandB,4998.0,437,2.9009850468272367,4476.0,True,SKU-535742
PROD94541,2026-09-13,Electronics,Premium,41357.0,243,3.403611878093444,1386.0,True,SKU-119531
PROD97961,2026-09-03,Electronics,BrandB,25931.0,128,1.1928132280172719,3679.0,True,SKU-323239
PROD72007,2026-09-06,Toys,BrandB,2332.0,403,4.1782100887909035,523.0,True,SKU-152140
PROD37450,2026-09-12,Clothing,BrandB,47232.0,447,1.0503157983308364,,True,SKU-188951
PROD87555,2026-09-01,Electronics,OffBrand,48742.0,0,1.3081996622214422,,True,SKU-878379
PROD40420,2026-09-08,Electronics,NoName,11168.0,180,4.358935997988603,2170.0,True,SKU-737017
PROD74859,2026-09-05,Home & Kitchen,BrandA,15926.0,288,1.8356607537017013,1877.0,True,SKU-386636
PROD43512,2026-09-06,Books,Premium,17846.0,289,4.4568244372806545,1460.0,True,SKU-873800
PROD40743,2026-09-07,Clothing,OffBrand,16087.0,1,1.2094747205743621,488.0,True,SKU-841070
PROD95136,2026-09-12,Sports,NoName,17881.0,-53,2.1550882637422486,2275.0,True,SKU-532519
PROD79260,2026-09-10,Toys,BrandA,8951.0,118,3.7810862817978106,1261.0,True,SKU-323127
PROD15232,2026-09-12,Clothing,BrandA,22010.0,458,,103.0,True,SKU-531743
PROD89579,2026-09-05,Clothing,BrandC,10535.0,71,3.750501206753966,2594.0,True,SKU-489527
PROD58993,2026-09-01,Electronics,BrandA,44471.0,227,4.316840686557624,842.0,False,SKU-577067
PROD30281,2026-09-11,Electronics,BrandC,12770.0,317,3.1459482691543665,,True,SKU-374730
PROD67450,2026-09-03,Sports,OffBrand,10706.0,409,2.033470619082718,,True,SKU-310386
PROD75116,2026-09-01,Toys,Premium,26140.0,342,2.907472799114953,4142.0,True,SKU-364814
PROD95142,2026-09-05,Clothing,NoName,22597.0,385,4.11877305740123,4437.0,False,SKU-645412
PROD71918,2026-09-08,Sports,BrandC,22170.0,498,4.307541746841935,659.0,True,SKU-245672
PROD95681,2026-09-12,Clothing,BrandA,16116.0,376,1.887007354363154,1324.0,True,SKU-733926
PROD67610,2026-09-07,Home & Kitchen,OffBrand,616.0,70,3.383459746035038,,True,SKU-748583
PROD12770,2026-09-05,Electronics,NoName,11785.0,389,3.793480166119729,3086.0,False,SKU-521018
PROD77528,2026-09-05,Sports,BrandB,45803.0,53,1.9744935128912764,610.0,True,SKU-122992
PROD42096,2026-09-11,Sports,BrandA,9580.0,444,1.2243338380240694,4941.0,True,SKU-837572
PROD78000,2026-09-08,Home & Kitchen,NoName,46991.0,202,3.5662101175202374,2462.0,True,SKU-722121
PROD22462,2026-09-12,Clothing,BrandB,30616.0,366,2.876236384357479,4560.0,True,SKU-541477
PROD14503,2026-09-02,Electronics,NoName,2393.0,258,1.0175735025272337,4503.0,True,SKU-509687
PROD24931,2026-09-14,Home & Kitchen,BrandB,11944.0,441,4.577812217393985,1472.0,True,SKU-675341
PROD86308,2026-09-08,Sports,NoName,3489.0,206,1.338183407836072,1047.0,True,SKU-153636
PROD46931,2026-09-03,Electronics,OffBrand,38486.0,453,3.311125029062139,3602.0,True,SKU-831023
PROD56609,2026-09-06,Sports,BrandC,47645.0,286,3.6701507566332086,4996.0,True,SKU-436778
PROD62470,2026-09-12,Electronics,BrandA,32923.0,241,1.968304817242584,3134.0,True,SKU-688197
PROD35302,2026-09-02,Books,BrandA,14374.0,186,2.8200971275984252,4327.0,True,SKU-809103
PROD14208,2026-09-11,Books,BrandB,34139.0,408,2.6493440102506116,2697.0,True,SKU-328331
PROD31043,2026-09-03,Electronics,BrandA,9940.0,68,2.6473481023016414,665.0,True,SKU-741327
PROD78136,2026-09-03,Clothing,BrandC,24724.0,377,1.5632515238243454,859.0,True,SKU-461639
PROD80627,2026-09-05,Sports,BrandA,4636.0,280,2.6570586996150714,,True,SKU-176833
PROD32378,2026-09-12,Home & Kitchen,NoName,34218.0,187,4.211867466600863,961.0,True,SKU-846955
PROD65317,2026-09-08,Home & Kitchen,BrandA,4933.0,235,4.16096544594099,4830.0,False,SKU-367675
PROD69680,2026-09-13,Home & Kitchen,Premium,36887.0,137,3.4612827273489093,3702.0,True,SKU-635024
PROD18295,2026-09-04,Electronics,Premium,8675.0,473,4.6712622441328975,4856.0,True,SKU-251314
PROD75946,2026-09-09,Electronics,BrandC,3787.0,89,2.9536235967954076,638.0,True,SKU-617933
PROD83193,2026-09-12,Electronics,BrandA,9548.0,194,1.1904535456646728,2548.0,True,SKU-385475
PROD48872,2026-09-08,Clothing,BrandA,49124.0,257,2.4207441876472218,2456.0,True,SKU-749219
PROD31898,2026-09-09,Toys,BrandA,47556.0,340,3.9392253030005793,3300.0,False,SKU-426576
PROD13917,2026-09-14,Electronics,OffBrand,31038.0,313,4.680244285242109,1071.0,True,SKU-474540
PROD65219,2026-09-06,Books,NoName,19673.0,394,3.903284996890904,542.0,False,SKU-766078
PROD28043,2026-09-12,Home & Kitchen,BrandA,35889.0,83,4.6140271482384,4925.0,True,SKU-265296
PROD96231,2026-09-01,Clothing,OffBrand,10716.0,156,1.936676773806631,3565.0,True,SKU-154374
PROD22378,2026-09-14,Home & Kitchen,OffBrand,42637.0,445,1.0363423000698124,25.0,False,SKU-962974
PROD75367,2026-09-11,Toys,BrandC,17643.0,-71,3.8312856444958405,1626.0,True,SKU-759780
PROD42699,2026-09-07,Clothing,BrandA,13995.0,396,4.464564535695979,3247.0,False,SKU-495793
PROD13873,2026-09-11,Clothing,BrandA,48436.0,123,4.7472647924237705,4503.0,True,SKU-542642
PROD66431,2026-09-10,Books,OffBrand,27486.0,263,2.024071301981204,124.0,False,SKU-576520
PROD35424,2026-09-03,Home & Kitchen,OffBrand,26153.0,95,1.323101534813711,3725.0,True,SKU-533176
PROD16223,2026-09-01,Home & Kitchen,Premium,49968.0,283,4.441091992997565,1691.0,True,SKU-315040
PROD76859,2026-09-03,Clothing,BrandA,5247.0,342,4.642101402179513,3480.0,True,SKU-909268
PROD35305,2026-09-08,Sports,BrandA,8485.0,-48,2.872760456715676,4338.0,True,SKU-611242
PROD34521,2026-09-03,Electronics,NoName,4347.0,321,3.2456632197922906,2151.0,True,SKU-750747
PROD73082,2026-09-14,Home & Kitchen,BrandB,10205.0,448,3.768799723435276,1230.0,True,SKU-598434
PROD12536,2026-09-12,Sports,NoName,31637.0,57,3.114619856593501,2104.0,True,SKU-990260
PROD38489,2026-09-02,Home & Kitchen,BrandA,27863.0,417,4.259668199023402,1844.0,True,SKU-545666
PROD40278,2026-09-08,Home & Kitchen,OffBrand,2343.0,233,1.4833902782313984,,True,SKU-331123
PROD85747,2026-09-05,Electronics,OffBrand,21582.0,187,4.744683768572973,3288.0,True,SKU-740662
PROD48928,2026-09-07,Electronics,BrandA,937.0,393,4.004080540728259,3783.0,True,SKU-751844
PROD49438,2026-09-02,Home & Kitchen,BrandA,44921.0,-85,3.9307677185602206,4537.0,True,SKU-411877
PROD92792,2026-09-04,Electronics,OffBrand,33782.0,269,1.6638091266443076,1996.0,True,SKU-645255
PROD22084,2026-09-14,Home & Kitchen,NoName,14611.0,365,4.202630461386242,3035.0,True,SKU-697057
PROD33365,2026-09-14,Sports,OffBrand,19410.0,243,1.4521468752590958,,True,SKU-300324
PROD19892,2026-09-05,Home & Kitchen,BrandA,42564.0,369,,1456.0,False,SKU-472231
PROD67733,2026-09-12,Clothing,NoName,28258.0,224,2.151431095634015,522.0,True,SKU-879686
PROD17855,2026-09-12,Toys,NoName,48352.0,300,1.6904111824000267,2710.0,False,SKU-966639
PROD37487,2026-09-06,Home & Kitchen,,32884.0,95,4.872069747341472,3503.0,False,SKU-882688
PROD44921,2026-09-05,Sports,NoName,16162.0,310,1.4082862945772292,1845.0,False,SKU-306666
PROD14294,2026-09-04,Sports,OffBrand,49040.0,147,4.503745088853459,4490.0,True,SKU-607626
PROD92948,2026-09-08,Electronics,BrandA,0.0,468,4.068705879496691,4483.0,True,SKU-978406
PROD37077,2026-09-09,Sports,NoName,0.0,27,2.5370201704383484,934.0,True,SKU-644935
PROD90412,2026-09-12,Sports,BrandB,45480.0,41,1.0483458774718373,3172.0,True,SKU-392309
PROD98743,2026-09-09,Electronics,BrandA,5391.0,144,1.6825304145686388,1838.0,False,SKU-506183
PROD92510,2026-09-08,Toys,NoName,20882.0,449,2.028476463227457,3972.0,True,SKU-361754
PROD51225,2026-09-10,Sports,OffBrand,42171.0,489,3.8252669452196364,3962.0,True,SKU-823028
PROD69003,2026-09-11,Electronics,BrandA,964.0,131,2.0548853242734575,4818.0,True,SKU-731371
PROD41297,2026-09-10,Books,OffBrand,4721.0,8,3.565151966240344,1643.0,True,SKU-636065
PROD96793,2026-09-07,Electronics,BrandA,35726.0,194,4.644570579640276,1180.0,True,SKU-374142
PROD90752,2026-09-05,Electronics,,20448.0,332,1.3208768050461246,2994.0,True,SKU-811989
PROD60104,2026-09-10,Home & Kitchen,NoName,30136.0,39,4.72722800201184,777.0,True,SKU-628580
PROD80480,2026-09-08,Books,BrandB,35682.0,43,4.2968265763019735,4156.0,True,SKU-817411
PROD24059,2026-09-03,Home & Kitchen,BrandC,12391.0,99,4.441121775117793,4275.0,True,SKU-188826
PROD64709,2026-09-05,Electronics,,9349.0,83,4.385323200306406,1161.0,False,SKU-759518
PROD69574,2026-09-06,Electronics,BrandC,0.0,495,4.481217665320191,2735.0,True,SKU-808376
PROD41625,2026-09-05,Clothing,NoName,40522.0,174,3.817142212813557,457.0,True,SKU-960871
PROD74623,2026-09-02,Toys,BrandA,0.0,489,1.7198114298808065,188.0,True,SKU-354965
PROD92306,2026-09-09,Clothing,OffBrand,7585.0,234,4.546278117569804,3477.0,True,SKU-169271
PROD37618,2026-09-10,Clothing,NoName,44697.0,288,1.7216775472700276,4343.0,True,SKU-617987
PROD13413,2026-09-07,Clothing,BrandB,33373.0,108,1.1020908966854202,3953.0,True,SKU-886747
PROD49969,2026-09-09,Home & Kitchen,BrandA,40441.0,311,4.173151990109062,706.0,True,SKU-892848
PROD35121,2026-09-11,Books,OffBrand,21877.0,233,3.588988291668007,3478.0,True,SKU-444365
PROD18696,2026-09-12,Books,NoName,21377.0,64,1.4464683844085973,318.0,True,SKU-334580
PROD69348,2026-09-13,Books,Premium,35296.0,301,3.279165536383962,2116.0,True,SKU-741721
PROD70164,2026-09-02,Electronics,BrandA,26576.0,459,4.956424659877051,3565.0,True,SKU-556068
PROD40229,2026-09-14,Sports,BrandC,26065.0,288,1.1347116759126856,529.0,True,SKU-421944
PROD71612,2026-09-03,Electronics,NoName,22644.0,454,1.132271893804889,486.0,True,SKU-441261
PROD93745,2026-09-13,Home & Kitchen,BrandA,24394.0,252,3.6834601810103242,4562.0,True,SKU-657898
PROD26913,2026-09-11,Sports,BrandA,35099.0,79,4.446249819304539,3992.0,False,SKU-569880
PROD90722,2026-09-06,Clothing,BrandA,16436.0,462,3.2565673358188554,62.0,True,SKU-643586
PROD29118,2026-09-10,Home & Kitchen,,3363.0,192,3.955900553120096,3418.0,True,SKU-883449
PROD93268,2026-09-09,Sports,OffBrand,46100.0,65,4.5222353104591395,,True,SKU-990935
PROD95832,2026-09-07,Home & Kitchen,NoName,5053.0,367,1.1255427486131953,1640.0,True,SKU-949536
PROD63176,2026-09-08,Sports,NoName,46797.0,231,3.8730082657385005,4472.0,True,SKU-845054
PROD65061,2026-09-08,Home & Kitchen,BrandA,42024.0,61,1.0486757766112675,278.0,True,SKU-719508
PROD38907,2026-09-01,Books,BrandA,4891.0,219,1.8806371440635496,3899.0,True,SKU-518682
PROD70445,2026-09-02,Home & Kitchen,Premium,24859.0,367,1.4433673257087376,4073.0,False,SKU-655221
PROD98441,2026-09-11,Sports,BrandA,17315.0,41,4.375587728741792,,True,SKU-983216
PROD34793,2026-09-05,Sports,OffBrand,33992.0,482,3.444878387138041,863.0,True,SKU-658305
PROD36867,2026-09-03,Toys,OffBrand,0.0,441,4.03979948563366,3841.0,True,SKU-695655
PROD75557,2026-09-01,Sports,BrandC,34808.0,203,,1430.0,True,SKU-674969
PROD95808,2026-09-13,Electronics,NoName,43142.0,470,2.4976211247361073,3626.0,True,SKU-818592
PROD66402,2026-09-06,Books,BrandC,0.0,226,2.9868880956835406,3213.0,True,SKU-216699
PROD37141,2026-09-02,Clothing,,20790.0,37,4.994730675188013,3338.0,False,SKU-618318
PROD40854,2026-09-11,Books,BrandC,32722.0,27,2.2139143988072454,2352.0,False,SKU-234025
PROD37012,2026-09-03,Sports,NoName,2119.0,168,4.5818891765483425,243.0,True,SKU-274190
PROD25027,2026-09-03,Home & Kitchen,Premium,17671.0,-39,2.464607608417538,3013.0,True,SKU-988196
PROD11935,2026-09-07,Home & Kitchen,BrandC,0.0,56,1.4968166036317792,4084.0,True,SKU-653697
PROD31565,2026-09-14,Sports,NoName,23322.0,163,2.7240247635114603,1324.0,True,SKU-438655
PROD84773,2026-09-10,Home & Kitchen,Premium,11184.0,394,4.336299862557263,4159.0,True,SKU-795415
PROD29681,2026-09-07,Home & Kitchen,OffBrand,48619.0,250,1.6897361804462565,4771.0,True,SKU-309881
PROD87543,2026-09-08,Toys,NoName,40051.0,167,,4772.0,True,SKU-805549
PROD69411,2026-09-01,Electronics,OffBrand,5259.0,32,4.821930602882041,2067.0,True,SKU-203539
PROD59536,2026-09-14,Home & Kitchen,BrandC,40963.0,93,,3931.0,True,SKU-302453
PROD46304,2026-09-12,Toys,OffBrand,20444.0,104,1.477405839654526,1995.0,True,SKU-742767
PROD80565,2026-09-07,Books,OffBrand,20433.0,295,4.074308782852151,1682.0,True,SKU-319527
PROD76322,2026-09-10,Clothing,OffBrand,39964.0,430,3.6016175249201448,4522.0,True,SKU-459802
PROD41836,2026-09-12,Clothing,NoName,7708.0,369,4.536743752401379,4684.0,True,SKU-855092
PROD84568,2026-09-08,Books,,30007.0,486,1.4768486160901997,2215.0,True,SKU-987076
PROD67590,2026-09-12,Sports,NoName,17133.0,406,3.456453509673385,3377.0,True,SKU-802790
PROD90846,2026-09-12,Electronics,BrandC,45870.0,268,4.129600956771727,4756.0,True,SKU-466369
PROD60856,2026-09-01,Books,BrandA,26403.0,-51,3.839015102124485,1107.0,True,SKU-406926
PROD23803,2026-09-11,Sports,OffBrand,21561.0,29,3.843346820725606,1191.0,True,SKU-773825
PROD52507,2026-09-06,Clothing,NoName,38088.0,131,4.676401996726522,531.0,True,SKU-296897
PROD82526,2026-09-01,Electronics,BrandB,6944.0,104,,4124.0,True,SKU-535421
PROD33148,2026-09-09,Clothing,NoName,42406.0,23,1.494326069645905,4255.0,True,SKU-396692
PROD26268,2026-09-04,Home & Kitchen,BrandC,761.0,158,3.5691580460664385,254.0,True,SKU-156102
PROD97132,2026-09-10,Electronics,BrandA,38110.0,475,3.721601514971233,2636.0,False,SKU-936307
PROD42654,2026-09-06,Toys,BrandC,37221.0,256,1.435840788313178,2354.0,True,SKU-788499
PROD81393,2026-09-14,Clothing,,49176.0,435,4.8954724011966295,695.0,True,SKU-544613
PROD14511,2026-09-02,Sports,,12180.0,96,2.1500064380685684,2408.0,False,SKU-618494
PROD95774,2026-09-11,Home & Kitchen,BrandA,20123.0,387,4.0121366648892085,3078.0,True,SKU-351112
PROD19891,2026-09-11,Sports,OffBrand,0.0,464,2.4286407276872723,,True,SKU-512497
PROD83070,2026-09-09,Sports,BrandB,5276.0,312,3.3673357003664224,4699.0,True,SKU-614363
PROD11351,2026-09-08,Electronics,BrandC,39549.0,338,1.874245406913392,3752.0,False,SKU-954224
PROD62627,2026-09-14,Clothing,NoName,0.0,266,1.4093228028565505,2851.0,True,SKU-879303
PROD65127,2026-09-10,Books,OffBrand,33632.0,74,4.936019738405355,35.0,True,SKU-509203
PROD97518,2026-09-01,Clothing,,0.0,374,2.7430699682548885,4046.0,True,SKU-608650
PROD75201,2026-09-11,Clothing,BrandA,29813.0,7,4.259250502154921,4980.0,True,SKU-129229
PROD13307,2026-09-09,Electronics,BrandC,43274.0,263,1.7333538351284563,4409.0,True,SKU-835193
PROD54029,2026-09-02,Electronics,BrandB,4462.0,65,2.0582249903129246,4823.0,True,SKU-497735
PROD89692,2026-09-12,Sports,NoName,32955.0,351,3.5833782861570236,32.0,True,SKU-367903
PROD89388,2026-09-03,Books,BrandC,0.0,3,2.1364303505351896,595.0,True,SKU-880803
PROD53461,2026-09-08,Electronics,OffBrand,25503.0,162,4.949257785180563,901.0,True,SKU-242342
PROD88078,2026-09-13,Clothing,Premium,21836.0,479,2.313474650599778,2579.0,True,SKU-803940
PROD67283,2026-09-09,Electronics,BrandB,0.0,66,4.188530637186139,2575.0,True,SKU-839748
PROD98792,2026-09-04,Home & Kitchen,,10463.0,224,2.2344752548721516,3664.0,True,SKU-204052
PROD34533,2026-09-10,Sports,BrandB,16581.0,401,5.770759370526356,3620.0,True,SKU-439205
PROD15286,2026-09-12,Home & Kitchen,OffBrand,23058.0,195,2.82025209062535,4036.0,True,SKU-824020
PROD80331,2026-09-12,Electronics,BrandA,40039.0,278,1.0920914728989999,644.0,True,SKU-752220
PROD50404,2026-09-10,Books,BrandA,5513.0,113,1.124446919126041,3926.0,True,SKU-649323
PROD46112,2026-09-10,Clothing,OffBrand,9181.0,354,3.3342398137291567,213.0,True,SKU-293267
PROD62815,2026-09-13,Sports,OffBrand,351.0,210,3.640315619596797,2629.0,True,SKU-358596
PROD84489,2026-09-01,Sports,BrandA,36233.0,123,,2757.0,True,SKU-952857
PROD12334,2026-09-03,Electronics,BrandB,48072.0,107,4.046768956849936,4509.0,True,SKU-232394
PROD38425,2026-09-05,Sports,,45392.0,333,2.9818310803631194,189.0,True,SKU-109119
PROD50032,2026-09-04,Home & Kitchen,BrandA,49199.0,22,1.8037438443819456,3523.0,True,SKU-347712
PROD76781,2026-09-04,Home & Kitchen,NoName,0.0,398,3.369133655424697,4405.0,True,SKU-671155
PROD62215,2026-09-13,Clothing,,42173.0,104,1.4862044927254714,4954.0,True,SKU-876817
PROD62488,2026-09-06,Sports,BrandC,43519.0,407,1.5336015076720115,337.0,True,SKU-371495
PROD43004,2026-09-10,Sports,Premium,12709.0,81,4.353896899052796,3816.0,True,SKU-722266
PROD67894,2026-09-07,Home & Kitchen,BrandB,17263.0,130,3.7499370487203922,2552.0,True,SKU-558449
PROD64129,2026-09-04,Home & Kitchen,NoName,25456.0,78,4.247434290937865,1428.0,False,SKU-619745
PROD49235,2026-09-14,Clothing,BrandA,14533.0,405,3.6018888655525503,3789.0,True,SKU-549998
PROD71074,2026-09-12,Sports,OffBrand,41976.0,251,3.833104093306994,2078.0,True,SKU-865198
PROD97707,2026-09-04,Books,BrandA,45063.0,353,4.2820921823788405,95.0,True,SKU-508472
PROD73909,2026-09-11,Toys,OffBrand,48466.0,157,4.867804956032989,2428.0,False,SKU-980101
PROD13851,2026-09-12,Electronics,BrandA,0.0,73,2.401363442948605,1021.0,True,SKU-401603
PROD52338,2026-09-09,Clothing,OffBrand,23124.0,195,2.2963402801104342,,True,SKU-576532
PROD73747,2026-09-05,Clothing,NoName,47110.0,171,4.231933116960267,1462.0,True,SKU-838665
PROD66577,2026-09-07,Sports,NoName,23011.0,197,3.7935811216867332,2954.0,True,SKU-543293
PROD10379,2026-09-13,Books,BrandC,41754.0,382,3.738603970829482,2622.0,True,SKU-837023
PROD94118,2026-09-09,Toys,BrandA,15588.0,283,2.4130560162245556,3609.0,True,SKU-876297
PROD97292,2026-09-13,Clothing,BrandA,41346.0,85,2.9439821366109387,2549.0,True,SKU-628711
PROD66785,2026-09-07,Sports,NoName,16993.0,139,4.018742148616998,2608.0,True,SKU-926415
PROD90295,2026-09-09,Home & Kitchen,Premium,9867.0,423,3.4954111259951284,4219.0,True,SKU-615775
PROD28077,2026-09-09,Electronics,BrandA,0.0,79,1.8080958060716759,395.0,True,SKU-212785
PROD33311,2026-09-03,Sports,BrandC,20500.0,131,1.719352071908523,3315.0,True,SKU-593720
PROD97577,2026-09-05,Home & Kitchen,BrandA,18858.0,251,2.759921082650087,3560.0,True,SKU-200504
PROD85545,2026-09-04,Sports,,37145.0,491,1.1822013358439558,3166.0,True,SKU-174667
PROD42284,2026-09-14,Sports,Premium,49902.0,398,3.114485136692005,4889.0,True,SKU-245074
PROD58617,2026-09-13,Clothing,BrandC,5760.0,295,3.522312198813573,1109.0,True,SKU-959018
PROD38567,2026-09-06,Books,OffBrand,48098.0,462,2.9320789380530012,301.0,True,SKU-427389
PROD18324,2026-09-06,Sports,NoName,23577.0,338,1.1217874490778947,,True,SKU-679194
PROD46627,2026-09-14,Sports,BrandB,25188.0,256,2.427972750269325,2546.0,True,SKU-515279
PROD83116,2026-09-02,Home & Kitchen,BrandC,10252.0,353,1.384520179073741,4379.0,False,SKU-465406
PROD37883,2026-09-02,Clothing,NoName,18454.0,248,2.033655191928932,384.0,True,SKU-605893
PROD98572,2026-09-10,Books,BrandB,12714.0,404,2.6000114028074073,670.0,True,SKU-904425
PROD53445,2026-09-14,Clothing,BrandA,35632.0,10,4.312154567396272,947.0,True,SKU-428365
PROD70283,2026-09-02,Toys,BrandA,22713.0,270,1.40727979085894,2593.0,True,SKU-209503
PROD33899,2026-09-06,Sports,,36409.0,125,4.472503399651102,2931.0,True,SKU-569069
PROD34206,2026-09-12,Toys,NoName,11162.0,340,3.0097544124000173,683.0,True,SKU-584381
PROD50946,2026-09-12,Clothing,BrandB,13623.0,151,1.9538162345835817,3536.0,True,SKU-887463
PROD23979,2026-09-09,Home & Kitchen,BrandA,3848.0,441,4.565071731299469,4843.0,False,SKU-451749
PROD80395,2026-09-09,Toys,Premium,36768.0,286,1.2968860559717217,1809.0,True,SKU-743983
PROD74793,2026-09-13,Clothing,BrandA,36089.0,285,,427.0,True,SKU-247177
PROD29347,2026-09-06,Clothing,BrandA,3466.0,149,2.4509700713680376,3113.0,True,SKU-933954
PROD42815,2026-09-12,Sports,BrandA,45899.0,-36,2.395585382029499,2234.0,True,SKU-540179
PROD49018,2026-09-01,Clothing,OffBrand,31752.0,279,3.129069848064263,,True,SKU-806094
PROD73304,2026-09-08,Sports,NoName,1751.0,122,3.0752502104309642,508.0,True,SKU-427759
PROD20667,2026-09-06,Clothing,OffBrand,18410.0,207,1.5151679690906064,2787.0,True,SKU-743798
PROD80370,2026-09-02,Electronics,OffBrand,28116.0,484,3.050304261754842,2424.0,True,SKU-383825
PROD79294,2026-09-01,Home & Kitchen,,35358.0,-27,3.8115280061048287,674.0,True,SKU-138729
PROD81076,2026-09-03,Toys,BrandA,26305.0,48,8.835132342235475,,True,SKU-796150
PROD91827,2026-09-03,Electronics,BrandC,45844.0,351,2.146189616946671,1008.0,True,SKU-881333
PROD17646,2026-09-13,Sports,NoName,24752.0,263,3.101230912779688,252.0,True,SKU-588404
PROD54209,2026-09-10,Electronics,BrandA,16023.0,305,2.384828599129663,4079.0,True,SKU-104278
PROD60643,2026-09-01,Electronics,,39358.0,479,1.9488477315481414,3984.0,True,SKU-331647
PROD81397,2026-09-08,Home & Kitchen,BrandA,23154.0,118,3.155492346074849,99.0,True,SKU-350819
PROD73390,2026-09-09,Clothing,OffBrand,19548.0,459,3.9464689201375105,123.0,True,SKU-902680
PROD75307,2026-09-01,Electronics,OffBrand,25272.0,222,3.7513449400056746,3875.0,True,SKU-481240
PROD92168,2026-09-05,Home & Kitchen,NoName,1778.0,124,2.0530009458543708,2914.0,True,SKU-930163
PROD43180,2026-09-08,Electronics,BrandC,8261.0,486,3.2465308521295104,2222.0,True,SKU-575811
PROD83959,2026-09-13,Books,NoName,13777.0,42,2.408203285824115,4726.0,True,SKU-346685
PROD81814,2026-09-11,Books,Premium,21010.0,221,1.2886267258884367,2388.0,True,SKU-617685
PROD91064,2026-09-01,Sports,OffBrand,494.0,297,4.932136073908161,138.0,True,SKU-638771
PROD32886,2026-09-13,Books,BrandC,2570.0,378,2.3839808331491916,4719.0,True,SKU-118230
PROD81239,2026-09-04,Toys,BrandC,19617.0,292,1.3193874431683423,2278.0,True,SKU-518992
PROD42092,2026-09-05,Clothing,BrandC,12432.0,383,1.5081161844976716,4459.0,True,SKU-874392
PROD38088,2026-09-13,Toys,BrandC,4992.0,-15,3.3857641442763877,3007.0,False,SKU-440739
PROD92674,2026-09-03,Clothing,NoName,10604.0,388,2.4320723646771474,3101.0,False,SKU-505620
PROD31755,2026-09-14,Sports,BrandB,44397.0,243,1.8300612591445558,1091.0,True,SKU-958610
PROD99352,2026-09-05,Books,BrandB,16309.0,15,2.845796027937426,3370.0,True,SKU-840746
PROD96071,2026-09-08,Clothing,NoName,19300.0,440,1.413608084709169,1615.0,True,SKU-282165
PROD66248,2026-09-04,Toys,BrandC,19470.0,206,3.265973444156106,168.0,True,SKU-636026
PROD19191,2026-09-04,Clothing,BrandC,3410.0,369,1.1715084319489373,585.0,False,SKU-516232
PROD72234,2026-09-05,Books,BrandA,27512.0,-74,3.4342495475939776,1571.0,True,SKU-118848
PROD92414,2026-09-12,Clothing,BrandA,35326.0,424,4.683527369668327,4068.0,True,SKU-765694
PROD91150,2026-09-05,Electronics,BrandB,46898.0,187,6.309485771804658,4407.0,True,SKU-484573
PROD41377,2026-09-08,Electronics,BrandA,43985.0,390,4.328151731643297,4613.0,True,SKU-875924
PROD27329,2026-09-13,Clothing,BrandC,28200.0,384,4.221738795380766,797.0,False,SKU-145027
PROD55232,2026-09-06,Sports,NoName,28000.0,317,3.2288837097509924,2828.0,True,SKU-456409
PROD97926,2026-09-07,Home & Kitchen,BrandA,35686.0,305,3.070246435232797,1376.0,True,SKU-826102
PROD84873,2026-09-10,Toys,BrandA,46408.0,131,1.055662092927609,2326.0,True,SKU-595254
PROD88474,2026-09-11,Books,OffBrand,27291.0,401,1.3289572970509416,2382.0,True,SKU-181369
PROD70644,2026-09-08,Electronics,BrandC,5600.0,146,3.614555135337364,4633.0,True,SKU-594272
PROD40879,2026-09-01,Books,BrandA,34751.0,341,2.2586884232919724,3350.0,True,SKU-976714
PROD92320,2026-09-06,Sports,BrandC,39823.0,334,4.213270642590931,2952.0,True,SKU-507052
PROD82510,2026-09-14,Home & Kitchen,Premium,42728.0,7,4.28556150527748,3002.0,True,SKU-990810
PROD95963,2026-09-01,Toys,BrandA,25294.0,406,2.4385343100373067,2948.0,True,SKU-942117
PROD92972,2026-09-10,Electronics,BrandA,8061.0,81,3.7316565961053376,3685.0,True,SKU-425504
PROD72251,2026-09-09,Sports,OffBrand,15309.0,355,3.6016512332803923,1345.0,True,SKU-757328
PROD29368,2026-09-14,Sports,BrandC,22840.0,488,2.6595833684731005,2240.0,True,SKU-892649
PROD76466,2026-09-06,Sports,BrandB,36128.0,249,3.433095990030231,4184.0,True,SKU-808908
PROD38856,2026-09-11,Electronics,NoName,47885.0,354,4.152173484321596,2107.0,True,SKU-551400
PROD18693,2026-09-13,Sports,,3761.0,103,2.5414594201575547,3741.0,True,SKU-101203
PROD27421,2026-09-02,Electronics,,25228.0,473,2.3086758936918312,1544.0,True,SKU-223785
PROD42982,2026-09-06,Home & Kitchen,BrandA,36653.0,199,8.906784171313769,3144.0,True,SKU-502819
PROD78511,2026-09-08,Books,,31679.0,181,3.877385320945277,728.0,False,SKU-865995
PROD79944,2026-09-14,Clothing,,23005.0,39,4.145521432648327,4822.0,True,SKU-778839
PROD73492,2026-09-06,Electronics,Premium,31953.0,292,4.321309594355862,3082.0,True,SKU-185955
PROD10847,2026-09-12,Home & Kitchen,OffBrand,48270.0,215,3.366410452049268,4117.0,True,SKU-162793
PROD63975,2026-09-03,Electronics,BrandC,40207.0,496,2.458653152798414,544.0,True,SKU-511571
PROD94993,2026-09-12,Books,BrandB,13288.0,362,1.6046373552658992,2259.0,True,SKU-356197
PROD18658,2026-09-10,Electronics,OffBrand,29714.0,429,3.872501021322025,3114.0,True,SKU-636430
PROD27131,2026-09-07,Clothing,BrandC,32752.0,288,3.22293812827764,2790.0,True,SKU-718852
PROD47314,2026-09-03,Home & Kitchen,,21404.0,487,1.4980097657305969,1559.0,True,SKU-868360
PROD41710,2026-09-06,Clothing,BrandA,22298.0,440,,2340.0,False,SKU-485275
PROD83538,2026-09-02,Toys,BrandB,446.0,243,3.899633913498406,4525.0,True,SKU-638573
PROD52590,2026-09-02,Home & Kitchen,BrandB,48088.0,0,3.2259465811627934,3293.0,False,SKU-571656
PROD66279,2026-09-08,Books,BrandC,31144.0,402,4.270934514831071,4230.0,True,SKU-481957
PROD56767,2026-09-03,Toys,BrandA,38438.0,330,4.54955796071774,3867.0,True,SKU-204142
PROD16736,2026-09-10,Home & Kitchen,BrandA,28076.0,338,1.7797848937292788,1101.0,True,SKU-190765
PROD70344,2026-09-11,Books,BrandA,26463.0,223,4.91370396947924,2393.0,True,SKU-952636
PROD77121,2026-09-01,Electronics,BrandA,49767.0,440,4.1183440151229425,1521.0,True,SKU-897799
PROD16588,2026-09-07,Clothing,NoName,32600.0,49,4.091444175425771,4454.0,True,SKU-869903
PROD74449,2026-09-04,Books,Premium,5497.0,415,4.441566174038481,4816.0,True,SKU-974912
PROD91378,2026-09-09,Sports,,35514.0,115,2.2491604487695946,3210.0,True,SKU-304689
PROD80555,2026-09-13,Clothing,,26182.0,477,4.067576815824955,2258.0,True,SKU-463056
PROD14561,2026-09-11,Electronics,NoName,9718.0,249,4.303197806227786,2068.0,True,SKU-559149
PROD65693,2026-09-03,Clothing,BrandC,42722.0,80,3.1773167422166595,2368.0,True,SKU-681920
PROD64085,2026-09-14,Books,OffBrand,7148.0,359,1.7469617910296704,3971.0,True,SKU-100733
PROD81063,2026-09-13,Clothing,BrandB,0.0,337,3.4462156950822878,2305.0,True,SKU-225094
PROD46769,2026-09-13,Sports,Premium,1676.0,-20,1.1401355250381933,2686.0,True,SKU-961755
PROD50676,2026-09-03,Books,BrandB,34279.0,177,4.736644100382616,3553.0,True,SKU-931073
PROD50446,2026-09-06,Electronics,OffBrand,5764.0,163,4.295431366344241,1456.0,True,SKU-191415
PROD79821,2026-09-03,Home & Kitchen,OffBrand,1029.0,195,4.6958640926045145,122.0,False,SKU-373786
PROD73620,2026-09-06,Electronics,BrandC,1562.0,401,4.365223716650238,4683.0,True,SKU-514395
PROD25062,2026-09-01,Electronics,BrandA,20151.0,419,1.2441988832653208,4280.0,True,SKU-264592
PROD72612,2026-09-08,Home & Kitchen,BrandB,41407.0,482,1.4725435137413565,779.0,True,SKU-938596
PROD10718,2026-09-04,Clothing,NoName,12922.0,344,4.348485511736932,112.0,True,SKU-440943
PROD78349,2026-09-12,Sports,BrandA,8663.0,319,1.9323193847694702,2025.0,True,SKU-240350
PROD68881,2026-09-10,Books,OffBrand,33109.0,185,4.891216439651483,1261.0,True,SKU-705914
PROD36662,2026-09-04,Home & Kitchen,BrandA,17642.0,142,3.4181831143567654,3043.0,True,SKU-853029
PROD79967,2026-09-07,Books,NoName,46505.0,129,2.946789462297118,2828.0,True,SKU-886432
PROD16404,2026-09-11,Electronics,BrandA,21882.0,-16,2.050606000487806,1164.0,True,SKU-233639
PROD77893,2026-09-01,Clothing,NoName,24939.0,286,4.368739635546761,2219.0,True,SKU-658288
PROD17189,2026-09-01,Toys,OffBrand,43948.0,473,4.566360022577658,1868.0,True,SKU-681106
PROD75453,2026-09-13,Sports,Premium,45588.0,121,3.3913606943946584,2196.0,True,SKU-493652
PROD78548,2026-09-07,Books,,38783.0,491,4.75791110452019,,True,SKU-924529
PROD90843,2026-09-09,Clothing,Premium,387.0,445,2.247770056503852,1668.0,True,SKU-751221
PROD26967,2026-09-03,Sports,NoName,9843.0,298,1.2798663632773755,4991.0,True,SKU-577405
PROD97160,2026-09-05,Toys,BrandA,10878.0,495,3.2855527017712842,3234.0,True,SKU-126342
PROD83714,2026-09-10,Home & Kitchen,BrandB,5989.0,320,4.295050741036178,2961.0,True,SKU-490764
PROD55621,2026-09-10,Home & Kitchen,Premium,0.0,482,2.6056374731457894,3595.0,True,SKU-209270
PROD70235,2026-09-13,Clothing,OffBrand,46412.0,212,1.2845717787287705,4520.0,True,SKU-736553
PROD47041,2026-09-07,Home & Kitchen,BrandA,0.0,358,4.443860415113744,1630.0,True,SKU-963592
PROD53897,2026-09-04,Electronics,BrandC,34426.0,123,3.628488897427827,1996.0,True,SKU-486577
PROD18727,2026-09-14,Clothing,OffBrand,29582.0,379,3.899378103114134,521.0,True,SKU-118134
PROD79107,2026-09-01,Books,BrandC,25980.0,469,4.735997216485995,,True,SKU-739666
PROD97320,2026-09-06,Home & Kitchen,BrandA,9646.0,192,1.4647623300691985,406.0,True,SKU-566626
PROD42774,2026-09-10,Sports,Premium,36358.0,196,2.8689824588937944,4670.0,False,SKU-659031
PROD24616,2026-09-03,Clothing,BrandC,31863.0,400,2.9908236835827093,88.0,True,SKU-602795
PROD71491,2026-09-02,Electronics,OffBrand,2661.0,480,3.880357539839938,662.0,True,SKU-474896
PROD46361,2026-09-11,Clothing,Premium,6340.0,94,2.9755883440137825,3776.0,True,SKU-602473
PROD93464,2026-09-14,Toys,BrandA,17988.0,183,2.319547749845744,3574.0,True,SKU-503736
PROD36264,2026-09-13,Sports,BrandB,4433.0,197,1.0893124264756828,4230.0,True,SKU-490686
PROD98121,2026-09-10,Electronics,NoName,47605.0,210,,1115.0,True,SKU-351716
PROD35469,2026-09-07,Sports,BrandB,15548.0,5,3.9455613061994868,1690.0,True,SKU-749312
PROD68394,2026-09-07,Sports,OffBrand,25053.0,176,2.591814219796285,2231.0,False,SKU-112044
PROD11703,2026-09-04,Toys,NoName,30242.0,439,1.2589589938884598,4490.0,True,SKU-471853
PROD30206,2026-09-02,Electronics,,13270.0,116,3.809497749797383,3817.0,True,SKU-657868
PROD62170,2026-09-06,Home & Kitchen,BrandB,1865.0,373,1.1354576242088172,4461.0,True,SKU-866740
PROD41912,2026-09-03,Electronics,BrandA,17216.0,403,1.3942093004276255,1008.0,True,SKU-358169
PROD89943,2026-09-01,Home & Kitchen,BrandB,7029.0,378,4.965520251256246,4746.0,True,SKU-140504
PROD97423,2026-09-04,Books,NoName,35262.0,486,1.8181575364565612,4114.0,True,SKU-988872
PROD27194,2026-09-11,Sports,OffBrand,44950.0,262,4.604509395136569,4050.0,True,SKU-849160
PROD64049,2026-09-02,Toys,OffBrand,41832.0,53,3.710269027945539,2840.0,True,SKU-215216
PROD48349,2026-09-14,Electronics,OffBrand,0.0,163,3.4793297168241564,4347.0,True,SKU-403798
PROD15582,2026-09-08,Clothing,OffBrand,32169.0,487,4.477502668416792,4819.0,True,SKU-627179
PROD50213,2026-09-09,Home & Kitchen,OffBrand,0.0,101,4.911086119998279,3435.0,False,SKU-364649
PROD32357,2026-09-06,Toys,,46900.0,76,3.7767577094464597,813.0,True,SKU-116973
PROD58119,2026-09-03,Sports,BrandB,35415.0,268,2.017645913099097,3796.0,True,SKU-437066
PROD71000,2026-09-10,Clothing,BrandB,35366.0,489,2.2546086863695542,2553.0,False,SKU-236695
PROD11909,2026-09-09,Electronics,BrandC,17172.0,76,1.1325849510708235,1650.0,True,SKU-808682
PROD27192,2026-09-14,Electronics,Premium,41588.0,193,1.0462049614029367,3799.0,True,SKU-231475
PROD35784,2026-09-10,Electronics,Premium,43892.0,294,3.845926213424783,3779.0,True,SKU-829011
PROD93234,2026-09-12,Books,BrandB,36649.0,7,3.1865279919333993,472.0,False,SKU-631911
PROD25683,2026-09-14,Electronics,OffBrand,44719.0,236,4.214220241068326,,True,SKU-293273
PROD54458,2026-09-08,Clothing,,9345.0,390,4.706920076677807,3500.0,True,SKU-602891
PROD48984,2026-09-02,Electronics,NoName,2069.0,449,4.86288340869882,3391.0,True,SKU-369848
PROD84188,2026-09-12,Books,NoName,19402.0,239,4.777726711208663,,True,SKU-242285
PROD89335,2026-09-08,Electronics,BrandC,24181.0,158,3.5586620299323735,1782.0,True,SKU-254209
PROD52437,2026-09-02,Home & Kitchen,BrandC,30907.0,90,2.4315081114457615,2873.0,True,SKU-827197
PROD81503,2026-09-10,Home & Kitchen,Premium,31846.0,-13,2.93425315566057,271.0,True,SKU-452515
PROD53554,2026-09-13,Electronics,,5751.0,55,4.655781310376352,398.0,True,SKU-354716
PROD11428,2026-09-10,Electronics,NoName,44005.0,128,4.406606851441732,4960.0,False,SKU-844621
PROD38741,2026-09-14,Home & Kitchen,BrandC,21637.0,351,3.1698139881076375,4582.0,True,SKU-165264
PROD86320,2026-09-11,Clothing,BrandB,11787.0,-66,3.588947917023461,,True,SKU-405846
PROD35775,2026-09-06,Home & Kitchen,NoName,6415.0,73,2.5720029701275675,2889.0,True,SKU-611525
PROD16917,2026-09-01,Books,BrandB,24983.0,167,3.3574052293505283,608.0,True,SKU-877532
PROD94760,2026-09-07,Home & Kitchen,BrandA,19047.0,122,3.143171836769698,577.0,True,SKU-237508
PROD58484,2026-09-09,Sports,BrandB,22034.0,66,1.275885029282453,2659.0,True,SKU-157503
PROD51797,2026-09-03,Toys,,13721.0,441,4.051644858772251,1119.0,True,SKU-467873
PROD29199,2026-09-07,Clothing,,32876.0,453,1.7858192760138443,4559.0,False,SKU-891036
PROD80257,2026-09-04,Clothing,BrandA,41671.0,277,4.757412998387913,1810.0,False,SKU-952779
PROD45316,2026-09-01,Books,BrandB,27390.0,99,4.346413738357235,4244.0,True,SKU-483013
PROD13343,2026-09-04,Sports,BrandC,25098.0,413,3.6878500658002356,2191.0,True,SKU-132409
PROD71880,2026-09-13,Sports,BrandA,26519.0,453,3.5746994274155854,564.0,False,SKU-918567
PROD15875,2026-09-09,Electronics,BrandB,34922.0,199,4.96572338552536,638.0,True,SKU-273957
PROD33399,2026-09-13,Electronics,NoName,38920.0,417,3.99181416838038,3053.0,True,SKU-932842
PROD17848,2026-09-12,Books,NoName,6007.0,495,3.226284922395049,4027.0,True,SKU-282083
PROD17206,2026-09-03,Home & Kitchen,BrandC,18591.0,240,4.470652095185711,3862.0,True,SKU-532228
PROD11213,2026-09-05,Electronics,NoName,20492.0,263,3.665363058878221,40.0,True,SKU-860009
PROD36655,2026-09-10,Electronics,BrandC,35587.0,232,2.3879943558424674,3684.0,True,SKU-827166
PROD51724,2026-09-08,Books,BrandC,14173.0,381,3.9189225536307535,145.0,True,SKU-235356
PROD45668,2026-09-11,Electronics,BrandA,29838.0,281,1.002302257459474,4284.0,True,SKU-389025
PROD10932,2026-09-13,Books,OffBrand,39823.0,375,4.945469019296482,4524.0,True,SKU-988763
PROD40132,2026-09-08,Electronics,BrandC,40243.0,364,3.7593085163264988,3754.0,True,SKU-646260
PROD31324,2026-09-02,Books,NoName,20181.0,498,2.8940065263958203,1148.0,True,SKU-300022
PROD73896,2026-09-10,Sports,BrandA,11723.0,41,1.1913228831086764,2632.0,True,SKU-161879
PROD47469,2026-09-12,Clothing,BrandA,15782.0,224,4.405736199826343,1956.0,True,SKU-989490
PROD72143,2026-09-11,Sports,,49282.0,266,1.7072641987638666,3805.0,False,SKU-441162
PROD19861,2026-09-10,Clothing,OffBrand,29086.0,2,2.078350469448133,,True,SKU-704714
PROD91704,2026-09-04,Books,OffBrand,25080.0,117,1.0101537633243796,1587.0,True,SKU-457465
PROD61697,2026-09-14,Books,BrandC,35178.0,429,1.7959446150230276,2031.0,True,SKU-708464
PROD33389,2026-09-11,Books,BrandA,44121.0,323,3.4012616411222356,2431.0,True,SKU-805196
PROD89825,2026-09-10,Books,OffBrand,18983.0,114,4.385836545209508,1743.0,True,SKU-890420
PROD94344,2026-09-10,Books,BrandA,27964.0,116,4.779514924392368,582.0,True,SKU-360847
PROD62770,2026-09-01,Sports,Premium,28174.0,440,1.7419163743823938,4158.0,True,SKU-265283
PROD55242,2026-09-02,Sports,NoName,10273.0,390,1.549206133482453,4496.0,False,SKU-590606
PROD99382,2026-09-01,Sports,BrandA,30344.0,123,3.0130245017792974,3126.0,True,SKU-340009
PROD83935,2026-09-13,Toys,NoName,42438.0,367,4.746003329410398,3416.0,True,SKU-246631
PROD44430,2026-09-12,Toys,NoName,18693.0,3,3.6388677836981573,2199.0,False,SKU-208066
PROD80130,2026-09-10,Home & Kitchen,BrandA,48236.0,402,2.582078986016868,2305.0,True,SKU-517357
PROD76329,2026-09-06,Home & Kitchen,BrandC,23723.0,417,3.5585690709678794,4142.0,True,SKU-440692
PROD95156,2026-09-06,Home & Kitchen,BrandA,34801.0,343,1.6183119066792733,2340.0,True,SKU-495987
PROD78767,2026-09-02,Electronics,NoName,47795.0,5,4.379104148141998,830.0,True,SKU-658048
PROD92257,2026-09-09,Toys,BrandA,14671.0,390,2.9266884641779836,4744.0,True,SKU-997275
PROD93522,2026-09-04,Books,OffBrand,33174.0,69,3.848127656214292,970.0,True,SKU-601231
PROD63360,2026-09-05,Home & Kitchen,BrandC,39517.0,366,4.062303930968179,2819.0,True,SKU-575083
PROD21301,2026-09-05,Clothing,,12957.0,420,4.231030467237877,4267.0,True,SKU-472917
PROD88179,2026-09-14,Books,BrandB,471.0,350,4.686911984986003,1282.0,True,SKU-732765
PROD91716,2026-09-06,Electronics,BrandC,44212.0,320,1.3248181960109329,2560.0,True,SKU-608674
