employee_id,join_date,department,designation,age,salary_inr,performance_score,phone,is_active,manager_id
EMP00433,2020-12-15,Operations,Ops Analyst,55,526263.0,2.9055488158950786,+91-8464788215,True,
EMP01027,2019-04-21,Sales,Sales Manager,35,4347655.0,2.656506477967709,+91-7850881985,True,EMP00184
EMP00355,2019-01-15,HR,VP HR,39,1251060.0,2.634078808182947,+91-7253956873,True,EMP00069
EMP00670,2017-06-19,HR,VP HR,28,1919780.0,2.6376422751534974,+91-7030256622,True,EMP00155
EMP00644,2025-02-09,Engineering,Senior SDE,36,4012916.0,3.6106079482801476,+91-8964357873,True,EMP00177
EMP00245,2025-01-31,HR,VP HR,57,4541842.0,4.469655256742129,+91-9371774827,True,EMP00014
EMP00060,2023-05-31,HR,HR Manager,34,4989942.0,,+91-7312200984,True,EMP00012
EMP00599,2022-05-14,Sales,VP Sales,40,2425826.0,2.279234206697117,+91-7848731809,True,EMP00198
EMP00238,2020-03-18,Sales,Account Executive,40,2527620.0,2.5669569631809472,+91-9661249554,True,EMP00163
EMP00501,2020-12-29,Operations,Ops Manager,48,3307303.0,4.958735329551789,,True,EMP00112
EMP00031,2022-05-13,Sales,Sales Manager,52,3098615.0,2.3002800759782223,+91-9945890759,True,
EMP00353,2017-08-08,Marketing,Marketing Analyst,38,3035296.0,,+91-9887662697,True,EMP00044
EMP01366,2021-03-29,Engineering,SDE I,37,2565579.0,2.8826790056858047,+91-8987475082,True,
EMP01282,2018-10-08,Engineering,SDE II,31,1224575.0,3.5073058591092785,43312065,False,EMP00107
EMP00837,2026-07-12,Sales,SDR,57,2234260.0,4.1466231438553995,+91-7881430929,True,EMP00007
EMP00304,2024-08-04,Engineering,SDE II,44,4897618.0,4.674895344357349,17403422,True,EMP00138
EMP00482,2020-11-22,Engineering,Staff SDE,35,2980364.0,2.3439586933358103,,True,EMP00101
EMP01050,2018-05-28,Finance,Analyst,40,3714520.0,4.446053854305071,+91-9939627518,True,EMP00119
EMP00260,2024-09-05,Sales,SDR,37,3573713.0,3.9947945709803276,+91-7094200268,False,EMP00164
EMP00519,2026-03-09,Finance,Senior Analyst,30,4784314.0,4.619752807919335,01236460,False,EMP00112
EMP01426,2025-01-09,Sales,VP Sales,51,1969922.0,,+91-9535982822,False,
EMP00176,2021-12-24,Engineering,Senior SDE,33,3232144.0,2.1254125320914605,+91-8078562603,False,
EMP00221,2018-05-11,Operations,Ops Analyst,37,840134.0,4.134081633327897,+91-7678500113,True,EMP00177
EMP00655,2024-03-24,Engineering,Staff SDE,46,3163770.0,3.6468970141722905,+91-9129284570,True,EMP00125
EMP01389,2020-07-09,Sales,SDR,22,1573212.0,,,True,EMP00112
EMP00382,2025-04-03,HR,VP HR,45,1108413.0,4.9812946300675085,+91-7180060037,False,EMP00003
EMP01044,2024-11-12,Sales,SDR,22,4579797.0,4.681140887627265,85051050,True,EMP00130
EMP00276,2020-04-22,HR,VP HR,26,1105171.0,4.159663607665525,+91-9520939973,True,EMP00178
EMP01264,2018-03-25,Engineering,Senior SDE,25,508564.0,2.5025734006990703,+91-7233834208,True,EMP00070
EMP01064,2020-06-02,Sales,VP Sales,25,879075.0,4.581034918991673,+91-7032529245,False,EMP00045
EMP01106,2020-12-05,HR,HRBP,38,405476.0,2.465020606756809,,True,EMP00198
EMP00125,2017-01-11,Sales,Account Executive,32,3839858.0,2.9183385028756867,+91-9222318262,True,EMP00069
EMP00299,2021-10-29,HR,HRBP,53,739758.0,3.4809917403265818,07625544,True,EMP00145
EMP00592,2023-05-13,Marketing,Campaign Manager,56,1718009.0,2.8438578274896673,31117637,True,EMP00108
EMP01138,2024-07-25,Engineering,Senior SDE,50,4751596.0,2.2486612604408927,+91-7413413432,True,EMP00035
EMP01402,2025-09-20,Engineering,Staff SDE,51,3983047.0,2.264617739753944,+91-9062636549,True,EMP00141
EMP00986,2018-03-25,Operations,COO,56,4543126.0,2.2670111505008617,+91-8046287396,True,EMP00153
EMP01427,2024-08-31,Finance,Analyst,22,4203269.0,3.508517861402929,+91-8388369754,True,EMP00113
EMP00809,2024-02-19,Finance,Senior Analyst,48,3112819.0,2.6970097532057986,+91-9690566883,True,EMP00158
EMP00562,2022-11-06,Sales,VP Sales,27,40968.166666666664,2.3274117078777037,+91-8920840003,True,EMP00060
EMP00066,2021-10-22,Sales,Account Executive,49,425693.0,3.703763804185226,+91-7206840678,True,EMP00139
EMP00142,2023-03-22,Marketing,Campaign Manager,23,67633.91666666667,4.084874263821073,+91-9580161367,True,EMP00045
EMP00782,2018-05-20,Sales,Sales Manager,30,4257753.0,4.50348073810731,+91-7058535974,True,EMP00050
EMP00395,2021-01-05,Operations,Ops Analyst,24,2097075.0,4.440763983581542,+91-9990693319,True,EMP00026
EMP00275,2018-01-31,Finance,Analyst,23,2553755.0,2.2486892125396545,+91-8059819363,True,
EMP01097,2022-02-22,Finance,Manager,23,2020179.0,2.609760038719109,+91-9916558324,True,EMP00155
EMP00630,2020-07-09,Finance,Director,36,4418862.0,,20303536,True,EMP00055
EMP00756,2021-12-26,Sales,SDR,45,90722.91666666667,3.4444690806160545,+91-8698551696,True,EMP00143
EMP00354,2026-04-11,Engineering,Staff SDE,38,458040.0,3.5811565935261758,+91-8979585881,True,EMP00073
EMP00163,2023-05-27,Engineering,Staff SDE,27,2398664.0,3.724932068036167,+91-7937338654,True,EMP00093
EMP01301,2018-09-26,Sales,SDR,33,3407864.0,3.830017699511041,,True,EMP00178
EMP00185,2017-07-26,Sales,Account Executive,31,2584373.0,2.546439125915549,+91-8086094925,True,EMP00068
EMP01253,2021-12-12,Operations,Ops Manager,51,2300403.0,2.6279706373857548,+91-8892376847,True,EMP00142
EMP01217,2021-01-12,HR,HR Manager,46,1381316.0,2.9933161460491005,+91-9976903960,False,EMP00107
EMP00204,2019-06-19,Finance,Director,43,1349025.0,2.9766539790051363,76146317,True,EMP00046
EMP00515,2016-10-23,Marketing,CMO,43,4763589.0,,+91-7184025234,True,EMP00023
EMP00783,2022-06-01,Finance,Manager,57,4264883.0,4.820733256761055,+91-8962171223,True,EMP00130
EMP00616,2025-04-01,Engineering,SDE II,38,4853377.0,2.593954080599459,+91-7272149351,False,EMP00065
EMP01410,2018-08-08,Engineering,Staff SDE,45,4637844.0,2.512050895382038,+91-9060642726,True,EMP00119
EMP01117,2024-08-06,Marketing,Marketing Analyst,30,2622609.0,3.86686582593755,+91-9340537645,True,EMP00189
EMP00262,2021-04-09,Finance,Director,41,4162413.0,3.9252592435818476,+91-9542357607,False,
EMP00555,2024-07-10,Sales,SDR,36,2069289.0,,+91-7628580291,True,EMP00192
EMP00024,2018-07-23,HR,HR Analyst,56,3734254.0,3.833200338742353,,True,EMP00081
EMP01284,2020-08-30,Sales,VP Sales,45,1921868.0,2.8398058440525364,+91-9977534883,True,EMP00192
EMP01475,2021-08-03,Engineering,Staff SDE,54,1546981.0,2.927081906847955,+91-8572903526,True,EMP00132
EMP00050,2020-01-07,Operations,Ops Manager,38,4425593.0,3.157321429981759,+91-8705549483,True,EMP00030
EMP00307,2023-08-30,Finance,Analyst,52,2568067.0,2.540170703670047,86465272,False,EMP00062
EMP00100,2016-11-17,Sales,Sales Manager,53,2253110.0,3.525514931294434,00250133,True,EMP00058
EMP01092,2018-12-27,Engineering,Staff SDE,56,3298510.0,4.944572316730539,+91-8233946298,True,EMP00177
EMP01358,2024-10-14,Operations,Ops Manager,24,4829143.0,2.0346391984889856,+91-7647082742,True,EMP00053
EMP01458,2023-06-16,HR,VP HR,24,2529830.0,3.700537883054142,+91-8126488633,True,EMP00016
EMP00429,2026-01-08,Marketing,CMO,25,4765439.0,4.057766507386716,,True,EMP00068
EMP00694,2018-03-06,Engineering,Senior SDE,31,3123629.0,,+91-7746273421,True,EMP00025
EMP00830,2024-12-05,Operations,Ops Manager,39,4517875.0,4.520572789223829,+91-7918597527,True,EMP00021
EMP00494,2021-09-03,Engineering,Senior SDE,35,1068030.0,4.4673018632841135,+91-7228748313,True,EMP00199
EMP00985,2018-01-08,Engineering,Senior SDE,34,470981.0,3.2594445880352527,+91-9385284248,True,EMP00008
EMP00169,2020-03-20,Finance,Analyst,44,4703869.0,2.674078890761088,+91-7530229302,True,EMP00043
EMP01374,2025-04-23,Engineering,Staff SDE,45,2975975.0,,+91-9023087915,True,EMP00080
EMP00536,2026-07-20,Marketing,Campaign Manager,49,2464848.0,2.6403516968122513,+91-7221397390,True,
EMP00375,2026-03-02,Finance,Director,25,3518942.0,4.086556990682168,+91-9489646156,True,EMP00051
EMP01179,2019-09-22,Sales,Account Executive,31,1461864.0,2.114265898489949,56281650,True,EMP00122
EMP00567,2023-01-02,Finance,Manager,48,3540217.0,2.3660388897033586,+91-9807408994,True,
EMP00637,2020-06-19,Sales,Sales Manager,25,4593394.0,2.9858130029567564,+91-9897930263,True,EMP00122
EMP01133,2017-11-03,Finance,Director,34,1494348.0,2.5044557376240286,+91-8618629071,True,EMP00054
EMP00681,2020-11-11,Finance,Manager,50,4355617.0,2.1667608824820137,+91-7714998041,True,EMP00033
EMP00240,2021-12-04,Operations,Ops Manager,32,2115610.0,4.34780303829539,+91-7111130625,False,EMP00047
EMP00052,2025-03-08,Engineering,Senior SDE,42,1136244.0,3.398612120009082,+91-9480448088,True,EMP00103
EMP00071,2018-02-09,Finance,Analyst,34,2762763.0,3.35018892553547,+91-7532954958,True,EMP00096
EMP00627,2020-08-02,Engineering,Senior SDE,55,3839365.0,3.7692437851839573,62657017,True,EMP00155
EMP00077,2018-02-14,Sales,Sales Manager,39,2428232.0,3.6886946997878542,,True,EMP00011
EMP00865,2018-07-07,Sales,Sales Manager,36,677101.0,2.0686926328207664,+91-7633274150,True,EMP00142
EMP00608,2024-12-14,HR,HR Analyst,57,3820941.0,2.6680422166588973,+91-9530329454,True,EMP00002
EMP00862,2022-05-01,HR,HR Manager,39,1506190.0,2.6817034732680494,+91-8767944884,False,EMP00176
EMP00174,2019-07-21,Engineering,SDE I,41,1813257.0,2.88987322598943,+91-9166117001,True,EMP00072
EMP00412,2022-01-02,Marketing,Campaign Manager,22,3874317.0,3.571600867724464,+91-9462804153,True,EMP00035
EMP01086,2023-06-19,Sales,Account Executive,47,523655.0,4.507119941096151,38540166,True,EMP00056
EMP00136,2016-12-09,Finance,Senior Analyst,22,4151718.0,4.430767963266005,+91-7191321255,True,EMP00152
EMP01173,2018-07-07,Sales,Sales Manager,42,3664488.0,2.888090405728538,+91-9049667012,True,EMP00002
EMP00440,2021-04-23,HR,VP HR,41,1158743.0,3.388738756260044,+91-9013371185,True,EMP00194
EMP00343,2019-08-11,Marketing,Marketing Analyst,40,2460163.0,,+91-7050450687,True,EMP00196
EMP01084,2019-01-29,Marketing,Campaign Manager,57,4264592.0,,+91-7488315628,True,EMP00032
EMP00384,2019-04-08,Engineering,Senior SDE,47,671254.0,,+91-9113946389,True,EMP00170
EMP00999,2023-06-04,Sales,VP Sales,50,3583174.0,,+91-7089920625,True,EMP00022
EMP00781,2020-02-13,HR,HRBP,31,644528.0,3.2080183119074586,,True,EMP00042
EMP00889,2019-07-18,Operations,Ops Manager,45,3615646.0,4.158232101823464,+91-9991789472,True,EMP00117
EMP00124,2017-06-07,Engineering,Senior SDE,44,3275399.0,2.2025133455773225,+91-7423780134,True,EMP00118
EMP00707,2022-09-30,Finance,Analyst,24,4282498.0,4.008447413051587,+91-9533645272,True,EMP00048
EMP00924,2018-08-14,Finance,Analyst,22,1331804.0,2.4646040987548385,+91-7081314717,True,EMP00059
EMP00483,2019-05-02,HR,VP HR,56,116696.0,4.704957259205093,+91-9799083081,True,EMP00198
EMP00971,2019-12-12,Operations,Ops Manager,51,215692.16666666666,3.2529148923337416,+91-8871628617,True,EMP00077
EMP01488,2024-12-22,Engineering,Staff SDE,41,3899182.0,,+91-8487765110,True,EMP00009
EMP00725,2017-09-16,Engineering,Staff SDE,46,2558167.0,4.59797166228352,+91-7295933295,True,EMP00047
EMP00679,2023-06-12,Sales,Sales Manager,26,1350546.0,4.537919275676579,+91-7111079774,True,EMP00069
EMP01033,2016-10-06,Engineering,Senior SDE,38,2468886.0,2.3924256724931663,+91-8109137797,True,EMP00192
EMP00498,2019-01-16,Marketing,CMO,35,2490315.0,3.581202409107372,46607611,True,
EMP00863,2018-07-14,HR,HRBP,34,2407995.0,,+91-7783055872,True,EMP00042
EMP00068,2024-05-24,Sales,Sales Manager,43,2940756.0,2.3426391630577124,+91-9603752842,True,EMP00066
EMP01000,2018-06-19,Sales,VP Sales,26,1292060.0,2.3741480489368785,+91-9844740694,True,EMP00100
EMP00030,2026-04-20,Finance,Analyst,39,3274292.0,2.640250083359085,+91-7401907130,True,EMP00027
EMP01441,2024-07-15,Finance,Senior Analyst,24,2333244.0,3.1760397519717283,+91-9307154748,True,EMP00053
EMP01102,2024-07-03,Operations,Ops Manager,43,1453628.0,4.5565306500131575,+91-7557685908,True,EMP00081
EMP00933,2020-03-18,Sales,VP Sales,31,4553750.0,3.94237572394423,+91-7311645946,True,EMP00042
EMP00701,2020-03-17,Engineering,SDE II,53,880827.0,3.9112014049798147,+91-8823946780,True,EMP00196
EMP00773,2021-05-01,Sales,Sales Manager,41,4651056.0,4.637744076328762,+91-7111425333,True,EMP00182
EMP01171,2019-05-18,Engineering,SDE I,47,885298.0,2.595060024571194,87006315,True,EMP00133
EMP01285,2023-01-11,Engineering,Senior SDE,40,4983904.0,4.006344795334668,+91-9461230242,True,EMP00033
EMP00577,2017-09-21,Sales,Sales Manager,53,403703.0,3.5190633087523566,+91-8793610179,True,EMP00042
EMP01112,2020-08-05,HR,VP HR,31,2493186.0,3.4524991599201895,+91-8684877931,True,EMP00153
EMP00814,2018-07-24,Sales,Sales Manager,52,2209735.0,3.7388607713962836,+91-8571913510,True,EMP00041
EMP00486,2025-07-02,Operations,Ops Analyst,44,2010368.0,4.697149540487802,+91-7494194756,True,EMP00008
EMP00731,2023-07-28,Operations,Ops Manager,43,418220.0,,+91-8888206718,True,EMP00154
EMP00421,2020-02-29,Sales,VP Sales,54,98507.08333333333,4.41431559754745,+91-9476323244,True,EMP00160
EMP00923,2020-08-20,Finance,Senior Analyst,40,3743234.0,,+91-8075826323,True,EMP00008
EMP00367,2019-03-10,Finance,Director,48,3354120.0,2.0427545285521003,+91-9395950909,False,EMP00115
EMP01104,2018-09-24,Sales,Sales Manager,43,3083315.0,2.7523750002363006,+91-8088323886,True,EMP00143
EMP00416,2017-09-28,Operations,Ops Analyst,40,3002061.0,3.208558316702179,+91-9261025764,True,EMP00032
EMP01348,2022-02-19,Sales,Sales Manager,44,2908492.0,3.6510663509966204,+91-9055745964,True,EMP00091
EMP00351,2017-01-02,Sales,Account Executive,22,3499959.0,,+91-9040527229,True,EMP00198
EMP01326,2024-06-16,Marketing,Marketing Analyst,35,1646008.0,4.863333604381271,+91-7118895145,True,EMP00095
EMP00821,2025-07-19,Marketing,CMO,56,1413849.0,3.706284527350621,+91-8747341341,True,EMP00109
EMP00907,2026-03-25,Engineering,Staff SDE,30,3885626.0,3.8149363552668007,+91-8622014841,True,EMP00047
EMP00200,2019-06-23,Engineering,SDE I,23,1915285.0,4.058063880741837,,True,EMP00167
EMP01456,2025-08-05,Operations,Ops Manager,41,4201391.0,2.6419127716071076,+91-7734760328,True,EMP00077
EMP01480,2025-05-21,Operations,COO,34,3874411.0,4.2596818117594495,+91-7230222488,True,EMP00158
EMP00951,2023-08-20,Marketing,Campaign Manager,32,1450928.0,3.830344581126213,+91-8762372780,True,EMP00060
EMP01246,2021-08-02,Marketing,CMO,51,3426680.0,2.4572957365242396,+91-8803701818,True,EMP00115
EMP00755,2020-04-24,HR,HRBP,53,3104954.0,4.526882179156149,+91-7333641757,True,EMP00190
EMP01086,2023-06-19,Sales,Account Executive,47,523655.0,4.507119941096151,38540166,True,EMP00056
EMP01180,2026-01-13,Marketing,Marketing Analyst,47,2637041.0,4.997634356218284,+91-8422192630,True,
EMP00745,2020-09-12,Engineering,Staff SDE,54,3925070.0,4.013549984986851,+91-9444169967,True,EMP00158
EMP00514,2018-06-21,Marketing,CMO,25,2172332.0,2.5863078762906295,74328266,True,EMP00165
EMP01176,2022-06-11,Operations,Ops Manager,24,2643521.0,2.723303704166324,+91-8658645117,True,EMP00141
EMP01457,2016-12-03,Finance,Analyst,51,4419253.0,4.763508953704576,+91-9271979412,False,
EMP00535,2023-03-04,Sales,Sales Manager,44,3651738.0,4.046618886261429,+91-7200456737,True,EMP00083
EMP00241,2020-01-09,Engineering,SDE I,54,2576268.0,4.496643475954764,+91-7371220056,True,EMP00118
EMP00045,2022-06-25,Finance,Analyst,54,2095865.0,4.2443438491081364,+91-8685856665,False,EMP00099
EMP01424,2024-03-25,Engineering,Staff SDE,44,3012672.0,4.277791264763233,+91-7095127901,True,EMP00001
EMP00248,2021-10-30,Operations,Ops Analyst,47,198840.58333333334,3.5745919534720065,+91-9388691068,True,
EMP01373,2017-03-01,Finance,Manager,48,4886885.0,,+91-7778618534,True,EMP00024
EMP01161,2024-06-13,Engineering,SDE I,23,4788313.0,4.570982754359375,+91-8827551364,True,EMP00076
EMP00950,2022-11-05,Marketing,CMO,35,416793.0,,+91-8486106484,True,EMP00124
EMP01005,2025-11-12,Engineering,Senior SDE,49,3711440.0,3.4286794776839877,+91-7965855756,True,EMP00076
EMP00491,2026-04-15,HR,VP HR,44,57261.25,2.8701391165561603,+91-7438593387,True,EMP00151
EMP00116,2019-04-06,Engineering,Staff SDE,56,2271655.0,2.8789767608743944,+91-8456008756,True,EMP00024
EMP00340,2020-08-26,HR,HR Manager,24,3545437.0,4.539653557930955,,False,EMP00168
EMP00186,2025-01-01,Marketing,CMO,39,2851635.0,2.949768580607344,+91-9508687986,True,EMP00152
EMP01205,2021-12-06,Finance,Director,38,1420790.0,4.6478593223432245,+91-9669678461,True,EMP00138
EMP01272,2026-03-11,HR,HR Analyst,42,494945.0,,+91-9889706782,True,
EMP00590,2020-09-26,Sales,Sales Manager,32,2645307.0,,+91-7326814439,True,EMP00107
EMP01119,2024-03-18,Engineering,Staff SDE,46,3351963.0,2.79831444688321,+91-7235376129,True,EMP00005
EMP01197,2020-06-04,HR,HR Manager,48,1868773.0,2.646502548293968,+91-7234198765,True,EMP00062
EMP00079,2023-05-26,Marketing,CMO,49,1817054.0,2.867749317183161,,True,EMP00188
EMP00362,2019-06-14,Sales,Sales Manager,40,4504243.0,3.634521083622378,+91-7699106647,True,EMP00162
EMP01106,2020-12-05,HR,HRBP,38,405476.0,2.465020606756809,,True,EMP00198
EMP00608,2024-12-14,HR,HR Analyst,57,3820941.0,2.6680422166588973,+91-9530329454,True,EMP00002
EMP00765,2026-05-23,Marketing,Marketing Analyst,31,4121943.0,4.092501668782825,+91-9172704989,True,EMP00180
EMP00597,2022-10-07,Operations,Ops Manager,43,107878.58333333333,2.0568203988145473,+91-9162003649,True,EMP00072
EMP00786,2017-09-03,Sales,SDR,41,2935402.0,3.8251184546365065,+91-7503205014,True,EMP00198
EMP00016,2026-05-25,Marketing,Campaign Manager,34,221536.91666666666,4.812225019520055,,True,EMP00144
EMP01392,2020-06-10,Finance,Senior Analyst,57,1559482.0,4.0483966334202375,+91-8506323905,True,EMP00003
EMP01198,2021-01-21,Sales,VP Sales,42,2908854.0,,38703617,True,EMP00039
EMP00199,2025-07-25,Finance,Director,44,4620322.0,3.752744880875732,+91-9154944241,True,EMP00055
EMP01220,2016-11-22,Engineering,Senior SDE,31,3912308.0,4.93418473785776,+91-7373922466,True,EMP00118
EMP00325,2020-08-08,Operations,COO,52,2329362.0,,+91-9770714247,True,EMP00074
EMP00549,2021-04-22,HR,HR Manager,39,2084738.0,2.455438864077542,+91-9864059916,True,EMP00074
EMP00310,2024-10-25,Engineering,Staff SDE,22,382778.5,4.380167772081221,+91-9285190004,True,EMP00154
EMP01492,2025-01-26,Engineering,Staff SDE,55,1269647.0,2.6266260270585287,+91-9963632050,False,EMP00118
EMP00430,2023-11-18,Engineering,SDE II,25,4068843.0,,+91-9011817164,False,
EMP00571,2025-10-09,Sales,SDR,34,4745068.0,2.070066243491025,+91-8783988800,True,EMP00119
EMP00680,2019-01-14,Finance,Director,34,1154068.0,,14626065,True,EMP00146
EMP00414,2017-02-15,Engineering,Senior SDE,24,1325079.0,3.6490463663502326,+91-9054485099,True,EMP00009
EMP01447,2021-10-30,Marketing,CMO,43,3643649.0,,+91-8759473350,True,EMP00168
EMP00260,2024-09-05,Sales,SDR,37,3573713.0,3.9947945709803276,+91-7094200268,False,EMP00164
EMP00368,2019-04-07,Marketing,Marketing Analyst,46,1087611.0,2.9574163034537424,,True,EMP00069
EMP00845,2023-04-18,Marketing,CMO,46,2866374.0,2.9645752861427916,+91-9267210172,True,EMP00005
EMP00953,2022-03-28,Sales,VP Sales,57,61566.833333333336,2.27794832239283,+91-9343361575,True,EMP00199
EMP01401,2026-06-21,HR,HRBP,43,1765519.0,3.8924274972333697,+91-9075183211,False,EMP00195
EMP00945,2017-08-14,Marketing,Campaign Manager,34,2268139.0,,+91-8100396808,True,EMP00127
EMP00530,2021-06-27,Sales,VP Sales,30,4209268.0,2.359991892796783,+91-8195990451,True,EMP00003
EMP00825,2017-03-31,Engineering,SDE II,35,1780817.0,4.037249072211622,+91-7480623282,True,EMP00124
EMP00057,2025-10-26,HR,HRBP,32,3207992.0,4.567268261388796,+91-7296405101,True,EMP00161
EMP00074,2025-08-02,Marketing,Campaign Manager,51,3907772.0,3.048095715005095,+91-9715012515,True,EMP00175
EMP00917,2024-04-26,Finance,Manager,47,3689157.0,2.650135815990272,+91-9822269773,True,EMP00178
EMP00527,2023-04-24,Engineering,Senior SDE,56,1491640.0,2.782697348255791,+91-9392978865,True,
EMP00967,2022-05-05,Marketing,Marketing Analyst,50,2541639.0,3.914357639579814,+91-9559118003,True,EMP00017
EMP00383,2018-11-15,Engineering,SDE II,30,3455779.0,2.834918604228402,+91-7266856134,True,EMP00145
EMP00044,2018-11-09,Engineering,SDE I,28,3012104.0,4.790555992965462,+91-8943453367,False,EMP00130
EMP00598,2025-12-19,Engineering,Senior SDE,28,826271.0,4.042033842611736,+91-7735703897,True,EMP00063
EMP00678,2026-07-06,Finance,Director,40,4706471.0,3.3172148714280683,+91-8306659410,True,EMP00043
EMP01227,2018-09-30,HR,VP HR,30,689964.0,,+91-8778241870,False,EMP00168
EMP01327,2016-09-25,Finance,Manager,34,1875670.0,3.0195772204789844,+91-8071230214,True,EMP00176
EMP00102,2018-12-10,HR,HRBP,30,1779614.0,2.688672895688167,70833171,True,EMP00160
EMP00719,2016-11-21,Sales,VP Sales,54,3462128.0,3.233603534119472,+91-8880869531,True,EMP00149
EMP01085,2020-04-29,Engineering,SDE I,25,2986279.0,2.1796721401490067,+91-8914454981,True,EMP00098
EMP00108,2020-02-16,Sales,Account Executive,35,1155944.0,,+91-8712850471,True,EMP00137
EMP01250,2024-09-09,HR,HRBP,36,918902.0,4.661857044829231,+91-7603077505,True,EMP00024
EMP01090,2025-02-27,Sales,Sales Manager,22,4639728.0,2.2182980397140093,+91-8629148081,True,EMP00083
EMP00650,2022-04-04,Finance,Analyst,32,2329644.0,4.435819636577899,+91-9577555070,False,EMP00072
EMP01145,2021-04-30,HR,HR Manager,48,2859303.0,2.042916915465376,+91-8104809771,False,
EMP00332,2023-03-14,Finance,Senior Analyst,25,2579017.0,4.842728272266467,,True,
EMP00760,2018-12-23,Sales,Account Executive,47,3702695.0,4.1622355367593,+91-8705719756,True,
EMP00693,2021-10-08,Sales,VP Sales,37,4451572.0,2.1936440109785766,+91-9823884335,True,EMP00139
EMP00753,2022-07-12,Marketing,CMO,44,890529.0,4.094341527761501,+91-7730690353,True,
EMP00909,2025-02-02,Engineering,Staff SDE,24,3638350.0,,+91-8585650715,True,EMP00122
EMP00129,2018-09-29,Finance,Analyst,46,406164.0,4.157529429710726,+91-7122931925,True,EMP00140
EMP00661,2022-08-07,HR,HR Manager,29,1426755.0,4.800978717890041,+91-8618786463,True,EMP00013
EMP01007,2024-12-15,Engineering,SDE II,32,1350325.0,3.010593576902339,+91-8997424098,True,EMP00094
EMP01453,2016-09-18,Engineering,SDE I,33,1813584.0,4.573478885614194,+91-8639950025,True,EMP00134
EMP00890,2018-01-29,Finance,Director,33,3672924.0,,+91-7248579870,True,
EMP00862,2022-05-01,HR,HR Manager,39,1506190.0,2.6817034732680494,+91-8767944884,False,EMP00176
EMP00584,2024-04-23,Finance,Director,30,4707385.0,4.665680085380213,+91-8347642263,True,EMP00098
EMP00298,2017-07-13,Marketing,Marketing Analyst,48,4351241.0,4.396541047638671,+91-7302276063,True,EMP00183
EMP00317,2019-11-13,Engineering,SDE II,35,1818548.0,3.471997310717712,+91-9967670321,True,EMP00160
EMP00352,2019-04-07,Engineering,SDE I,42,2210332.0,2.901164023672193,+91-9635717940,True,EMP00144
EMP00271,2021-12-08,Finance,Senior Analyst,55,3626448.0,,+91-9660136602,False,EMP00074
EMP01226,2020-09-02,HR,HRBP,55,1725261.0,4.5895450198393375,+91-9936357302,True,EMP00111
EMP00568,2019-01-11,Operations,Ops Manager,33,2919821.0,4.116905341726397,+91-8255722132,True,EMP00184
EMP01048,2020-03-19,Engineering,Senior SDE,38,4496149.0,2.903035440073002,+91-7051617912,True,EMP00059
EMP01383,2021-12-12,HR,HR Manager,42,1349739.0,,+91-7590966195,True,EMP00056
EMP01448,2026-06-05,Marketing,Marketing Analyst,40,1630122.0,2.8240487144141837,+91-8156470867,True,EMP00103
EMP01266,2026-01-23,HR,HR Analyst,39,4489323.0,3.7604846922538435,+91-8971032247,True,EMP00123
EMP00333,2022-06-20,Engineering,Staff SDE,37,1688000.0,3.3206984790922545,+91-9488079947,True,EMP00006
EMP00033,2022-04-04,Operations,Ops Manager,43,2816264.0,4.481581231024979,+91-8308165670,True,EMP00188
EMP00847,2025-11-20,Engineering,Staff SDE,56,2281267.0,4.787627249010377,+91-9785157106,True,EMP00159
EMP00523,2024-09-28,Engineering,SDE II,55,1071803.0,4.320927870017485,+91-9046168320,False,EMP00108
EMP00465,2018-10-16,Sales,SDR,29,3577553.0,2.1622636186307838,+91-9639788704,True,EMP00022
EMP00484,2018-07-15,Marketing,Marketing Analyst,41,2892270.0,3.244396358758268,+91-7123463509,True,EMP00051
EMP00433,2020-12-15,Operations,Ops Analyst,55,526263.0,2.9055488158950786,+91-8464788215,True,
EMP00507,2020-01-17,Engineering,Senior SDE,38,2275091.0,2.064875711730189,+91-7378442537,True,EMP00122
EMP00372,2025-07-03,Finance,Senior Analyst,41,3845077.0,2.1663935915824393,+91-7779296534,True,
EMP00272,2019-06-23,Operations,COO,31,1636697.0,3.531061533202503,,True,EMP00166
EMP00417,2020-08-04,Sales,SDR,49,812505.0,4.038849873582792,+91-7181088266,True,EMP00127
EMP01485,2023-02-22,Finance,Analyst,23,4829675.0,4.018667691715177,+91-7857708048,True,
EMP00232,2023-04-28,Engineering,Staff SDE,29,4510250.0,2.8818117121870586,+91-8940479700,True,EMP00015
EMP00615,2022-06-01,HR,HRBP,33,3124900.0,2.279975938764892,+91-7193873436,True,EMP00105
EMP01335,2019-10-09,Sales,Sales Manager,32,3063353.0,3.924749073887715,65005408,True,EMP00024
EMP00975,2023-06-05,Finance,Manager,52,3022929.0,3.9795367687975833,+91-7393475244,True,EMP00085
EMP00164,2019-03-13,Operations,Ops Analyst,42,401671.0,3.532133400193662,+91-7356899652,True,EMP00078
EMP00622,2019-10-28,Finance,Senior Analyst,49,4357135.0,4.473439066210092,+91-7844212425,False,EMP00084
EMP00463,2026-08-12,HR,VP HR,56,2224639.0,2.2345224476439522,+91-7267604266,True,EMP00051
EMP00746,2026-04-23,Sales,SDR,38,3701621.0,4.377890980484486,+91-8992162276,False,EMP00010
EMP01236,2025-02-26,Engineering,SDE I,39,3754911.0,2.9432583029338053,+91-8375325337,True,EMP00147
EMP00193,2025-03-10,Engineering,Staff SDE,53,4963069.0,3.472643113882096,+91-8885134372,True,EMP00038
EMP00528,2019-05-11,Finance,Manager,55,1322600.0,4.988582475028759,+91-9925476493,True,EMP00144
EMP00064,2024-05-04,Sales,Account Executive,52,4578713.0,2.7174701016169505,+91-8105686956,True,EMP00072
EMP01383,2021-12-12,HR,HR Manager,42,1349739.0,,+91-7590966195,True,EMP00056
EMP00919,2018-01-30,Finance,Senior Analyst,46,1207169.0,4.1842861271410685,+91-7232144390,True,EMP00117
EMP01247,2021-12-03,Sales,Sales Manager,49,527771.0,,+91-9855764661,True,EMP00195
EMP00651,2019-10-05,Sales,Sales Manager,22,1247520.0,3.407078201278786,+91-8247646874,True,EMP00113
EMP00922,2023-08-15,Engineering,Senior SDE,25,4974364.0,3.2248885610581235,+91-9390782011,True,EMP00191
EMP00819,2021-02-04,Marketing,Campaign Manager,47,1623606.0,,57132511,True,EMP00024
EMP00290,2024-05-19,Engineering,SDE I,26,4017475.0,4.086940414406876,+91-8003533248,True,EMP00008
EMP00603,2023-11-17,Marketing,Marketing Analyst,36,4904330.0,2.5677730969562025,+91-9946533691,True,EMP00013
EMP00219,2019-12-25,Engineering,Senior SDE,54,2749674.0,2.6832749006919423,+91-8057508269,True,EMP00075
EMP01113,2020-01-23,HR,VP HR,27,2416508.0,4.413806406882548,+91-8530946144,True,EMP00148
EMP01261,2019-09-02,Marketing,Campaign Manager,34,4758881.0,4.704262584080675,+91-7490898845,True,EMP00066
EMP01049,2018-04-14,HR,HR Analyst,27,1873268.0,2.28475159663832,+91-8364145707,True,EMP00086
EMP01349,2017-10-10,Sales,VP Sales,39,2938496.0,4.311432142893673,+91-7107396718,True,EMP00185
EMP01051,2018-04-04,Sales,Sales Manager,35,936888.0,3.374178225478986,+91-7486228070,True,EMP00044
EMP01287,2021-01-03,HR,VP HR,48,4764151.0,2.217653391348576,25054615,True,EMP00045
EMP00345,2024-11-18,Finance,Manager,26,3756067.0,3.4542286642714832,+91-8273168215,True,EMP00105
EMP00440,2021-04-23,HR,VP HR,41,1158743.0,3.388738756260044,+91-9013371185,True,EMP00194
EMP00669,2023-11-26,Marketing,Marketing Analyst,24,3994807.0,3.744378430362807,+91-9011399433,False,EMP00168
EMP00908,2017-12-10,Sales,SDR,30,155301.66666666666,2.9298941909692076,+91-9971531228,True,EMP00151
EMP00583,2025-09-13,Operations,COO,25,3331268.0,3.2383364401605856,+91-9706331195,True,EMP00050
EMP00794,2018-11-20,HR,VP HR,41,891846.0,4.360476511865753,+91-8843339080,True,
EMP00887,2019-06-20,Sales,Account Executive,29,3168532.0,3.1983308695605954,+91-9092699909,True,
EMP00866,2025-09-25,Marketing,Campaign Manager,26,306876.1666666667,3.2161512570049786,+91-8166982779,True,EMP00091
EMP00561,2020-12-18,Marketing,Campaign Manager,26,2760627.0,2.2507463456931305,+91-7798681292,True,EMP00088
EMP00932,2017-03-01,Marketing,Campaign Manager,29,1897674.0,4.596960772579519,+91-9150381883,False,EMP00138
EMP00675,2019-12-13,HR,HRBP,52,3018377.0,3.7959453421913314,+91-8782392028,True,EMP00189
EMP00487,2025-09-10,HR,HRBP,49,2485307.0,4.9689114526108495,+91-7343094073,False,EMP00034
EMP00423,2020-02-14,Finance,Director,34,777451.0,2.589043461772012,+91-9829499676,True,EMP00088
EMP01111,2017-09-01,Marketing,Marketing Analyst,46,2612173.0,2.0813536041108276,+91-8982803074,True,
EMP01034,2017-11-23,HR,HRBP,49,4378697.0,,+91-9823666676,True,EMP00106
EMP00278,2018-01-18,Engineering,SDE I,35,4519790.0,2.1427857841841047,+91-7939020755,True,EMP00198
EMP01213,2023-04-18,Sales,VP Sales,37,4416438.0,,+91-9355642205,True,EMP00117
EMP01204,2022-02-27,Sales,Sales Manager,38,530694.0,2.8262397288631638,+91-7236302422,True,EMP00004
EMP00788,2026-05-07,Engineering,SDE II,23,2923898.0,3.120908249550321,+91-8235471376,True,EMP00185
EMP00237,2021-03-10,HR,HR Analyst,33,1518400.0,2.426130375835796,+91-8025911831,True,EMP00133
EMP01360,2020-03-15,Marketing,CMO,23,1759224.0,2.2152972193633484,+91-8421695642,True,EMP00160
EMP01305,2021-06-01,Sales,VP Sales,29,4188623.0,4.4837419942382155,+91-8953793261,True,EMP00027
EMP00423,2020-02-14,Finance,Director,34,777451.0,2.589043461772012,+91-9829499676,True,EMP00088
EMP00799,2024-11-18,Sales,Account Executive,48,1332179.0,4.27749460287309,+91-8727244473,True,EMP00045
EMP01081,2016-12-09,Marketing,Campaign Manager,33,2905892.0,2.898571371078228,+91-8559654271,True,EMP00051
EMP00209,2025-11-12,HR,HRBP,33,2164901.0,2.5610138789199093,+91-9952765913,True,EMP00151
EMP00406,2017-04-24,Engineering,Senior SDE,50,1643971.0,2.289754734489614,+91-8921940208,True,EMP00128
EMP00439,2017-11-07,Sales,VP Sales,37,4409741.0,2.888632433806663,+91-7345164671,True,EMP00060
EMP01299,2023-10-04,Marketing,Campaign Manager,31,3768729.0,3.062763278016933,+91-9680045357,False,EMP00181
EMP00059,2020-10-15,Engineering,SDE II,22,3842518.0,3.325767636123853,,False,EMP00186
EMP00737,2019-12-07,Finance,Manager,45,293931.4166666667,3.0787260411109836,+91-8473040682,True,EMP00157
EMP01334,2023-07-04,Finance,Senior Analyst,43,3439743.0,3.909132173561041,+91-7345395410,False,EMP00067
EMP00846,2021-04-17,Engineering,SDE I,24,1321654.0,3.5484864400589373,+91-9055071483,True,EMP00002
EMP01215,2021-10-05,Sales,Account Executive,27,2596175.0,4.120379777446436,+91-7519784217,True,EMP00013
EMP00622,2019-10-28,Finance,Senior Analyst,49,4357135.0,4.473439066210092,+91-7844212425,False,EMP00084
EMP00775,2020-03-04,Engineering,SDE I,44,4638550.0,4.977963197297498,10058007,True,EMP00054
EMP01260,2019-12-17,Finance,Analyst,25,3325422.0,,14263510,True,EMP00140
EMP00859,2021-09-10,Engineering,Senior SDE,49,1979270.0,2.1416469233455246,+91-8168510189,True,EMP00007
EMP01413,2023-08-20,Sales,SDR,40,132078.5,2.8646547884945206,+91-8236386605,True,EMP00109
EMP00553,2024-01-01,Operations,Ops Analyst,45,3501215.0,3.4522948944264997,+91-8780963565,True,EMP00176
EMP00618,2020-09-09,Sales,SDR,29,1692956.0,4.494572849179183,+91-7550927560,True,EMP00085
EMP01201,2020-02-28,HR,HR Analyst,49,3343045.0,,+91-8617988558,True,EMP00127
EMP01313,2022-03-01,Finance,Senior Analyst,56,1829274.0,2.7118234676889266,+91-9000205557,True,EMP00159
EMP00757,2018-03-13,Operations,Ops Manager,41,2926496.0,4.538812337564987,+91-9585599638,True,EMP00054
EMP00234,2023-02-23,Finance,Senior Analyst,28,2477699.0,3.175104838816528,+91-7126142373,True,EMP00063
EMP00911,2016-10-14,Sales,VP Sales,31,1188285.0,,+91-7413931839,True,EMP00141
EMP00197,2018-01-27,Sales,VP Sales,23,4122396.0,4.931895085221024,+91-7687798726,True,EMP00071
EMP00716,2020-08-24,Engineering,SDE II,52,956726.0,2.8420906758232194,+91-9556820034,True,EMP00071
EMP01312,2025-09-06,Engineering,Senior SDE,27,1727337.0,3.1554295589388395,+91-8856101894,True,EMP00138
EMP00082,2021-12-12,Sales,VP Sales,34,1002144.0,4.746833565936341,+91-8321101698,False,EMP00191
EMP00317,2019-11-13,Engineering,SDE II,35,1818548.0,3.471997310717712,+91-9967670321,True,EMP00160
EMP01037,2023-05-11,Engineering,Staff SDE,52,447889.0,4.843832622219138,+91-8530277838,True,EMP00038
EMP01203,2024-05-29,Engineering,SDE II,43,4231712.0,2.9744215065191013,67003746,False,EMP00112
EMP00112,2023-11-14,Finance,Analyst,23,73241.25,2.3860040682385772,+91-7153029164,True,EMP00070
EMP01329,2023-09-20,Finance,Director,45,4192220.0,3.130227440807673,+91-7420906466,True,EMP00030
EMP00843,2021-04-03,Sales,SDR,56,4847142.0,2.604402501302439,+91-8697129938,True,EMP00105
EMP01319,2017-01-20,Sales,VP Sales,53,890165.0,3.849791868039771,+91-8133584878,True,EMP00022
EMP00428,2018-08-30,Finance,Senior Analyst,45,1280634.0,3.585256062071035,+91-9469489801,False,EMP00069
EMP01318,2025-08-22,Marketing,Marketing Analyst,23,1909233.0,,,True,EMP00014
EMP01436,2024-12-06,Engineering,Senior SDE,39,819807.0,3.904604473536006,+91-8060715580,True,EMP00112
EMP00702,2024-11-30,HR,HRBP,23,2836977.0,3.45790172406606,+91-9551113646,False,EMP00155
EMP00311,2020-01-13,Finance,Senior Analyst,44,1903034.0,4.474298378960161,+91-7811275682,True,
EMP00715,2023-04-27,Marketing,CMO,45,308778.25,2.4144852021815635,+91-7893242979,True,EMP00054
EMP00434,2026-04-15,Engineering,SDE I,39,3336695.0,,+91-9382848502,True,EMP00078
EMP00807,2025-09-11,Sales,SDR,48,1633243.0,4.935348918686762,+91-9504883585,True,EMP00161
EMP00479,2018-03-30,Operations,COO,39,2546851.0,2.197622203868248,+91-8400567396,True,EMP00028
EMP01156,2022-06-20,Engineering,SDE I,53,1667650.0,2.516064546624445,+91-7536027014,True,EMP00082
EMP00979,2018-03-08,Operations,COO,47,2322049.0,2.910194373429198,+91-8493912139,True,EMP00096
EMP01178,2018-10-28,Sales,VP Sales,46,4540992.0,3.347203814828218,+91-7739020803,True,EMP00121
EMP00310,2024-10-25,Engineering,Staff SDE,22,382778.5,4.380167772081221,+91-9285190004,True,EMP00154
EMP00555,2024-07-10,Sales,SDR,36,2069289.0,,+91-7628580291,True,EMP00192
EMP00452,2021-09-22,Finance,Analyst,41,2630779.0,,+91-7133479734,True,EMP00154
EMP00381,2017-03-06,Finance,Manager,44,1514028.0,3.884177997971831,+91-9047564587,True,EMP00184
EMP00905,2024-07-13,HR,HR Analyst,34,4698921.0,,65142871,True,EMP00125
EMP00545,2024-09-05,Engineering,Staff SDE,56,1526936.0,3.275424141926166,+91-8510824089,True,EMP00011
EMP01014,2020-01-30,Marketing,Marketing Analyst,39,1668088.0,2.2901108670490014,+91-7315754352,True,EMP00040
EMP00848,2019-05-20,Operations,Ops Analyst,49,2722839.0,2.682428044658987,+91-9574242786,False,EMP00077
EMP00706,2022-06-30,Sales,VP Sales,50,3597104.0,2.8909046342501705,+91-7716137839,True,EMP00184
EMP01058,2026-05-30,Sales,SDR,56,40840.0,,25277513,True,EMP00134
EMP01035,2017-07-16,HR,HR Analyst,52,3379464.0,2.7899603636353856,+91-9273247107,True,EMP00053
EMP00818,2019-02-05,Operations,COO,54,4479469.0,2.3129805805729013,+91-7792637130,True,EMP00116
EMP00495,2022-06-04,Operations,Ops Manager,49,3977200.0,2.1517904436153583,+91-8161935366,True,EMP00034
EMP00255,2026-06-23,HR,HR Manager,52,1889400.0,2.8776992649321795,+91-7482252484,True,EMP00013
EMP00323,2025-09-11,Finance,Senior Analyst,36,2739655.0,4.770829504472142,+91-7145024064,True,EMP00176
EMP01290,2026-03-23,Marketing,Marketing Analyst,25,2678447.0,4.066188758794143,+91-7322687483,True,EMP00191
EMP01228,2018-09-14,Finance,Manager,37,3216464.0,4.0709450096706465,+91-8014750409,False,EMP00028
EMP00452,2021-09-22,Finance,Analyst,41,2630779.0,,+91-7133479734,True,EMP00154
EMP01467,2017-12-20,HR,VP HR,34,3472651.0,2.427750362270674,+91-8789015267,True,EMP00067
EMP00988,2026-07-12,Engineering,Staff SDE,49,100018.0,3.275302595441798,,True,EMP00134
EMP01234,2020-05-19,HR,VP HR,50,4681856.0,4.014272774577002,+91-9273070232,True,EMP00113
EMP01011,2019-09-27,Sales,Sales Manager,56,1917714.0,4.74160646354881,+91-7419681970,True,EMP00089
EMP01099,2025-04-07,Marketing,CMO,27,1598755.0,2.99942355050244,+91-9881267876,True,EMP00168
EMP00087,2021-12-28,Sales,SDR,51,2739643.0,4.7283838392955655,+91-9315423957,True,EMP00035
EMP01477,2017-10-02,Sales,Account Executive,37,3774067.0,2.867244666501412,+91-7227544090,True,
EMP00366,2024-12-28,Marketing,Campaign Manager,57,4910392.0,2.8193133868868094,+91-7418294107,True,EMP00085
EMP00266,2017-03-04,Engineering,SDE I,50,3726870.0,2.470504882659348,+91-8698320961,True,EMP00105
EMP00288,2017-06-28,HR,VP HR,39,261697.5,3.255110142639813,+91-9566767760,True,EMP00154
EMP00865,2018-07-07,Sales,Sales Manager,36,677101.0,2.0686926328207664,+91-7633274150,True,EMP00142
EMP00359,2017-12-28,Finance,Analyst,24,2320827.0,3.426351815792704,+91-9018967738,True,
EMP00544,2026-06-30,Finance,Senior Analyst,22,250790.08333333334,4.345954234526574,+91-9828304718,True,EMP00028
EMP01175,2025-11-03,Finance,Director,55,467536.0,2.40462128021041,+91-7834096754,True,EMP00001
EMP00902,2024-10-24,Marketing,CMO,36,916610.0,3.8854217996173666,+91-8989478575,True,EMP00138
EMP00469,2024-02-17,Sales,Account Executive,55,456988.0,3.01698431867961,+91-8446239337,True,
EMP01107,2024-12-17,HR,HRBP,54,4400326.0,4.93603786221481,+91-7343942265,True,EMP00135
EMP00222,2022-04-16,Sales,SDR,41,2844980.0,2.1002012471210074,77207073,True,EMP00081
EMP00114,2021-06-07,Marketing,Marketing Analyst,52,1136846.0,3.204185373852404,,True,EMP00144
EMP01080,2021-03-13,Finance,Manager,42,1883687.0,4.409683275019449,+91-9603590080,True,EMP00148
EMP01472,2018-09-28,Engineering,Senior SDE,55,4433914.0,3.4625048722637004,+91-8023874058,False,EMP00006
EMP00175,2019-12-28,Marketing,Campaign Manager,41,478788.0,2.1861952178782205,+91-8809794748,True,EMP00078
EMP01471,2025-01-10,Sales,SDR,39,4064243.0,2.094793103596899,28823278,True,EMP00049
EMP01188,2021-01-07,Sales,SDR,24,51346.916666666664,3.448827650077189,+91-9951805769,False,EMP00194
EMP01286,2016-12-03,Engineering,Staff SDE,34,1690852.0,2.0151865003954237,+91-8520964658,True,EMP00060
EMP01224,2024-06-28,Finance,Analyst,36,1527984.0,4.456456592064318,+91-8438190110,False,EMP00147
EMP00019,2019-04-09,HR,VP HR,43,3797657.0,3.904424563441113,+91-7519620267,True,EMP00027
EMP01297,2024-03-21,Marketing,Marketing Analyst,30,4902967.0,2.9913287049950776,+91-7342032315,True,EMP00199
EMP00286,2022-09-16,Engineering,Staff SDE,35,268489.3333333333,4.017718224725927,+91-7448435430,True,EMP00035
EMP00939,2024-11-19,Engineering,SDE II,42,2718633.0,2.6855882399669606,+91-7464387383,True,
EMP00426,2017-06-03,Marketing,Marketing Analyst,28,2736849.0,3.5527248084589615,+91-9363813568,True,EMP00158
EMP01245,2023-02-18,Sales,VP Sales,35,2858299.0,4.11644851941686,+91-7722293042,True,EMP00040
EMP00032,2018-04-17,Engineering,SDE I,28,624943.0,3.686021632607902,+91-7536036560,True,EMP00170
EMP00894,2021-11-30,Engineering,SDE I,46,1824964.0,,+91-7651238880,True,EMP00175
EMP00211,2023-03-22,Sales,SDR,36,3793343.0,2.0458508307666907,21018675,True,EMP00098
EMP00576,2017-10-03,Engineering,SDE II,48,1380538.0,,+91-7813095740,True,EMP00091
EMP00215,2016-10-27,Operations,COO,31,4503190.0,3.2998879015001616,+91-8936363589,True,EMP00133
EMP00586,2017-09-30,Operations,Ops Manager,44,4502760.0,3.371446892642938,+91-8239117949,True,EMP00091
EMP00999,2023-06-04,Sales,VP Sales,50,3583174.0,,+91-7089920625,True,EMP00022
EMP00480,2020-06-12,Engineering,Staff SDE,55,614487.0,,+91-8334765646,True,
EMP01068,2020-05-31,Operations,Ops Manager,26,2916260.0,,+91-8279365068,True,EMP00169
EMP01221,2025-01-30,Sales,Sales Manager,57,566467.0,3.412379244469106,+91-8529717059,True,EMP00109
EMP00811,2022-02-20,Sales,VP Sales,28,2749351.0,3.0390348154333626,+91-9207616765,True,EMP00112
EMP00189,2017-04-09,Engineering,Staff SDE,50,259591.41666666666,4.7666604600865945,+91-7430748453,False,EMP00002
EMP00355,2019-01-15,HR,VP HR,39,1251060.0,2.634078808182947,+91-7253956873,True,EMP00069
EMP01150,2025-12-19,Operations,Ops Analyst,38,4552120.0,4.348630542430083,+91-9321340187,True,EMP00130
EMP01209,2025-03-06,Marketing,Campaign Manager,47,3504319.0,3.906363670675395,+91-9338833484,True,EMP00086
EMP00148,2026-03-02,Finance,Manager,38,2586208.0,4.263883042818129,+91-9457248142,False,EMP00175
EMP01470,2024-10-15,Marketing,CMO,31,394645.0833333333,2.910574259059736,+91-8354303535,True,EMP00103
EMP01069,2025-10-14,Engineering,Staff SDE,36,1245829.0,4.366547173332544,+91-9742438922,True,EMP00092
EMP00084,2020-02-09,Sales,Sales Manager,45,4190571.0,4.087386259631252,+91-7672555757,True,EMP00071
EMP00723,2017-10-12,HR,HRBP,29,2115956.0,2.747185326857223,+91-7257234079,True,EMP00134
EMP00049,2026-04-26,Engineering,Staff SDE,38,527831.0,2.8149617654803114,+91-8006559823,True,EMP00060
EMP01160,2020-12-22,Finance,Senior Analyst,53,2432675.0,4.298565900807556,,True,EMP00117
EMP00156,2025-03-09,HR,HRBP,29,3361094.0,2.8045569073054457,+91-9564312103,True,EMP00096
EMP00454,2024-09-18,Engineering,SDE I,45,3460416.0,2.380320751260678,+91-9425366700,True,EMP00107
EMP01186,2021-01-17,HR,HRBP,53,1091197.0,2.7465176025192375,+91-7360353725,True,EMP00140
EMP00990,2017-12-31,Marketing,Campaign Manager,24,2982250.0,4.789689064070859,+91-8836774399,True,EMP00010
EMP01095,2025-01-16,Engineering,SDE I,24,4067853.0,4.041479585807707,+91-9013226812,True,EMP00160
EMP00874,2017-10-06,Engineering,SDE II,27,4727496.0,4.562972564095492,+91-7888088876,True,EMP00072
EMP01280,2018-08-30,Finance,Senior Analyst,45,1177182.0,4.785471334200274,+91-8454465093,True,EMP00098
EMP01392,2020-06-10,Finance,Senior Analyst,57,1559482.0,4.0483966334202375,+91-8506323905,True,EMP00003
EMP01498,2019-06-10,Engineering,Staff SDE,47,4756331.0,,26050872,False,EMP00075
EMP00180,2026-02-28,Sales,SDR,56,575670.0,2.931363200302418,+91-8021183409,True,EMP00149
EMP01192,2024-02-20,Engineering,Senior SDE,31,3554860.0,3.6858314853727814,+91-7348686224,True,EMP00134
EMP01064,2020-06-02,Sales,VP Sales,25,879075.0,4.581034918991673,+91-7032529245,False,EMP00045
EMP01491,2025-01-22,Engineering,SDE II,35,3534819.0,4.852678109912938,+91-8807708906,True,EMP00043
EMP01256,2019-12-30,HR,VP HR,52,2901715.0,2.908985972786125,47411644,True,EMP00033
EMP01194,2019-02-16,Operations,COO,56,3169608.0,3.7007527414486794,+91-9672400434,True,EMP00138
EMP00364,2020-07-18,Finance,Director,37,800159.0,3.259770131125512,+91-9232963469,True,EMP00136
EMP00427,2021-07-16,HR,HRBP,25,2095729.0,2.1589372444445525,,True,
EMP01337,2022-12-02,Engineering,Staff SDE,33,4983680.0,2.828576817653781,+91-9093473357,False,EMP00089
EMP01248,2024-09-04,Engineering,Staff SDE,27,2416049.0,2.339436653794988,+91-9788093796,True,EMP00060
EMP00347,2019-05-20,Sales,VP Sales,44,781442.0,2.779721179148984,+91-8282526181,True,EMP00193
EMP01282,2018-10-08,Engineering,SDE II,31,1224575.0,3.5073058591092785,43312065,False,EMP00107
EMP01289,2022-06-29,Marketing,Campaign Manager,48,2552634.0,2.577648723163879,+91-8109225082,True,EMP00134
EMP01394,2019-05-09,Marketing,Marketing Analyst,51,2984003.0,4.110162211513811,+91-9237645581,True,EMP00030
EMP00708,2017-12-12,Sales,SDR,54,4704667.0,2.884744649229968,+91-8949888082,True,
EMP01345,2023-08-01,Operations,COO,57,4069981.0,2.362907929303526,+91-8009459327,True,EMP00086
EMP00635,2020-01-07,Marketing,Marketing Analyst,53,2510245.0,3.729556343354621,+91-9479544643,True,EMP00023
EMP00766,2025-07-28,Finance,Analyst,41,2115981.0,2.435360395991914,+91-9116739384,True,EMP00057
EMP00680,2019-01-14,Finance,Director,34,1154068.0,,14626065,True,EMP00146
EMP00244,2021-07-14,Engineering,Senior SDE,27,3934642.0,3.828651969273666,+91-8675125485,True,EMP00134
EMP00870,2023-01-10,Engineering,SDE I,48,2252344.0,3.3786838164285147,+91-8520589914,True,EMP00024
EMP00579,2018-12-27,Engineering,Senior SDE,56,2031234.0,3.639013849332613,+91-8817791480,True,EMP00012
EMP01387,2024-03-08,Marketing,Campaign Manager,33,1753905.0,3.800040664661912,+91-8856820619,True,EMP00178
EMP01079,2021-03-09,Sales,Account Executive,51,2384271.0,3.351025390764126,+91-8865565904,True,EMP00008
EMP00963,2023-11-20,Engineering,Staff SDE,56,4813541.0,3.3072222560554345,+91-8820293106,True,EMP00043
EMP00472,2024-02-26,HR,HR Manager,26,1621446.0,3.7608817370389622,+91-7947029488,True,EMP00095
EMP00436,2022-06-04,Finance,Director,40,1768507.0,4.693939707017229,84437762,True,EMP00051
EMP01476,2016-12-08,Finance,Manager,45,2082684.0,3.9427103582484886,+91-8990661747,True,
EMP00589,2026-05-01,Engineering,SDE II,30,4628044.0,2.0343048162767783,+91-8064220881,False,EMP00012
EMP00309,2024-03-24,Sales,SDR,42,3251266.0,4.815604622166683,,True,EMP00154
EMP01433,2023-11-14,Marketing,Marketing Analyst,38,1338062.0,4.86525674709151,+91-9842789721,True,EMP00163
EMP00431,2017-05-22,Marketing,CMO,24,3859106.0,,53003733,True,EMP00068
EMP01030,2018-08-30,Finance,Analyst,22,1858912.0,2.462412389161073,20226434,True,EMP00163
EMP00399,2025-03-05,Engineering,Staff SDE,53,4095959.0,4.269434174853506,+91-7047627166,True,EMP00003
EMP00424,2017-11-22,Sales,Account Executive,44,4800849.0,4.1732654573249945,+91-7118735393,True,EMP00135
EMP00371,2022-05-18,Operations,COO,55,1939568.0,2.5336903891682856,14433021,True,EMP00170
EMP00055,2017-02-06,Sales,Account Executive,50,2684393.0,2.803575734272944,+91-7348125879,True,EMP00082
EMP01453,2016-09-18,Engineering,SDE I,33,1813584.0,4.573478885614194,+91-8639950025,True,EMP00134
EMP00600,2022-07-03,Finance,Senior Analyst,32,4631269.0,4.013533320612799,+91-9578526395,True,EMP00140
EMP00614,2024-03-02,Engineering,Senior SDE,32,4356601.0,3.5254846014418586,+91-7172343917,True,EMP00136
EMP00313,2017-07-05,HR,VP HR,30,586016.0,2.286903927769776,+91-7019643575,True,EMP00020
EMP00965,2018-01-04,Finance,Senior Analyst,24,3766902.0,3.1667632949950053,+91-8350173914,True,EMP00167
EMP00998,2022-07-29,HR,HRBP,48,3286694.0,4.597146975305334,+91-9153843537,True,EMP00060
EMP01273,2025-07-11,Operations,Ops Manager,34,2006732.0,3.239987159586306,+91-9632113810,True,EMP00081
EMP00110,2024-08-24,Sales,Account Executive,51,1571815.0,2.2691387720503697,+91-7535570032,True,EMP00104
EMP00662,2018-01-01,Engineering,Senior SDE,45,3109233.0,4.990990188779682,+91-9467180099,True,EMP00169
EMP00744,2022-08-15,Marketing,Campaign Manager,56,663650.0,4.685044627386633,+91-7771506673,True,EMP00032
EMP00101,2020-08-04,Marketing,Marketing Analyst,39,3926459.0,4.960549076606293,+91-8314153053,True,EMP00102
EMP00539,2021-11-04,Marketing,Campaign Manager,36,4024242.0,4.6737012546576935,+91-9640721822,True,EMP00153
EMP00721,2024-04-21,Finance,Director,51,3144481.0,4.242281587217222,+91-9670169086,True,EMP00190
EMP01431,2024-08-23,Sales,VP Sales,46,34820.416666666664,4.931766548731683,+91-9434399742,True,EMP00148
EMP00267,2023-07-17,Engineering,SDE II,46,4902052.0,4.449378533199168,+91-9961473487,True,EMP00005
EMP01047,2024-08-07,HR,HR Manager,44,2159458.0,4.125116652017938,+91-8945512375,True,EMP00112
EMP00297,2022-02-09,Engineering,SDE I,50,2399277.0,4.671487321894256,+91-8672727769,True,EMP00178
EMP01108,2017-02-15,HR,VP HR,26,1671498.0,3.3016098365194275,14111234,False,EMP00041
EMP00462,2022-02-04,HR,VP HR,51,609708.0,3.62062097952448,23132030,True,EMP00024
EMP01076,2025-09-20,HR,HRBP,55,985047.0,3.999063281297987,+91-9098616379,True,EMP00175
EMP01032,2018-07-02,Finance,Senior Analyst,49,4813951.0,3.62217468902549,58680717,True,EMP00042
EMP01416,2025-06-04,HR,HR Analyst,36,1518932.0,2.559266016116211,+91-7015337538,True,EMP00193
EMP00378,2019-03-25,Sales,SDR,50,4194890.0,4.567000025787053,+91-9566520435,True,EMP00089
EMP00287,2022-11-22,HR,HRBP,28,3043620.0,,+91-9987375823,True,EMP00086
EMP01496,2022-08-06,Engineering,SDE II,31,3915501.0,2.626732171034545,,False,EMP00088
EMP01001,2025-06-22,Sales,VP Sales,48,2892983.0,3.3070784670100304,+91-8018576802,True,EMP00012
EMP00127,2019-04-03,Sales,SDR,31,4081636.0,3.997494356503767,+91-9987419395,True,EMP00153
EMP00328,2026-05-08,Sales,VP Sales,35,1054496.0,2.183249874547588,16750586,True,EMP00145
EMP00293,2025-07-31,Marketing,Marketing Analyst,51,4091306.0,,,True,EMP00151
EMP00591,2023-12-10,Sales,Account Executive,46,82300.0,,+91-7313736231,False,EMP00060
EMP00925,2021-01-14,Finance,Director,29,1305175.0,4.381677162186794,+91-9468105039,True,EMP00139
EMP00529,2018-03-28,Marketing,CMO,36,2963104.0,3.1565237953057794,37648548,True,EMP00068
EMP01132,2024-04-03,HR,VP HR,50,2827135.0,3.6887337837159815,+91-7952145079,False,EMP00080
EMP00356,2023-04-23,Marketing,Marketing Analyst,42,239529.08333333334,4.651107942271106,+91-9223867585,True,
EMP01423,2018-01-05,Engineering,Staff SDE,56,4632489.0,,+91-8322616033,True,EMP00031
EMP01270,2023-12-14,Sales,VP Sales,33,2617148.0,4.659457247411145,+91-8462119860,True,
EMP00171,2018-05-05,Marketing,CMO,55,1459807.0,2.6936656612775547,+91-9251247716,False,EMP00141
EMP01028,2017-12-29,Sales,Sales Manager,37,4592117.0,2.6434583875980344,+91-8546167414,False,EMP00107
EMP01199,2020-06-18,HR,HR Manager,46,2622263.0,2.45676756503471,+91-7786542956,True,EMP00043
EMP00671,2020-02-21,Finance,Manager,44,4857104.0,4.193425993334708,+91-9917701847,True,EMP00032
EMP01151,2019-06-12,Engineering,Senior SDE,45,39579.0,2.020409862709103,+91-8396460441,True,EMP00076
EMP01320,2022-12-09,Sales,VP Sales,46,477697.0,2.656996356804082,+91-8450302999,True,EMP00022
EMP00210,2023-10-13,Operations,Ops Manager,28,4050686.0,4.446203803542024,+91-8563446131,False,
EMP00915,2019-04-09,Operations,COO,35,600762.0,4.738583055343033,+91-8849067354,False,EMP00132
EMP01143,2020-07-20,Engineering,SDE II,50,4805271.0,2.6231058168990016,+91-9516764924,True,EMP00141
EMP00141,2020-05-02,Operations,Ops Manager,24,3281852.0,2.4850509754660464,+91-8555664146,False,EMP00102
EMP01122,2019-03-30,Operations,Ops Manager,48,2858909.0,4.175234142516004,+91-9936932749,True,
EMP01055,2017-01-17,Sales,SDR,41,3922868.0,2.7290058634866985,+91-9755121162,True,EMP00043
EMP01114,2018-05-25,Sales,Sales Manager,38,89162.16666666667,4.318475613840914,+91-8274213236,True,EMP00055
EMP01237,2018-09-15,Engineering,Staff SDE,31,4856072.0,,+91-8066325613,True,EMP00051
EMP01243,2024-11-11,Sales,Account Executive,55,3254368.0,3.5184577073645373,,True,EMP00132
EMP01088,2018-05-27,Sales,Sales Manager,54,4214983.0,4.6362612584270755,+91-8998607633,True,EMP00102
EMP01218,2026-04-07,Engineering,Senior SDE,29,4295420.0,4.343582499183331,,True,EMP00185
EMP00789,2025-10-20,Engineering,SDE I,28,4134036.0,4.243636572693897,+91-9094667978,True,EMP00035
EMP00011,2021-06-27,Marketing,CMO,34,1616948.0,4.06521178338349,+91-9815619530,True,EMP00169
EMP00778,2023-08-27,Engineering,SDE II,43,3742137.0,3.689606192466254,+91-9951999403,True,EMP00151
EMP00283,2021-12-23,HR,HR Manager,37,77662.25,3.4615709796832554,+91-7190394638,True,EMP00180
EMP00292,2020-10-29,Engineering,Senior SDE,57,3029789.0,2.807033487674819,+91-9882602192,False,EMP00047
EMP00602,2023-04-18,Finance,Manager,35,3706820.0,3.922008883744429,+91-7457399102,True,EMP00130
EMP00544,2026-06-30,Finance,Senior Analyst,22,250790.08333333334,4.345954234526574,+91-9828304718,True,EMP00028
EMP00130,2024-05-04,Engineering,SDE II,33,1527057.0,4.1234633435316175,+91-7077002225,True,EMP00165
EMP00324,2026-06-13,Marketing,Marketing Analyst,38,4301959.0,2.0145046763155348,+91-9775924850,False,EMP00078
EMP00900,2025-02-27,Engineering,Staff SDE,34,3186174.0,4.4632147901979025,+91-9008973981,True,EMP00096
EMP00533,2018-09-24,Sales,SDR,55,3469150.0,3.1743387146072597,+91-8352398310,True,EMP00089
EMP00632,2024-07-03,Finance,Senior Analyst,46,34543.916666666664,3.343917488208994,+91-8412005793,True,EMP00108
EMP01294,2024-06-02,Engineering,SDE I,57,1070834.0,3.8390065949208676,+91-9155237630,True,EMP00119
EMP00552,2017-04-09,Engineering,SDE I,35,1898771.0,2.5621682726373223,+91-8871819984,True,EMP00008
EMP00868,2019-03-09,Operations,COO,40,1719200.0,3.7371775453037586,+91-9355629764,True,EMP00015
EMP00987,2024-11-05,Finance,Director,39,3092300.0,4.556178866941064,,True,EMP00173
EMP00159,2018-01-14,Sales,Sales Manager,28,3638716.0,4.2871637269545415,+91-7052916186,True,EMP00020
EMP00620,2019-03-30,Finance,Manager,27,3392567.0,4.277605754364997,+91-9911202771,True,EMP00167
EMP01420,2025-02-02,HR,VP HR,31,4829379.0,4.812659020258677,+91-8890006130,True,EMP00014
EMP01115,2026-03-27,Sales,VP Sales,35,4349293.0,2.5676517964874583,+91-7049300680,True,EMP00094
EMP00196,2017-11-18,Finance,Director,23,4017065.0,4.146028915561328,+91-8933506289,True,EMP00070
EMP01367,2023-05-10,Finance,Manager,48,3543253.0,2.291398150683569,+91-8436717895,True,EMP00113
EMP01062,2024-11-21,Marketing,Campaign Manager,40,4902386.0,2.224252332992859,+91-9981666654,True,EMP00185
EMP00411,2022-11-17,Sales,Sales Manager,32,4335336.0,4.521236664182433,+91-8199080212,True,EMP00038
EMP00097,2019-12-05,Finance,Manager,47,2401653.0,3.203833944922388,+91-8535075325,True,EMP00149
EMP00629,2019-01-05,Engineering,SDE I,53,3783299.0,,+91-9718577297,True,EMP00091
EMP00157,2024-10-26,Operations,Ops Analyst,41,3468243.0,4.433212850934767,+91-7723659521,True,EMP00131
EMP00420,2023-11-24,Sales,SDR,47,979547.0,4.374876402536546,+91-9962475666,True,EMP00015
EMP01271,2021-08-24,Engineering,SDE II,31,1232802.0,3.708331812504447,+91-9025037602,True,EMP00049
EMP00478,2021-02-04,Finance,Senior Analyst,51,3831172.0,4.351807767600375,+91-8845742610,True,EMP00026
EMP01435,2018-05-11,Operations,Ops Analyst,55,3781632.0,4.5499829722240595,+91-8404085552,True,EMP00081
EMP00695,2021-01-13,Finance,Senior Analyst,25,4993730.0,3.984520335988611,+91-9094956157,True,EMP00049
EMP01125,2019-10-23,HR,HR Manager,54,4564405.0,4.34701241158082,+91-9976707788,True,EMP00190
EMP00448,2018-08-26,HR,VP HR,30,498989.0,4.411279228652524,+91-8363655174,True,EMP00022
EMP00665,2024-07-07,Finance,Analyst,32,1486513.0,3.3119309062193123,+91-7310537349,True,EMP00198
EMP00179,2018-07-30,Engineering,SDE I,38,4509740.0,,+91-7008932795,True,EMP00151
EMP00391,2018-08-11,Engineering,Staff SDE,48,4946059.0,2.446874629166321,+91-8822630648,True,EMP00005
EMP01342,2020-06-16,Engineering,Senior SDE,23,4798584.0,4.708331170843493,+91-9651553736,True,EMP00195
EMP01135,2017-05-16,Sales,SDR,22,4600042.0,3.787763696014316,+91-7279759828,True,EMP00121
EMP01293,2019-09-06,Operations,Ops Analyst,31,2543552.0,3.17748999978401,+91-7239588979,False,EMP00005
EMP00652,2026-08-01,Finance,Analyst,52,597425.0,4.980946120043182,15370338,True,EMP00073
EMP00619,2025-11-12,Operations,COO,51,1508896.0,3.9898184999230533,+91-8645041591,True,
EMP00683,2025-06-23,HR,HRBP,57,4162786.0,2.547357493388581,+91-9746821545,True,EMP00122
EMP00937,2018-10-08,Engineering,SDE I,41,3244124.0,4.439357752798896,23255511,True,EMP00059
EMP00850,2018-12-14,Sales,SDR,32,1865341.0,3.6994896034230544,+91-8754789256,True,EMP00189
EMP00803,2018-10-25,Operations,COO,53,4447454.0,3.568771391793793,+91-9827219306,True,EMP00022
EMP00705,2017-09-22,Operations,Ops Analyst,24,4132438.0,4.03308088147657,+91-8590558254,True,EMP00104
EMP00295,2025-01-02,Engineering,SDE II,29,3358654.0,,+91-9843253542,True,EMP00178
EMP00585,2022-05-16,Marketing,Campaign Manager,37,1927532.0,3.424021258729814,+91-8969454637,True,EMP00056
EMP00942,2018-07-16,Sales,VP Sales,29,945472.0,,+91-9117688770,False,EMP00042
EMP00089,2023-05-18,Sales,VP Sales,36,4767151.0,3.0863644948504274,+91-9900531221,True,EMP00002
EMP00042,2016-09-20,HR,HRBP,52,4291270.0,4.5291689017346215,+91-7353598257,True,EMP00031
EMP01006,2020-11-03,Operations,COO,34,447556.0,2.892526125958897,+91-9726805139,True,EMP00067
EMP00621,2017-10-27,Sales,Sales Manager,44,554124.0,4.145060704088753,+91-7347617638,True,EMP00181
EMP01378,2020-02-14,HR,HR Manager,23,2248997.0,3.4374613230470223,23580414,True,EMP00082
EMP01443,2021-01-01,Sales,Account Executive,33,3298408.0,2.550245491761646,+91-7784989323,True,EMP00014
EMP01404,2017-02-10,Sales,Sales Manager,37,734009.0,2.5824151978369496,,True,EMP00007
EMP01254,2025-07-16,HR,VP HR,57,51377.75,2.9306518402611674,77546130,True,EMP00042
EMP00291,2018-01-13,Finance,Senior Analyst,28,1594589.0,4.835585782698123,+91-8402463825,True,EMP00002
EMP01474,2018-01-16,Operations,COO,35,2337003.0,2.292565669536191,+91-7544191495,True,
EMP01321,2018-04-19,Engineering,Staff SDE,43,3919685.0,2.9439430254973122,+91-8934802796,True,EMP00189
EMP00349,2020-05-22,Engineering,Senior SDE,51,2082252.0,3.576352607774411,+91-8423716151,True,EMP00111
EMP00572,2025-08-22,Operations,Ops Manager,23,4035973.0,2.000057718549736,+91-7106859453,True,EMP00165
EMP00612,2022-04-01,Operations,Ops Analyst,33,2798592.0,3.5446665924469856,+91-9756697353,True,EMP00009
EMP01468,2017-11-15,Marketing,CMO,56,2255293.0,3.93015610837117,+91-8028723541,True,EMP00073
EMP01411,2017-12-03,Engineering,SDE II,57,145095.0,2.1812404321837393,+91-8932088691,True,EMP00097
EMP01141,2017-08-05,Marketing,Campaign Manager,34,2254973.0,3.735164475547725,+91-7861522515,True,EMP00146
EMP01031,2023-01-07,Engineering,SDE I,23,2339639.0,,+91-9110145763,True,EMP00159
EMP00742,2020-07-13,Sales,SDR,39,2366042.0,3.913835537885234,66175115,True,EMP00139
EMP00459,2017-05-16,Engineering,Staff SDE,27,3801861.0,3.2008384008623274,+91-8891952397,True,EMP00036
EMP00376,2021-09-27,Operations,COO,57,4769001.0,2.0172474935799967,+91-9774031656,True,EMP00108
EMP00334,2021-05-11,HR,HR Analyst,22,3931859.0,4.735661856208419,+91-9349264329,False,EMP00156
EMP00817,2024-10-28,Marketing,CMO,31,614154.0,4.244014719442084,+91-7229603819,True,EMP00190
EMP01376,2018-12-20,Finance,Director,27,3190486.0,4.712544969162336,+91-8786482999,True,EMP00055
EMP01139,2018-10-11,Marketing,Campaign Manager,24,1308825.0,4.221311164216779,+91-9394208358,True,EMP00030
EMP00880,2019-06-15,Engineering,SDE II,55,4462187.0,4.557096073973725,+91-9372496908,False,EMP00119
EMP01445,2021-12-11,Finance,Analyst,43,867305.0,4.15202966117601,+91-9416122833,True,EMP00071
EMP00611,2016-10-10,Marketing,CMO,54,1741665.0,,+91-8039361636,True,EMP00152
EMP00329,2018-09-03,Marketing,Marketing Analyst,54,664617.0,,+91-9084260390,True,EMP00018
EMP00319,2025-07-02,Engineering,Senior SDE,45,2141252.0,4.692009310737892,+91-8063250113,False,EMP00098
EMP01212,2017-01-31,Finance,Manager,48,4288397.0,2.3037011437067583,+91-9090920860,False,EMP00044
EMP01059,2017-10-21,Engineering,Staff SDE,55,1470313.0,3.151183622730436,+91-9094773969,True,EMP00188
EMP00168,2024-10-07,HR,VP HR,24,662018.0,,+91-9567878729,True,EMP00127
EMP00013,2023-09-30,Engineering,Senior SDE,38,1176075.0,4.002317638429647,+91-7221073826,True,EMP00001
EMP00172,2021-02-23,Engineering,Staff SDE,41,674600.0,4.98730886960318,+91-8251616718,True,EMP00055
EMP00261,2022-09-07,HR,HR Manager,23,1725570.0,2.839470324618284,+91-8062517095,True,EMP00024
EMP00888,2018-06-08,Operations,Ops Manager,57,721148.0,,+91-8500513825,True,EMP00104
EMP00931,2023-11-17,HR,HR Manager,32,2605393.0,3.1856698386085642,+91-7399392504,True,EMP00054
EMP00860,2019-07-24,Engineering,SDE I,31,1836768.0,2.230002247479746,+91-7377219491,True,EMP00169
EMP00139,2023-03-29,Marketing,Marketing Analyst,36,3342823.0,4.0253951182754175,+91-9363968402,True,EMP00142
EMP00550,2019-02-04,Finance,Manager,35,1762326.0,2.471326329547431,+91-8344452205,True,EMP00165
EMP00983,2016-09-23,Sales,VP Sales,23,4397259.0,3.2358099778702023,+91-7004498751,True,EMP00148
EMP00916,2018-02-13,Sales,VP Sales,57,4141797.0,2.0020521484479126,+91-7964455336,True,EMP00001
EMP00840,2025-04-17,Marketing,Campaign Manager,48,4042350.0,2.768532190266934,+91-7850554259,True,EMP00137
EMP00559,2021-10-28,Sales,Account Executive,41,4024033.0,3.3392707250458216,+91-7645116342,True,EMP00002
EMP00140,2023-05-16,Finance,Manager,36,4484735.0,3.0077375631101297,+91-8304205530,True,EMP00087
EMP01362,2019-11-15,HR,HRBP,54,3282919.0,3.884213003985788,+91-9394832405,True,EMP00111
EMP00944,2018-10-27,Engineering,SDE II,23,3059909.0,2.0275473357279883,+91-8294338806,True,EMP00177
EMP00225,2018-01-30,HR,HRBP,30,4882405.0,4.388201748270153,+91-8878548124,True,EMP00025
EMP01382,2024-01-14,Sales,Sales Manager,28,1134612.0,,+91-7526040666,True,EMP00036
EMP00410,2023-01-24,Operations,Ops Analyst,44,4750176.0,3.8974797050501415,+91-9743781026,True,EMP00035
EMP00326,2024-08-21,Engineering,Senior SDE,26,3308883.0,4.073735708076113,+91-7630774714,True,EMP00146
EMP00300,2025-10-09,Engineering,SDE II,40,3114014.0,3.3501917991067662,+91-9047505550,True,EMP00035
EMP01098,2023-06-09,HR,HR Analyst,23,3014261.0,3.9589927235647138,+91-9590172607,True,
EMP01495,2022-01-14,Sales,Account Executive,25,835155.0,3.856383682341974,+91-7287280673,True,EMP00037
EMP00722,2025-09-18,Engineering,SDE I,37,274384.5,3.5933039936234485,+91-9044681283,True,EMP00066
EMP01446,2024-12-04,Operations,COO,36,3204987.0,4.250389670982762,,True,EMP00119
EMP01023,2021-06-06,Engineering,Senior SDE,55,273813.4166666667,4.581005324240444,+91-7941022218,True,EMP00023
EMP00943,2024-07-11,Operations,Ops Analyst,28,1254080.0,4.988065372163197,+91-7098977885,True,EMP00104
EMP00574,2022-03-31,Engineering,SDE I,26,4197305.0,3.426323475529299,+91-7480586897,True,EMP00192
EMP00504,2018-04-02,Finance,Analyst,24,583344.0,2.4053440983216285,+91-7006353469,True,
EMP00606,2026-03-28,Engineering,SDE II,55,4397349.0,2.9008787342424887,+91-7438193403,True,EMP00062
EMP01379,2019-04-30,Operations,COO,36,4972170.0,2.4045718063702397,+91-9307204862,True,EMP00099
EMP00004,2017-11-22,Engineering,SDE I,46,259610.91666666666,3.5000168093451207,+91-9459562065,True,EMP00075
EMP00429,2026-01-08,Marketing,CMO,25,4765439.0,4.057766507386716,,True,EMP00068
EMP00468,2025-10-06,Sales,Account Executive,39,464326.0,3.4994697515469353,+91-9508887905,True,EMP00116
EMP00322,2020-10-12,Engineering,SDE II,42,4912316.0,4.7672448997815176,+91-8999413600,True,EMP00188
EMP00006,2025-12-21,Engineering,SDE II,33,3597178.0,,+91-7108513049,True,EMP00070
EMP00223,2018-03-26,Engineering,Staff SDE,45,2990637.0,,72034484,True,EMP00151
EMP00548,2022-02-20,Finance,Director,50,1745171.0,3.027692727613973,+91-9795072966,True,EMP00003
EMP00808,2022-03-28,Operations,Ops Analyst,44,4391715.0,2.986610928762248,+91-9510008234,True,EMP00057
EMP00040,2017-05-25,Finance,Senior Analyst,34,4705947.0,4.793063070290648,+91-9059750058,True,EMP00073
EMP00543,2020-10-17,Engineering,SDE I,24,4297400.0,4.030073606539305,+91-7267052642,True,EMP00068
EMP00243,2024-09-25,Marketing,CMO,31,681263.0,4.646340254868361,+91-8105085221,True,EMP00143
EMP00137,2018-10-19,Engineering,SDE I,38,1444125.0,2.9713043151333993,+91-8759212998,True,EMP00125
EMP01235,2024-09-05,Engineering,Staff SDE,28,390324.6666666667,4.625819264832249,+91-7241954217,False,EMP00070
EMP01377,2022-05-12,HR,HRBP,33,2975986.0,4.22934714204563,+91-8693894521,True,EMP00006
EMP00835,2019-12-13,Marketing,Campaign Manager,30,343257.4166666667,2.06429094465588,+91-9542632275,True,EMP00195
EMP01089,2018-05-01,Operations,Ops Analyst,34,1228709.0,4.749319633921473,+91-7561833201,True,
EMP01109,2017-02-18,Marketing,CMO,53,954199.0,2.585494076942535,+91-9827290327,True,EMP00018
EMP00812,2021-10-15,Sales,Sales Manager,54,1526239.0,,+91-9188657916,True,EMP00106
EMP01421,2017-10-18,HR,HRBP,30,621281.0,,+91-8089871170,True,EMP00071
EMP00582,2017-12-17,Finance,Director,57,2346306.0,4.430785415766316,+91-9425032382,True,EMP00022
EMP01042,2021-03-19,Marketing,Campaign Manager,55,1298047.0,2.535277195394953,+91-9754023349,True,EMP00188
EMP01398,2020-08-18,Finance,Director,35,3783084.0,3.438244131655266,+91-9409476921,True,EMP00040
EMP01444,2024-01-11,Operations,COO,24,1997624.0,2.5998782606001707,+91-8901853377,True,EMP00005
EMP00377,2023-02-03,Engineering,SDE I,41,4251361.0,4.942601276818639,+91-7329809567,True,EMP00180
EMP00315,2025-03-11,Engineering,SDE I,38,1037143.0,4.113010137566075,+91-7527709202,False,EMP00070
EMP00443,2023-01-02,Marketing,CMO,41,611507.0,4.358048865856749,+91-8838150144,False,EMP00107
EMP00320,2020-02-09,Sales,VP Sales,54,4202504.0,2.3312765327899507,+91-9356212830,True,EMP00127
EMP01418,2019-02-20,HR,HR Manager,27,2494013.0,,+91-8521470983,True,EMP00029
EMP00856,2017-01-31,Engineering,SDE II,50,2394921.0,3.3146934147407623,+91-9534783539,True,EMP00061
EMP01177,2022-09-21,Sales,SDR,32,4819914.0,2.9514441829402966,+91-8282208140,True,EMP00105
EMP00425,2023-04-20,Engineering,Senior SDE,43,4091913.0,2.2067640547382945,32440274,True,EMP00199
EMP00554,2021-06-13,Sales,Sales Manager,44,476502.0,4.911168078969676,+91-7304623853,True,EMP00126
EMP00595,2025-03-28,Operations,Ops Analyst,49,2976120.0,4.761403472293875,+91-8812203673,True,EMP00144
EMP00968,2019-08-08,Marketing,CMO,31,3258510.0,,86361217,True,EMP00020
EMP01233,2024-03-05,HR,HR Manager,47,3392380.0,2.107859744005966,+91-9352879053,True,EMP00115
EMP01300,2023-05-14,Finance,Senior Analyst,28,1501844.0,2.020960523600009,+91-9071630549,True,EMP00014
EMP00071,2018-02-09,Finance,Analyst,34,2762763.0,3.35018892553547,+91-7532954958,True,EMP00096
EMP00673,2024-10-06,Sales,SDR,43,2591319.0,4.522016045641456,+91-7366630082,True,EMP00184
EMP00228,2025-07-05,Marketing,CMO,25,1315130.0,4.980142600663287,+91-9961431164,True,EMP00096
EMP00768,2019-12-15,Sales,Sales Manager,38,2052304.0,2.6698695487379793,+91-7671167770,False,EMP00145
EMP00893,2017-10-25,Engineering,Staff SDE,38,2741156.0,4.940034350866293,+91-8537114387,True,EMP00095
EMP00737,2019-12-07,Finance,Manager,45,293931.4166666667,3.0787260411109836,+91-8473040682,True,EMP00157
EMP01451,2023-02-20,Marketing,Marketing Analyst,56,2706238.0,,+91-8869938698,False,
EMP00067,2025-03-22,Finance,Senior Analyst,39,1956673.0,4.158814671485579,+91-9137012505,True,EMP00174
EMP00394,2023-02-28,Sales,Account Executive,37,3009688.0,3.627353403260719,+91-8612363529,True,EMP00172
EMP00580,2021-01-05,Operations,COO,49,2062563.0,3.5862521595117927,+91-8750625294,True,EMP00009
EMP00025,2021-03-20,Finance,Manager,31,4488379.0,2.5875030643902344,+91-9986521741,True,EMP00134
EMP00212,2018-04-28,Operations,COO,45,415452.75,3.761940133099197,+91-9149428664,True,EMP00057
EMP01206,2023-01-13,Marketing,Campaign Manager,31,3064615.0,3.2290396782413153,,True,EMP00108
EMP00844,2016-12-07,Finance,Analyst,43,4755775.0,2.013178141218334,70824750,True,EMP00112
EMP00537,2018-07-19,Finance,Director,49,3880732.0,3.616559914889886,+91-8593998013,True,EMP00064
EMP01351,2023-09-04,HR,HR Analyst,32,3174315.0,3.7079935421967285,+91-7728292719,True,EMP00196
EMP00712,2025-07-06,Engineering,SDE II,35,2109947.0,,,True,EMP00027
EMP00086,2018-10-19,Engineering,Staff SDE,24,365386.25,3.923814387009925,+91-9126794419,True,EMP00020
EMP01405,2021-11-19,Engineering,Senior SDE,43,2442972.0,2.85845108814007,02531647,False,EMP00070
EMP00273,2016-11-21,HR,HR Analyst,35,4702283.0,4.711004190848466,+91-9712046187,True,EMP00045
EMP01168,2020-12-31,Sales,VP Sales,55,3759274.0,2.8747711140459535,+91-7116726640,True,EMP00086
EMP00711,2025-11-22,Engineering,Staff SDE,55,50113.5,4.951150884569193,+91-8852042328,True,EMP00183
EMP01406,2017-10-10,Engineering,Senior SDE,40,2744058.0,3.1353291213339256,+91-8394461329,False,EMP00042
EMP00631,2025-05-12,Engineering,Staff SDE,43,3082612.0,4.159204543717208,+91-7555122347,True,EMP00183
EMP01129,2023-12-08,Operations,Ops Analyst,50,4559028.0,2.103539159658174,+91-9606485935,True,EMP00031
EMP01455,2025-03-02,Engineering,SDE I,50,4235709.0,4.590146708213093,+91-8551925274,True,EMP00142
EMP00506,2022-07-04,Finance,Director,24,3610496.0,4.041763913861762,+91-9335721028,True,EMP00134
EMP00274,2025-05-07,Marketing,Campaign Manager,55,1067463.0,,+91-8103890260,True,EMP00060
EMP01240,2024-02-20,Engineering,SDE I,36,399775.5833333333,2.843966345246253,+91-7484070423,True,EMP00073
EMP00363,2017-11-29,Engineering,SDE II,50,2255783.0,3.7794907199537198,+91-7904555226,True,EMP00100
EMP00623,2018-08-08,Operations,Ops Manager,31,3950393.0,4.960908509351759,+91-9182686498,True,
EMP00003,2019-07-26,Operations,COO,26,3862248.0,,+91-8969077381,False,EMP00101
EMP00007,2016-09-29,Engineering,Staff SDE,29,378230.8333333333,4.379630460659397,+91-7900830152,True,EMP00048
EMP00312,2018-05-12,Engineering,SDE I,31,2157851.0,4.521300556431362,,True,EMP00007
EMP01056,2022-02-13,Marketing,CMO,30,4851995.0,4.899773533572138,+91-7943366034,True,EMP00057
EMP00713,2017-11-23,Engineering,Staff SDE,36,1768671.0,2.3817573015849045,+91-7110205323,True,EMP00013
EMP00666,2022-06-21,Finance,Director,54,1734767.0,4.200020490080144,+91-9827790962,True,EMP00143
EMP01306,2020-09-25,Engineering,SDE II,47,4085320.0,4.742003924780546,+91-7223049930,True,EMP00159
EMP00424,2017-11-22,Sales,Account Executive,44,4800849.0,4.1732654573249945,+91-7118735393,True,EMP00135
EMP00216,2020-02-28,Finance,Manager,47,2399355.0,2.6707744585972177,+91-8444415467,True,EMP00156
EMP00926,2021-09-21,Sales,SDR,49,3596178.0,4.818580039733284,+91-7909729664,True,EMP00157
EMP00028,2019-12-08,Engineering,Staff SDE,41,4580067.0,2.4954850843730743,+91-7275401872,False,EMP00079
EMP01121,2021-09-20,Finance,Director,50,2170357.0,3.677712527926204,+91-8222028499,True,EMP00186
EMP00938,2025-02-04,Operations,Ops Manager,38,3255693.0,4.432106518233381,+91-9736019345,True,EMP00121
EMP00728,2020-03-27,Operations,Ops Analyst,22,2740587.0,4.093876048566319,+91-8341526973,False,EMP00055
EMP00639,2023-07-16,Finance,Director,57,1355247.0,3.2687707819758565,+91-9024995341,True,EMP00126
EMP00810,2026-06-26,HR,HR Analyst,31,3019786.0,2.0877701643416167,+91-8642240098,True,EMP00091
EMP00692,2018-06-25,Engineering,Staff SDE,30,1271623.0,3.9622223771278526,+91-8376425452,True,EMP00050
EMP01103,2020-01-04,Engineering,SDE II,29,106056.5,2.7150374772857226,+91-9517507007,True,EMP00084
EMP00625,2022-05-01,Marketing,CMO,53,4808908.0,2.756796808881316,+91-7058241340,True,EMP00150
EMP01433,2023-11-14,Marketing,Marketing Analyst,38,1338062.0,4.86525674709151,+91-9842789721,True,EMP00163
EMP00257,2025-08-14,Finance,Senior Analyst,26,921683.0,3.797619820070079,+91-9563718891,True,EMP00033
EMP00026,2020-07-12,Engineering,Senior SDE,50,1011581.0,4.741736121137625,+91-7747067367,True,EMP00012
EMP00337,2016-10-19,Finance,Director,36,2561276.0,2.32214840779707,+91-8170537912,True,EMP00051
EMP00573,2022-11-22,Finance,Senior Analyst,41,3679283.0,4.451745632056773,+91-8572374016,True,EMP00107
EMP00048,2021-05-20,HR,HR Manager,24,3389117.0,3.5605487344462095,+91-7102076737,True,EMP00155
EMP00107,2025-10-30,Operations,COO,44,1716531.0,3.9629010224092527,+91-8723819901,True,EMP00081
EMP00350,2021-05-08,Sales,SDR,42,2173034.0,2.05243980946148,+91-8155941260,True,EMP00023
EMP00056,2016-11-08,Sales,SDR,48,3443317.0,2.2622092240370923,+91-8453870080,True,EMP00018
EMP00875,2022-03-16,Finance,Manager,50,175841.83333333334,4.067791423148256,+91-7083966850,True,EMP00096
EMP00214,2017-10-04,Marketing,Campaign Manager,56,4699179.0,2.994561564027175,+91-8355720878,False,EMP00027
EMP00121,2023-01-21,Marketing,Campaign Manager,23,1218685.0,2.253804338979509,+91-7720539887,True,EMP00091
EMP00941,2021-11-01,Engineering,SDE II,22,1584982.0,4.141123866589389,+91-7130781433,True,EMP00100
EMP00793,2019-02-23,Marketing,Campaign Manager,37,2491975.0,3.1668426965491543,+91-9836307363,True,EMP00129
EMP00073,2020-05-12,Finance,Senior Analyst,50,96867.41666666667,4.3889826296253345,+91-9867391666,True,EMP00108
EMP01353,2021-03-27,Finance,Senior Analyst,46,1345138.0,3.274069751917522,08786478,True,EMP00199
EMP00842,2026-01-25,Engineering,SDE II,49,2733273.0,3.1715082572714843,+91-9881342534,True,EMP00073
EMP01117,2024-08-06,Marketing,Marketing Analyst,30,2622609.0,3.86686582593755,+91-9340537645,True,EMP00189
EMP00046,2019-05-21,Engineering,SDE II,45,4628217.0,2.920844945702592,+91-9018217805,True,
EMP01316,2020-10-07,Sales,Account Executive,53,2003723.0,2.955318365259789,+91-7473497700,True,EMP00061
EMP00524,2025-12-05,Marketing,CMO,46,1724020.0,4.04559071475887,+91-8002196544,True,
EMP00940,2023-08-06,Marketing,Campaign Manager,30,1865116.0,2.1130147697356896,+91-9639498138,True,EMP00067
EMP01322,2020-06-04,Finance,Analyst,34,4762253.0,4.8713407678090315,+91-9861720246,True,EMP00171
EMP00977,2023-01-12,Marketing,Campaign Manager,53,1161624.0,2.9106742970303485,27124451,True,EMP00146
EMP00994,2022-09-25,Finance,Director,38,2051670.0,4.54859311127422,+91-8751273400,True,EMP00094
EMP00534,2020-11-23,Finance,Manager,24,2255344.0,4.486045066907663,+91-7242009865,True,
EMP01182,2018-09-25,Operations,COO,27,4679314.0,2.862034582206838,+91-7750926286,False,EMP00044
EMP00604,2020-07-05,Marketing,Marketing Analyst,36,845062.0,3.480829588435869,+91-7729031010,True,
EMP00466,2018-05-17,Engineering,SDE I,49,972540.0,2.2120883179946973,+91-8843598062,True,EMP00042
EMP00882,2017-05-28,Engineering,Senior SDE,41,4285930.0,2.137488478735638,73145368,True,EMP00119
EMP01330,2020-03-18,HR,VP HR,50,3782601.0,4.402847282231683,+91-8872225875,True,EMP00105
EMP00839,2022-06-22,Engineering,Staff SDE,54,3667293.0,3.287887843626846,+91-8370148829,True,EMP00147
EMP01024,2021-01-08,Operations,Ops Manager,50,2505163.0,4.286635925765903,+91-8600810594,True,EMP00131
EMP00061,2017-04-10,Marketing,Campaign Manager,22,4697292.0,,22374603,True,EMP00122
EMP01126,2022-05-17,Finance,Manager,25,3223006.0,2.8689462482937884,+91-7034927353,False,EMP00192
EMP00093,2023-07-11,Engineering,SDE I,30,3379274.0,3.9971046106299095,+91-9923096003,True,
EMP00667,2026-02-25,Sales,SDR,27,1164172.0,2.2185680303863995,+91-8801825410,True,EMP00009
EMP00758,2021-12-05,Marketing,Marketing Analyst,55,3578301.0,,+91-7202756114,True,EMP00033
EMP00195,2022-04-27,Engineering,SDE I,30,1604736.0,4.363421993499166,+91-9687064859,True,
EMP00281,2020-12-16,Sales,VP Sales,51,1645687.0,4.003584433962506,+91-7618861248,True,EMP00119
EMP00696,2022-01-29,HR,VP HR,44,1229799.0,3.5935629486601925,+91-9479787528,False,EMP00005
EMP00360,2024-05-18,Marketing,CMO,23,4856592.0,3.297381373968229,+91-9020207192,True,EMP00074
EMP00520,2019-11-27,Finance,Analyst,24,1682729.0,,,True,EMP00165
EMP01304,2023-08-12,Sales,SDR,27,3630637.0,,41874062,True,EMP00042
EMP01494,2018-11-29,HR,HR Analyst,53,2869624.0,4.973654320082661,+91-9080767921,True,EMP00126
EMP00183,2019-10-20,HR,HR Analyst,56,1807385.0,2.1882234738323594,+91-9981229316,True,EMP00153
EMP01066,2020-12-16,Sales,SDR,37,137597.25,3.5030483335242986,+91-8274799084,False,EMP00177
EMP01075,2019-08-31,Sales,Account Executive,52,1647492.0,4.045143589709889,87418724,True,EMP00149
EMP00111,2017-11-27,Engineering,Senior SDE,39,2205301.0,4.771160774966239,18327807,True,EMP00063
EMP00899,2026-06-15,Sales,Account Executive,48,1374842.0,2.2635124826319397,+91-7133022767,True,EMP00140
EMP00043,2026-06-05,Engineering,Senior SDE,37,619118.0,4.71783358754453,+91-7145676137,True,EMP00057
EMP00747,2017-05-02,HR,HRBP,37,4518293.0,2.349429362196865,+91-9035374521,True,EMP00038
EMP00991,2019-07-07,Sales,Sales Manager,48,3321991.0,4.302245308597414,+91-8354432567,True,EMP00148
EMP00205,2024-06-16,Finance,Director,37,2897169.0,2.0284744757287476,+91-9696478554,True,EMP00030
EMP00889,2019-07-18,Operations,Ops Manager,45,3615646.0,4.158232101823464,+91-9991789472,True,EMP00117
EMP00053,2025-10-30,HR,HR Manager,30,4420630.0,4.344005414362736,+91-7873870928,True,EMP00113
EMP01170,2018-04-13,Marketing,Marketing Analyst,23,4658711.0,,+91-9571972063,True,EMP00007
EMP00546,2025-08-26,Marketing,Marketing Analyst,37,370948.1666666667,2.0329234277564776,+91-9119620033,True,EMP00037
EMP00069,2022-12-07,Marketing,Marketing Analyst,55,3058056.0,3.9107628570731494,+91-8980128543,True,EMP00088
EMP00969,2022-10-16,Engineering,SDE I,32,3089997.0,2.1115992052476518,+91-9518321161,True,EMP00104
EMP00927,2017-12-25,Finance,Director,40,4117510.0,,+91-8402290489,True,EMP00049
EMP00813,2023-03-05,Finance,Manager,40,389514.1666666667,2.916137149749892,+91-7644031832,True,EMP00151
EMP00184,2018-07-16,HR,VP HR,27,1714943.0,2.2134875838588464,+91-7322489581,True,EMP00115
EMP00138,2026-07-01,Marketing,CMO,38,4099594.0,4.115104154591881,+91-7662504684,True,EMP00131
EMP00133,2022-06-12,HR,HR Analyst,56,227888.75,,,True,EMP00093
EMP00081,2023-06-22,Operations,Ops Manager,56,2719754.0,2.034670328224864,+91-9417572571,True,
EMP01263,2021-10-25,Marketing,CMO,54,3829078.0,4.180233830255023,+91-7951294717,True,EMP00077
EMP00106,2025-04-05,Sales,Account Executive,31,4145404.0,4.900101929227646,+91-8383224781,False,EMP00138
EMP01210,2017-03-11,Engineering,Senior SDE,49,419918.0,4.146096663782286,+91-8777168284,True,EMP00132
EMP00542,2017-12-24,Finance,Manager,25,4119649.0,,+91-9999814160,False,EMP00138
EMP00797,2026-07-29,Finance,Analyst,51,2022617.0,,+91-8714295284,True,EMP00104
EMP00481,2019-10-17,Finance,Analyst,39,4643129.0,4.3712889680392175,+91-8349251088,True,EMP00016
EMP00166,2016-11-03,Sales,VP Sales,51,3567175.0,2.2578169291007884,+91-9032642987,False,EMP00082
EMP00249,2024-01-16,Sales,Sales Manager,29,656852.0,3.7308710977468578,+91-8139728030,True,EMP00177
EMP00308,2019-09-02,Finance,Senior Analyst,56,4290338.0,2.479602255570293,+91-7163239074,True,EMP00078
EMP00447,2017-08-22,Engineering,Senior SDE,35,2733034.0,2.7200848393690875,+91-8845108250,True,EMP00109
EMP01430,2019-07-25,Finance,Director,39,3384050.0,4.989583457423898,+91-8228412756,False,EMP00070
EMP00335,2020-03-20,HR,HRBP,40,469393.0,3.2270127377876614,+91-7263265152,True,EMP00014
EMP00098,2017-06-06,Engineering,Senior SDE,29,1802416.0,4.8801141696074355,+91-8551587060,True,EMP00054
EMP00820,2019-08-15,HR,HR Manager,45,717890.0,,,True,EMP00023
EMP00738,2024-01-18,HR,VP HR,48,4062437.0,2.472873262196307,+91-8236303268,True,EMP00125
EMP00949,2018-09-18,HR,HRBP,28,881388.0,4.545303603637743,+91-9296382782,True,EMP00004
EMP00906,2018-12-24,Sales,Sales Manager,25,4170491.0,2.477507886624453,+91-7613451216,True,EMP00088
EMP01019,2024-07-16,Finance,Senior Analyst,48,4201850.0,3.0160556081109093,+91-9533623120,True,EMP00018
EMP00103,2024-03-16,Engineering,Staff SDE,57,213742.08333333334,3.193810730176459,+91-9334993985,True,EMP00185
EMP00435,2026-01-08,Sales,VP Sales,27,2642686.0,4.590686415890678,+91-7438963826,True,EMP00014
EMP00075,2016-10-17,Marketing,Campaign Manager,47,3589337.0,4.619710556703892,+91-7673793413,True,EMP00156
EMP01396,2023-10-18,Sales,SDR,31,3848423.0,4.03109735941078,+91-8219173804,True,
EMP01042,2021-03-19,Marketing,Campaign Manager,55,1298047.0,2.535277195394953,+91-9754023349,True,EMP00188
EMP01415,2019-06-17,Sales,Account Executive,23,690807.0,4.935882395708932,+91-8914178746,True,EMP00055
EMP00303,2023-08-14,Finance,Manager,39,1982832.0,3.787241286271662,+91-9256985129,True,EMP00126
EMP01346,2023-11-23,Marketing,Campaign Manager,37,3276676.0,2.761653225351356,+91-7633777095,True,EMP00182
EMP01315,2021-09-21,Operations,Ops Manager,34,1642796.0,3.977800096475931,+91-8816104408,True,EMP00020
EMP01274,2021-01-15,Finance,Senior Analyst,22,3072007.0,2.2012744787756207,+91-8203065661,True,EMP00035
EMP00763,2026-05-13,Sales,Account Executive,42,1427751.0,4.697586567557688,+91-8306063788,True,EMP00148
EMP00734,2022-06-13,Operations,COO,47,4860329.0,4.636180913566599,+91-8638721460,True,EMP00061
EMP00389,2025-10-03,Finance,Analyst,32,1426193.0,,+91-7638345354,True,
EMP00236,2024-02-14,Marketing,Marketing Analyst,38,3724479.0,4.679745873784618,+91-7199416989,True,EMP00044
EMP01297,2024-03-21,Marketing,Marketing Analyst,30,4902967.0,2.9913287049950776,+91-7342032315,True,EMP00199
EMP00268,2025-09-27,Operations,COO,45,414489.5,3.922053588923771,+91-8924611812,True,
EMP00306,2018-11-22,Sales,Account Executive,43,4722777.0,2.472132268034388,+91-7681299138,True,EMP00190
EMP01101,2018-08-12,HR,VP HR,49,4474864.0,3.259964482821565,66141875,True,EMP00033
EMP00118,2019-06-19,Engineering,SDE I,46,3969030.0,2.0937544733325972,+91-7384510276,True,EMP00029
EMP01262,2022-10-31,Operations,Ops Manager,30,1851880.0,2.657874964637157,+91-9427246641,True,EMP00153
EMP00674,2025-08-18,Marketing,CMO,32,2155978.0,3.044820013033871,55858414,True,
EMP00250,2026-01-25,HR,HR Analyst,37,1631040.0,2.2972146622211183,+91-7027389832,True,EMP00169
EMP01134,2022-01-05,Engineering,Senior SDE,56,3264112.0,4.627164303705129,+91-8948195825,True,EMP00051
EMP01118,2020-05-05,HR,HR Manager,57,1644020.0,4.0258286484478,+91-9329211957,True,EMP00117
EMP00072,2025-11-15,Marketing,Marketing Analyst,26,463189.0,4.046486097027208,+91-9922571821,True,EMP00189
EMP00095,2025-05-02,Engineering,Senior SDE,52,2287131.0,4.255763502079094,+91-9025723968,True,EMP00189
EMP00918,2023-03-03,Engineering,Staff SDE,47,3317682.0,4.989053674563687,+91-7710707679,True,EMP00176
EMP00034,2025-03-01,Sales,VP Sales,49,3431394.0,2.1822521595899067,+91-8294157664,True,EMP00168
EMP00800,2017-07-13,Operations,COO,57,2765776.0,2.7231208542973673,+91-8744884607,True,EMP00167
EMP01296,2024-11-13,Operations,Ops Manager,50,4429097.0,4.4482524815802424,+91-9385287564,True,
EMP00449,2018-11-11,HR,HR Manager,39,3952899.0,4.135454103072363,+91-9985806418,True,EMP00104
EMP00446,2024-08-02,Operations,Ops Analyst,46,4222991.0,4.881712067154634,+91-9584459746,True,EMP00051
EMP00772,2018-08-04,Sales,Sales Manager,55,3821702.0,3.4742099633770698,+91-9207877143,True,EMP00167
EMP00717,2020-07-29,HR,HR Manager,41,343486.75,2.7883549048329774,+91-9634059233,True,EMP00175
EMP00959,2025-07-31,Engineering,SDE I,44,1030062.0,3.8119874617254794,+91-9997290712,True,EMP00093
EMP01189,2019-12-04,Marketing,Marketing Analyst,32,1068696.0,3.2692244810668876,+91-8516816110,True,EMP00007
EMP01200,2017-04-01,Engineering,SDE II,45,2000339.0,4.459353048237042,+91-9403749426,True,
EMP01357,2020-12-01,Marketing,CMO,39,4818594.0,4.338263830219336,+91-9938911616,True,EMP00146
EMP00078,2018-11-28,Sales,VP Sales,22,1663894.0,,+91-9066339375,True,
EMP00085,2022-01-05,Operations,Ops Analyst,22,262965.3333333333,2.2751548833025033,+91-9152270346,True,EMP00156
EMP00904,2023-03-06,HR,HR Analyst,57,3414926.0,2.4609718651279877,46713850,True,EMP00179
EMP00083,2022-03-26,Finance,Director,29,2237588.0,2.9852061017415803,+91-9715880752,True,EMP00040
EMP00458,2023-11-13,Sales,VP Sales,47,3255996.0,2.339946817708487,+91-9405808346,False,EMP00193
EMP00995,2017-07-16,HR,HR Analyst,56,82659.5,4.470896879272419,+91-9943966285,True,EMP00085
EMP00677,2023-12-23,Engineering,SDE II,33,1191489.0,2.8893401494328113,+91-8819173111,True,EMP00161
EMP01499,2017-08-12,Finance,Manager,50,804336.0,2.143612128795893,+91-9380056104,True,EMP00186
EMP01193,2026-07-15,Operations,Ops Manager,41,813393.0,2.2040117812154327,+91-7612946083,True,EMP00126
EMP00437,2017-09-18,Operations,Ops Analyst,39,1849440.0,4.860740306022756,+91-8219584617,True,EMP00014
EMP00771,2019-01-14,HR,HR Analyst,25,2597534.0,2.610542759100549,+91-8646385124,True,EMP00162
EMP00645,2020-11-21,Operations,COO,49,4466849.0,3.7314844396477005,+91-9653901251,True,EMP00097
EMP01041,2019-10-26,Operations,Ops Manager,32,3782887.0,4.185895131631185,+91-7970890716,True,EMP00014
EMP01341,2018-06-03,Engineering,SDE I,50,4851955.0,2.6308219831125736,+91-7829506940,False,EMP00191
EMP01422,2018-01-09,HR,HR Manager,36,904496.0,2.9107099041224522,+91-9720921517,True,EMP00163
EMP01164,2018-09-11,Finance,Senior Analyst,51,2684553.0,,+91-9278489872,True,EMP00149
EMP00405,2020-06-21,Operations,Ops Manager,41,4086228.0,4.157618942114658,+91-8707776941,True,EMP00107
EMP01356,2021-08-25,Sales,Account Executive,35,1377905.0,2.9857826203101423,+91-9783757785,True,EMP00013
EMP01010,2025-09-08,Finance,Senior Analyst,42,2373987.0,4.437126972238513,+91-9081433910,True,EMP00001
EMP01241,2025-07-22,Marketing,Marketing Analyst,33,3007301.0,3.722600090373804,+91-7972652673,True,EMP00160
EMP00105,2024-01-17,Marketing,CMO,40,4668555.0,4.139301743858134,+91-8949899266,True,EMP00133
EMP00610,2024-07-15,Sales,Sales Manager,52,1840383.0,3.393630560885002,+91-8472791976,True,EMP00188
EMP00901,2021-07-22,Operations,Ops Manager,55,2337302.0,4.349199594329295,+91-9223370459,False,EMP00053
EMP00689,2026-05-29,Engineering,SDE I,49,1631170.0,2.1522064181566836,+91-7887191395,True,EMP00125
EMP01025,2025-11-21,Finance,Director,54,807750.0,3.9274626389881764,+91-7844290016,True,EMP00069
EMP00827,2025-11-02,Operations,COO,38,283750.1666666667,,+91-8466816493,True,EMP00096
EMP01190,2026-01-21,Marketing,CMO,42,3807936.0,4.95164885235267,+91-9500047211,True,EMP00105
EMP01008,2017-10-14,Sales,VP Sales,50,4743709.0,4.570005065019938,+91-7863200148,True,EMP00093
EMP00063,2024-10-24,Engineering,Staff SDE,57,2057235.0,3.8971035014257613,+91-7214755642,True,EMP00023
EMP00282,2017-05-06,Marketing,CMO,44,1964663.0,3.4148006621322984,+91-8346227059,True,EMP00025
EMP00853,2019-06-11,Finance,Analyst,53,4765444.0,2.2984454584699323,+91-9796778187,False,EMP00043
EMP00779,2024-09-25,Engineering,SDE I,55,2297046.0,4.812285938086185,+91-9232328394,True,EMP00102
EMP01054,2026-02-15,Engineering,SDE II,23,180824.58333333334,4.90088414568644,+91-9929567863,True,EMP00083
EMP00239,2023-01-12,Operations,Ops Manager,29,2930858.0,4.003522558610242,+91-7479185783,True,EMP00191
EMP00224,2020-07-20,Sales,Account Executive,51,363217.0833333333,4.368065390280141,+91-7974297212,True,EMP00070
EMP00146,2018-07-06,HR,VP HR,34,4414662.0,2.6822218092043544,+91-7671282364,True,EMP00082
EMP01454,2026-05-07,HR,HRBP,40,2122490.0,3.4698693490178156,+91-9411858357,True,EMP00159
EMP00374,2017-03-16,Marketing,Marketing Analyst,39,4567077.0,2.4703930945058095,+91-8024623909,True,EMP00103
EMP01279,2025-02-05,Finance,Analyst,48,3756173.0,3.9185970187781174,+91-8804424766,True,EMP00138
EMP00119,2017-08-16,Operations,COO,47,3245303.0,4.897968600053878,75648857,True,EMP00150
EMP01328,2019-12-29,Marketing,Campaign Manager,42,4638530.0,2.8427479283154664,+91-9163060828,True,EMP00030
EMP01169,2021-09-06,Sales,SDR,50,4194382.0,2.6483204011175596,+91-8862462606,True,EMP00164
EMP00251,2017-03-28,Engineering,Senior SDE,36,4328398.0,3.6159747338065262,+91-7048444012,True,EMP00012
EMP01369,2019-10-10,Engineering,Staff SDE,31,4059818.0,4.541155282917114,+91-9525805632,True,EMP00157
EMP01259,2019-03-30,Engineering,Senior SDE,39,128691.91666666667,2.3849418802834936,+91-9031740654,True,EMP00161
EMP00966,2018-07-13,Engineering,SDE I,41,81242.33333333333,4.83896306107979,+91-9956126771,True,EMP00075
EMP00010,2021-08-19,Engineering,Senior SDE,28,2964616.0,2.0897688134183032,+91-7126580579,True,EMP00015
EMP00450,2025-11-10,HR,HR Manager,39,3921127.0,2.4202695101843186,+91-8867512391,True,EMP00032
EMP01269,2017-04-10,Marketing,CMO,55,830733.0,2.486308990857749,72177164,True,EMP00173
EMP00709,2024-08-11,Finance,Director,43,1055875.0,2.9443826355306273,+91-9762704191,True,
EMP00256,2024-06-18,Sales,VP Sales,29,76748.66666666667,4.6115008156159565,+91-9541043706,True,EMP00167
EMP00883,2019-03-07,Operations,COO,27,3461180.0,2.4757621936842633,+91-8287215179,True,EMP00045
EMP00594,2021-05-22,Finance,Manager,48,2770997.0,4.3114555207689484,+91-7186044859,True,EMP00174
EMP00390,2019-03-21,Sales,Account Executive,27,902704.0,,+91-9117219696,True,EMP00105
EMP01229,2026-01-07,Marketing,CMO,32,1282107.0,2.791545917489186,+91-9038218801,True,EMP00191
EMP01291,2017-02-20,Engineering,Senior SDE,43,2027427.0,3.910259793511462,+91-7942619455,False,EMP00078
EMP00558,2026-03-04,Operations,Ops Analyst,55,4975098.0,,+91-8807337873,True,EMP00102
EMP01340,2024-03-30,Engineering,SDE II,56,1550491.0,4.216213132244281,+91-7041883348,True,EMP00138
EMP00910,2020-11-11,HR,HRBP,41,777133.0,3.3231541398649087,+91-9490271929,True,EMP00176
EMP00461,2022-02-17,HR,HR Analyst,36,2294824.0,4.164450208447985,+91-9180357482,True,EMP00193
EMP00724,2022-11-30,Engineering,Senior SDE,56,2089430.0,4.377256428608095,+91-8514182366,True,EMP00055
EMP01437,2023-11-08,Marketing,Marketing Analyst,54,4569694.0,4.151198342418993,+91-8956965265,True,EMP00077
EMP00145,2022-04-12,Sales,Sales Manager,27,1590147.0,3.879514525599098,+91-8511366414,True,EMP00174
EMP00502,2017-10-24,Engineering,SDE I,48,1048957.0,4.382651410101117,82873585,True,EMP00026
EMP01231,2017-04-18,Marketing,CMO,33,3103313.0,2.7274765074668545,+91-7690755695,False,EMP00117
EMP00740,2022-07-31,Marketing,Campaign Manager,46,3319927.0,4.445155066535734,82002546,True,
EMP01440,2017-04-14,HR,HR Manager,26,1375047.0,4.556984033960338,+91-9930424361,True,EMP00059
EMP00869,2018-01-09,Engineering,SDE II,26,2243809.0,3.373733543542745,+91-8333459899,True,EMP00180
EMP00732,2025-08-05,Finance,Manager,22,4622288.0,4.359040488529777,+91-8714219533,False,EMP00072
EMP00540,2023-12-19,Sales,Sales Manager,34,1053731.0,3.184833004724125,+91-9782584872,True,EMP00048
EMP00178,2024-07-05,Engineering,SDE I,32,115986.08333333333,2.0150984864363357,+91-7488163969,True,EMP00001
EMP00414,2017-02-15,Engineering,Senior SDE,24,1325079.0,3.6490463663502326,+91-9054485099,True,EMP00009
EMP00698,2016-09-27,HR,HR Manager,30,4422433.0,2.6154265016430256,80102784,True,EMP00089
EMP01314,2025-02-14,Engineering,SDE I,49,3013235.0,3.7171019580551774,+91-9363313066,True,EMP00189
EMP01449,2022-04-06,Finance,Director,31,3341774.0,2.168208357159328,+91-9849024944,True,EMP00052
EMP00947,2017-02-01,Engineering,Senior SDE,56,4099745.0,4.347967206350658,+91-9980453850,True,EMP00148
EMP00974,2020-01-25,Sales,VP Sales,30,1951839.0,4.681619549857895,+91-7872424848,True,
EMP01141,2017-08-05,Marketing,Campaign Manager,34,2254973.0,3.735164475547725,+91-7861522515,True,EMP00146
EMP00008,2021-02-14,Operations,COO,50,3032323.0,2.307307726348999,+91-9787471952,True,EMP00017
EMP00964,2019-12-23,Engineering,SDE II,33,3400494.0,3.451995337210651,+91-9649215382,True,EMP00163
EMP00668,2019-09-10,Engineering,Staff SDE,30,4762047.0,3.1208048965201574,+91-9990073579,True,EMP00079
EMP01207,2024-10-14,Operations,Ops Manager,38,3039335.0,2.7320532069256425,+91-8679664937,True,EMP00155
EMP00358,2017-11-29,Engineering,SDE I,28,3899665.0,4.610889026208999,+91-9921645336,True,EMP00174
EMP00784,2025-09-02,HR,HRBP,45,748298.0,3.4367506757005133,+91-8001905920,True,EMP00052
EMP00736,2020-03-31,Operations,Ops Analyst,26,3084727.0,4.557363610200336,+91-7612936050,True,EMP00084
EMP00330,2023-04-24,Sales,Account Executive,29,1158298.0,2.0857765773952606,+91-9536734685,True,EMP00054
EMP01158,2023-11-28,Sales,Account Executive,39,2564592.0,4.596435631807835,+91-7426596061,True,EMP00095
EMP01403,2023-02-07,Marketing,Campaign Manager,23,1486111.0,4.102659384313884,+91-7574738657,True,EMP00007
EMP01162,2025-03-06,HR,HRBP,29,3844909.0,3.7837929187259776,+91-7570717709,True,EMP00195
EMP00259,2020-03-20,Finance,Analyst,53,2875995.0,4.83307227763313,30224128,True,EMP00186
EMP01365,2022-05-09,Sales,SDR,43,3931665.0,2.907624075787117,+91-7248000834,True,EMP00163
EMP01223,2017-05-30,Engineering,SDE I,27,397647.25,4.295694201763227,28851106,True,EMP00089
EMP00373,2018-11-12,Engineering,SDE II,24,644872.0,2.8889338636143864,+91-7349770182,False,EMP00086
EMP01147,2017-12-14,HR,HR Manager,45,909996.0,4.412705814469572,+91-7763122876,True,EMP00118
EMP01002,2025-08-14,Finance,Analyst,39,4973580.0,3.554699313828208,+91-9009465476,True,EMP00003
EMP00143,2016-11-30,Engineering,SDE I,50,3376071.0,4.54707005923823,+91-9099543882,True,EMP00146
EMP00526,2020-08-08,Sales,Sales Manager,28,2615820.0,4.600179778199674,+91-9296859734,True,EMP00148
EMP01183,2019-05-07,HR,HR Analyst,41,1923266.0,3.664611759773563,+91-9163155367,True,EMP00151
EMP00233,2023-12-30,Finance,Senior Analyst,32,4600101.0,3.8246996717901585,+91-8930823645,True,EMP00156
EMP01166,2021-09-29,Marketing,Marketing Analyst,45,2337615.0,3.8861707610034726,+91-8842143222,True,EMP00137
EMP01493,2017-04-08,HR,HR Analyst,38,3067527.0,3.6246647330218815,+91-9388516030,True,EMP00033
EMP00441,2025-04-12,Engineering,Senior SDE,33,4140377.0,3.925231473170157,+91-8938019426,True,EMP00118
EMP00532,2026-07-23,Finance,Analyst,36,4656984.0,3.7206027308020917,+91-8508181666,True,EMP00178
EMP01252,2020-03-02,Marketing,Campaign Manager,34,3993674.0,3.3684589496567794,+91-9724719031,True,EMP00156
EMP00227,2026-03-12,Engineering,SDE I,50,1919189.0,3.7476596872251915,+91-9857930861,True,EMP00167
EMP01074,2020-05-29,Engineering,SDE I,56,674141.0,,+91-9851214217,True,EMP00054
EMP00229,2017-12-12,Engineering,Senior SDE,31,1433212.0,2.537456421432365,,True,EMP00173
EMP01332,2018-02-04,Finance,Director,31,3059443.0,2.6204740938580535,+91-7958429942,True,
EMP01350,2022-04-18,Sales,SDR,28,1058274.0,3.690207019282256,+91-8678935603,True,EMP00132
EMP00213,2023-01-20,Engineering,SDE I,42,1032826.0,3.1905572037346435,+91-7062395467,True,EMP00060
EMP00886,2018-01-28,Finance,Analyst,42,2777767.0,,+91-8817315131,True,EMP00046
EMP00080,2023-05-30,Engineering,SDE II,54,3569146.0,4.686234408191778,+91-9703956250,True,EMP00034
EMP00149,2023-04-28,Sales,Sales Manager,57,144928.83333333334,,+91-8390965363,True,EMP00115
EMP00815,2025-08-30,Engineering,SDE II,55,452702.0,2.145157256491603,+91-7781107204,True,EMP00012
EMP00980,2021-12-01,Operations,Ops Analyst,56,4685233.0,2.393077558235457,+91-7641403467,False,EMP00036
EMP00989,2019-04-23,Operations,COO,32,4787621.0,3.9658569628577895,84444722,False,EMP00156
EMP00672,2021-10-05,Operations,COO,52,3638849.0,2.6886129649272537,+91-8678870800,True,EMP00034
EMP01202,2026-02-26,Finance,Senior Analyst,48,2998842.0,3.0141397119777373,+91-9722740035,True,EMP00186
EMP00556,2023-02-03,Engineering,SDE II,44,1181507.0,,+91-7733331854,True,EMP00116
EMP00984,2024-06-27,Engineering,SDE II,45,425951.0,4.109282712453856,+91-8485301361,True,EMP00169
EMP00134,2019-04-26,Sales,Account Executive,44,509968.0,3.92408665387074,81674068,True,EMP00077
EMP01152,2017-06-16,Marketing,Campaign Manager,45,494554.0,3.4069967411244444,+91-7920655782,True,EMP00014
EMP00934,2022-05-02,Sales,SDR,50,1975556.0,3.3047009417440965,+91-9164425492,True,EMP00028
EMP01325,2023-12-27,Finance,Senior Analyst,37,2991412.0,,+91-9459129413,True,EMP00069
EMP00824,2023-05-30,Sales,SDR,23,1103667.0,2.1040324488611355,+91-9058487513,True,EMP00061
EMP00409,2019-02-25,Operations,COO,43,1226750.0,2.8245853589170964,,True,EMP00057
EMP00369,2017-09-23,Operations,Ops Analyst,35,4963117.0,,,True,EMP00169
EMP00508,2020-03-04,Operations,Ops Manager,22,414639.1666666667,3.301929472928382,+91-7602229857,True,EMP00106
EMP01230,2023-06-14,Engineering,Senior SDE,30,127749.83333333333,3.339320437819513,+91-8701291790,True,EMP00141
EMP00505,2022-02-18,Engineering,SDE I,57,1558347.0,3.09367731974604,+91-7755013861,True,EMP00082
EMP01385,2017-08-23,Marketing,Campaign Manager,38,3334509.0,4.103842802942186,+91-8057476672,True,
EMP00348,2026-02-28,Sales,Account Executive,57,3772529.0,2.6740237685558594,+91-8785069853,True,EMP00124
EMP01380,2017-11-06,Operations,Ops Analyst,38,726016.0,3.9684849470249874,+91-7130912883,False,EMP00184
EMP00387,2023-12-08,Finance,Manager,48,2879015.0,,+91-8455032400,True,EMP00017
EMP00001,2017-07-06,Finance,Manager,29,568961.0,4.953842245475919,+91-7721967087,True,EMP00168
EMP01038,2023-09-18,Engineering,SDE I,30,3649122.0,4.977033631515402,+91-8465279260,True,EMP00170
EMP00361,2024-03-26,Marketing,Campaign Manager,36,138908.25,2.711427705527425,+91-9409538491,True,EMP00081
EMP00895,2026-06-19,HR,HRBP,43,704214.0,2.6290418115609797,11773615,True,EMP00062
EMP00829,2017-12-25,Sales,Account Executive,51,1573447.0,4.13681681097643,+91-9522287806,True,EMP00126
EMP01471,2025-01-10,Sales,SDR,39,4064243.0,2.094793103596899,28823278,True,EMP00049
EMP00476,2026-07-23,Marketing,CMO,28,4259018.0,2.4801306405266828,,True,EMP00115
EMP01337,2022-12-02,Engineering,Staff SDE,33,4983680.0,2.828576817653781,+91-9093473357,False,EMP00089
EMP00058,2016-11-26,Sales,SDR,29,1795060.0,3.2521058203290343,+91-8353219505,True,EMP00017
EMP00638,2024-04-04,Engineering,Senior SDE,45,2821855.0,3.7149953461542835,+91-8214375275,True,EMP00076
EMP01359,2021-11-15,Sales,VP Sales,35,2674946.0,2.516576359516412,+91-9215053057,True,EMP00003
EMP01091,2022-08-26,Marketing,CMO,52,1761019.0,3.7472876827231545,+91-7489509424,True,EMP00091
EMP00653,2021-07-01,Engineering,Staff SDE,31,3574398.0,3.128476024300499,+91-9806031967,True,EMP00155
EMP00173,2025-01-15,Marketing,Marketing Analyst,48,4709399.0,3.261477624690329,,False,EMP00013
EMP00451,2017-02-03,Marketing,CMO,50,4654637.0,4.779475078154314,+91-9589204816,True,EMP00172
EMP00126,2017-10-24,Marketing,Marketing Analyst,25,4058399.0,4.426662482651855,,True,EMP00090
EMP00039,2019-09-18,Marketing,Campaign Manager,55,678694.0,,+91-8132221863,True,EMP00189
EMP00531,2024-01-06,HR,HRBP,35,191648.16666666666,2.9482595077675873,+91-8086070796,True,EMP00135
EMP00858,2019-04-06,Engineering,SDE II,53,3957997.0,2.0870791798379513,+91-8520469346,True,EMP00098
EMP00714,2026-03-20,Operations,COO,36,1489762.0,4.508870542825208,+91-9178078602,True,EMP00018
EMP00091,2025-03-22,Marketing,CMO,41,1021746.0,4.138176273114778,+91-7067184756,True,EMP00108
EMP00742,2020-07-13,Sales,SDR,39,2366042.0,3.913835537885234,66175115,True,EMP00139
EMP00182,2018-04-22,Marketing,Campaign Manager,38,3242586.0,2.6987687697232943,+91-9874900043,False,EMP00068
EMP00876,2020-08-13,Marketing,Marketing Analyst,24,4053998.0,3.430599347248611,+91-8177613291,True,EMP00005
EMP01390,2019-12-03,Finance,Manager,36,2902561.0,3.8004736074370316,+91-7267507257,True,
EMP00787,2021-05-21,Engineering,Senior SDE,26,1193077.0,4.2226467857871945,+91-9027043064,True,EMP00017
EMP00415,2017-12-09,Finance,Senior Analyst,46,2650320.0,3.7640117994648454,57518345,False,EMP00011
EMP00252,2018-06-03,HR,HR Analyst,47,1039984.0,3.9964592992790737,,False,EMP00117
EMP00070,2020-03-09,HR,HRBP,24,3677650.0,3.1068493472105994,+91-9082694322,True,EMP00028
EMP00804,2024-11-05,Sales,SDR,52,1799650.0,4.728554402281596,+91-9510087265,True,EMP00176
EMP00132,2021-05-07,Engineering,SDE I,30,3914113.0,3.621970002991219,+91-9381923720,True,EMP00025
EMP00301,2019-01-06,HR,VP HR,53,2886861.0,2.1222237701138376,+91-8872593300,True,EMP00015
EMP01211,2022-09-11,Engineering,SDE I,35,220836.0,4.4658683435895945,+91-8032558984,True,EMP00141
EMP00327,2020-07-12,Engineering,Staff SDE,41,4130265.0,,+91-7716168467,True,EMP00083
EMP01250,2024-09-09,HR,HRBP,36,918902.0,4.661857044829231,+91-7603077505,True,EMP00024
EMP01157,2023-06-01,Engineering,SDE II,23,1836751.0,4.870051542078186,+91-9933834219,True,EMP00149
EMP00500,2018-11-20,Marketing,CMO,27,4058007.0,3.0316113122639243,+91-8009985806,True,EMP00175
EMP00342,2017-07-11,Marketing,CMO,33,1836621.0,2.0657902572599895,+91-8243140709,True,EMP00063
EMP00833,2021-11-20,Finance,Senior Analyst,39,1883142.0,3.7972135980782347,+91-9575377341,True,EMP00080
EMP00365,2026-01-27,Engineering,Senior SDE,41,411391.0,2.436147680937917,+91-8053611444,True,EMP00025
EMP00496,2021-01-31,Sales,Sales Manager,42,3779785.0,2.654760265378737,+91-9326233667,True,EMP00023
EMP01450,2022-12-30,Finance,Analyst,44,3017232.0,3.522415176220684,+91-9309932135,True,EMP00069
EMP00339,2017-12-22,Finance,Senior Analyst,46,3845383.0,3.010959470065419,+91-8091090685,True,EMP00143
EMP00422,2023-01-01,Finance,Director,45,1281622.0,3.5782301158198564,+91-8976687440,True,EMP00071
EMP00165,2017-09-19,Marketing,CMO,53,2582059.0,3.9456815777579206,+91-7475184394,True,EMP00139
EMP00029,2019-04-08,Finance,Senior Analyst,33,1761344.0,4.991173487191584,+91-7397307958,True,EMP00100
EMP00517,2023-03-15,Engineering,SDE II,34,669712.0,4.252366835890619,+91-8608149844,True,EMP00096
EMP00194,2023-06-21,Marketing,CMO,57,798198.0,2.1417620474277714,+91-7878239896,True,EMP00006
EMP01036,2025-06-27,Finance,Manager,23,4667120.0,2.761883374827086,+91-8915466471,True,EMP00090
EMP01417,2024-04-07,Finance,Senior Analyst,34,4269958.0,3.1245676755705647,+91-8725443082,True,EMP00054
EMP00946,2022-04-19,HR,VP HR,46,3801223.0,2.1261871918174933,+91-8633858205,True,EMP00029
EMP00170,2019-01-25,HR,HR Manager,40,3482214.0,4.315389073028534,+91-9906049608,True,EMP00060
EMP00913,2017-06-05,HR,VP HR,26,1244961.0,4.890810203414863,+91-7555355892,True,EMP00019
EMP00492,2017-10-21,Engineering,Senior SDE,48,1077058.0,4.552308280707784,+91-9836635641,True,EMP00078
EMP00954,2026-04-20,Sales,VP Sales,45,3981464.0,4.5987831349385,+91-8645957606,True,EMP00134
EMP00588,2022-09-05,Marketing,Campaign Manager,25,2125509.0,3.852563645974351,+91-7754893282,False,EMP00088
EMP00751,2025-02-01,Engineering,Senior SDE,41,3919481.0,2.8477800371346977,+91-7291233194,True,EMP00040
EMP00658,2021-02-20,Marketing,Campaign Manager,53,1999953.0,3.5350498793609524,+91-8153442926,True,EMP00123
EMP00235,2018-07-07,Sales,SDR,24,3423606.0,3.0005724755030103,,True,EMP00019
EMP00733,2026-07-04,Operations,COO,28,2502197.0,4.06728950048694,+91-7054624875,True,EMP00092
EMP01336,2019-03-07,HR,HR Manager,24,846476.0,3.1156591501719335,+91-7334267550,True,EMP00017
EMP01278,2022-01-23,Engineering,SDE I,55,1239433.0,3.3331170055476296,+91-7215070807,True,EMP00057
EMP00935,2023-05-05,Operations,COO,57,1520425.0,4.354375154343074,+91-7327110924,True,EMP00141
EMP00109,2020-05-21,Sales,Sales Manager,46,3485591.0,3.1929559011640247,+91-8306115145,False,EMP00115
EMP00569,2018-08-17,Sales,VP Sales,51,4718907.0,,+91-9823856080,True,EMP00140
EMP00891,2025-08-02,HR,HR Manager,26,877012.0,4.588455875478356,+91-8546602093,True,EMP00099
EMP00948,2017-10-03,Operations,COO,45,2969660.0,3.7360864765216797,+91-9368589796,True,EMP00085
EMP01053,2021-12-19,Finance,Manager,41,4932063.0,2.309367071405156,+91-9730573271,True,EMP00036
EMP00885,2018-08-14,Finance,Director,35,3861519.0,2.789214763141442,+91-8443567727,True,EMP00108
EMP01317,2023-11-16,Engineering,SDE I,22,3661794.0,2.0726915495346927,+91-9974500364,True,EMP00064
EMP00851,2025-02-18,Engineering,SDE I,30,608864.0,3.947682970576958,+91-9637612960,True,EMP00049
EMP00735,2017-10-11,Marketing,Campaign Manager,42,1109431.0,,+91-9311669852,True,EMP00178
EMP00718,2018-05-15,Finance,Senior Analyst,32,4418670.0,,+91-8771383921,True,EMP00104
EMP00455,2019-01-01,HR,HR Analyst,52,2819547.0,,+91-9145045469,True,EMP00042
EMP00265,2020-10-06,Marketing,CMO,27,2836608.0,3.8797730210329826,+91-9048186071,True,
EMP00076,2023-11-14,HR,VP HR,43,283055.0833333333,,+91-8534434312,True,EMP00025
EMP00445,2019-12-04,Sales,Account Executive,22,706994.0,3.6697527998806847,+91-7738234116,True,EMP00036
EMP00396,2018-10-25,Sales,VP Sales,53,3725591.0,2.0402445494551524,+91-9170366655,True,EMP00149
EMP00177,2020-04-17,Engineering,SDE I,36,475371.0,2.285421683421104,+91-9901571408,False,EMP00142
EMP01043,2018-08-20,Finance,Manager,40,4562160.0,3.7076639411626715,31413341,True,EMP00061
EMP01363,2016-09-22,Engineering,SDE I,28,3209716.0,2.0311278375875212,+91-9115269424,True,EMP00157
EMP01094,2024-10-17,Sales,SDR,39,3276611.0,3.5757298581727,+91-9804768046,True,EMP00003
EMP01174,2024-11-16,Marketing,Marketing Analyst,47,3788898.0,3.799432685373591,87658347,True,EMP00132
EMP00596,2026-02-15,Engineering,SDE II,36,3536776.0,3.757719920373498,+91-9695448386,True,
EMP00062,2024-03-23,Finance,Director,26,3559666.0,3.5334347239240116,+91-8572217132,True,EMP00067
EMP00873,2024-06-05,Engineering,SDE II,41,2508731.0,2.7131534540268185,+91-8548341053,True,EMP00149
EMP01165,2020-12-07,Marketing,CMO,38,4022536.0,4.224962913105276,+91-9892709661,False,
EMP01462,2025-12-13,Finance,Senior Analyst,22,3259253.0,2.720364538294299,23724632,True,EMP00026
EMP00279,2023-08-07,Sales,SDR,42,4166377.0,2.839745697318272,+91-7148098041,True,EMP00133
EMP00037,2021-07-18,HR,HR Analyst,40,3092845.0,3.286073353667849,+91-8150238884,True,EMP00023
EMP00663,2016-12-16,Sales,Account Executive,46,3371638.0,2.469427745863385,+91-7423311961,True,EMP00156
EMP01407,2026-01-10,Marketing,Campaign Manager,27,2561039.0,4.328676320925197,+91-9377449317,True,EMP00082
EMP01214,2023-07-12,Marketing,Campaign Manager,34,4088872.0,2.1516987234684626,+91-9039222721,True,EMP00192
EMP00978,2017-11-03,Marketing,CMO,57,664017.0,2.9330724273461533,+91-8058347592,False,EMP00014
EMP00739,2021-10-18,Operations,Ops Analyst,31,441468.0,3.0900561039377727,+91-9612849067,True,EMP00191
EMP00192,2021-02-01,Engineering,Senior SDE,39,376685.5,,26578814,True,EMP00184
EMP00920,2025-08-05,HR,HR Analyst,50,4392283.0,3.9334951151420254,+91-8437994080,True,EMP00146
EMP00457,2019-08-10,HR,HR Analyst,35,1747901.0,2.3218100455372963,+91-7304201496,True,EMP00109
EMP00676,2019-01-08,Engineering,Staff SDE,35,65936.66666666667,3.632462021300018,+91-7584657419,True,EMP00108
EMP00761,2024-11-27,Operations,Ops Manager,55,2720784.0,2.798247621140392,+91-8797052016,True,EMP00025
EMP01408,2017-01-25,Operations,Ops Analyst,29,1604181.0,4.83224281635917,+91-9451341146,True,EMP00199
EMP00729,2019-07-18,Engineering,SDE I,55,1857885.0,4.111815908846231,+91-7067890857,False,EMP00077
EMP00413,2022-05-23,Finance,Senior Analyst,29,3178175.0,2.582561602536277,+91-7078721172,True,EMP00008
EMP00826,2019-05-31,Operations,Ops Analyst,38,1370063.0,2.7115235074205883,+91-7451271674,True,EMP00032
EMP00617,2018-03-24,Sales,Account Executive,23,1503650.0,2.0397962455160634,+91-9824623272,True,
EMP00115,2020-09-28,Engineering,SDE I,30,2150993.0,2.4026708390982123,+91-9580446879,True,EMP00005
EMP00418,2024-09-19,Engineering,Senior SDE,27,3136758.0,3.2999986840651827,+91-8205493039,True,EMP00048
EMP01484,2018-07-15,Marketing,CMO,56,1508807.0,4.499983245332306,+91-7882732458,True,EMP00091
EMP00970,2024-02-04,Marketing,Marketing Analyst,32,4755822.0,4.557278906425529,+91-9835377126,True,EMP00174
EMP00605,2020-04-12,Engineering,SDE II,54,1012420.0,3.853870383400186,28218105,False,EMP00119
EMP01490,2017-05-02,Marketing,Marketing Analyst,57,3686248.0,3.1850337528022377,+91-8127300263,True,EMP00182
EMP00090,2019-05-15,Sales,VP Sales,40,2734233.0,4.380732860288582,+91-9130098799,True,EMP00142
EMP00849,2016-12-04,HR,HRBP,27,292898.0,3.5367651978908996,+91-7485500742,True,EMP00137
EMP01191,2019-09-22,HR,HR Analyst,39,2191757.0,4.987850793405695,+91-7043236350,True,EMP00196
EMP01489,2021-11-04,Finance,Manager,48,1718255.0,,+91-9281266043,True,EMP00089
EMP00754,2018-07-05,Finance,Analyst,35,3767789.0,3.477782388713991,+91-9289226691,True,EMP00091
EMP00499,2025-04-13,Finance,Analyst,49,4999884.0,2.2415916426698885,+91-8817939863,False,EMP00166
EMP00012,2026-03-29,Engineering,SDE I,56,2405957.0,3.1535022987718673,+91-9090374216,True,EMP00076
EMP00397,2022-05-06,Sales,VP Sales,47,2130575.0,4.52334839369173,+91-7505824517,True,EMP00036
EMP00285,2021-09-07,Operations,Ops Analyst,48,556484.0,2.8352512955043894,+91-8076429278,True,EMP00059
EMP01067,2021-11-22,HR,HRBP,32,4119636.0,2.73648700584685,+91-9006100935,True,EMP00178
EMP00691,2023-12-01,Finance,Director,54,739466.0,3.8640101818586463,+91-7321062289,True,EMP00001
EMP01281,2019-12-29,Finance,Senior Analyst,26,4360757.0,,+91-8456050191,False,EMP00055
EMP01459,2022-05-05,Engineering,Senior SDE,25,1903840.0,3.1680907574063064,04464876,True,EMP00159
EMP00690,2021-01-16,Engineering,SDE II,40,3429287.0,3.244870107862675,+91-9787394564,True,EMP00190
EMP00852,2023-02-14,Operations,Ops Manager,33,348598.5833333333,2.9856990526233558,+91-8436349773,True,EMP00155
EMP00160,2021-06-08,Finance,Senior Analyst,25,3508311.0,3.8332803931287938,88073684,False,EMP00055
EMP00896,2018-03-18,Marketing,Marketing Analyst,45,445714.0,2.4954570866472294,+91-9829368602,True,EMP00076
EMP01238,2025-06-11,Engineering,Senior SDE,53,3785940.0,2.0106408449077207,,True,EMP00131
EMP00258,2022-01-20,Finance,Senior Analyst,51,1157414.0,3.653821688407687,+91-9839422533,True,EMP00189
EMP00336,2019-10-12,Finance,Manager,30,1197066.0,3.0400583273058785,+91-9282746664,True,EMP00173
EMP01463,2024-10-21,Finance,Analyst,29,3165676.0,2.3056394083062077,03777577,True,EMP00043
EMP01040,2016-12-09,Finance,Manager,56,1312050.0,2.163175942200205,+91-9339927193,True,EMP00088
EMP00516,2020-08-25,Engineering,SDE II,22,477231.0,3.811234983180988,+91-7208348198,True,EMP00012
EMP01016,2016-11-25,HR,VP HR,22,518826.0,3.9002957852198854,+91-9434028107,True,EMP00119
EMP00769,2022-07-22,HR,VP HR,26,2817096.0,3.782196118253948,+91-9774353661,True,EMP00093
EMP01369,2019-10-10,Engineering,Staff SDE,31,4059818.0,4.541155282917114,+91-9525805632,True,EMP00157
EMP00762,2022-10-25,Finance,Director,45,2025381.0,2.9281949752611225,+91-8247864260,False,EMP00064
EMP01146,2026-04-12,Operations,Ops Analyst,38,329402.25,4.675516493341032,+91-8967564855,True,EMP00172
EMP00522,2023-10-23,Operations,COO,49,3589654.0,4.256963156234412,+91-8033635550,True,EMP00141
EMP00023,2018-10-21,Sales,Account Executive,36,4237776.0,4.575890516536008,+91-9862059017,True,EMP00118
EMP00357,2021-02-16,Finance,Senior Analyst,47,400459.3333333333,4.046279765534802,+91-9738479443,True,EMP00095
EMP01324,2018-11-17,Marketing,CMO,43,678733.0,3.786433269174154,+91-8509606243,True,EMP00169
EMP00341,2023-07-19,Engineering,SDE I,27,3670039.0,4.759745522647958,+91-8197822399,True,EMP00083
EMP00432,2017-10-27,Marketing,CMO,44,2564637.0,2.3683815508224813,+91-9337601755,True,EMP00152
EMP00474,2017-07-07,Sales,SDR,28,3078957.0,4.144900893976927,+91-7506005419,True,EMP00063
EMP00218,2020-09-07,Sales,VP Sales,53,84465.33333333333,4.415320652004349,+91-8348807901,True,EMP00115
EMP00912,2025-06-28,Finance,Manager,25,1042614.0,3.1023921967141384,+91-8773181811,True,EMP00158
EMP01386,2026-03-24,Sales,Sales Manager,54,4664999.0,2.551568111730251,+91-8465497816,True,EMP00071
EMP01012,2023-04-05,Sales,VP Sales,57,2233650.0,4.8569195260443765,,True,EMP00113
EMP01492,2025-01-26,Engineering,Staff SDE,55,1269647.0,2.6266260270585287,+91-9963632050,False,EMP00118
EMP00094,2020-03-24,HR,HR Analyst,32,1988536.0,3.9939675382546387,+91-8554491453,True,EMP00064
EMP01009,2022-04-30,Engineering,Staff SDE,22,488161.0,4.598599416452766,+91-9169453922,True,EMP00027
EMP01071,2019-11-25,Marketing,CMO,23,4948719.0,4.984303456205666,+91-7901077896,True,EMP00154
EMP01093,2025-06-09,HR,HR Manager,55,2585053.0,4.792758843937595,+91-9286349055,True,EMP00057
EMP00697,2017-03-24,Engineering,Staff SDE,26,4497392.0,4.500236024685722,+91-9720355851,True,EMP00011
EMP00366,2024-12-28,Marketing,Campaign Manager,57,4910392.0,2.8193133868868094,+91-7418294107,True,EMP00085
EMP00997,2018-09-11,Engineering,Staff SDE,36,4941648.0,3.879503244555311,+91-9921324954,True,EMP00026
EMP00154,2022-08-01,Sales,VP Sales,57,669482.0,3.8027490653162017,+91-9810751849,True,EMP00004
EMP01100,2020-04-18,Operations,COO,42,2125802.0,3.013915787587475,+91-8829666834,True,EMP00034
EMP01352,2018-12-12,Finance,Director,26,2069464.0,4.574776945188306,80307468,True,EMP00172
EMP00491,2026-04-15,HR,VP HR,44,57261.25,2.8701391165561603,+91-7438593387,True,EMP00151
EMP00790,2021-06-09,Finance,Senior Analyst,31,1901952.0,3.5931540279268734,+91-7974661519,False,EMP00028
EMP00581,2020-02-07,Engineering,Senior SDE,49,3209024.0,3.8085054990326777,+91-8172758098,True,EMP00007
EMP00704,2018-03-25,HR,HRBP,24,691975.0,,22344714,True,EMP00015
EMP01311,2025-06-13,Engineering,Staff SDE,22,2049833.0,2.953708065521133,+91-9055028181,True,EMP00165
EMP00488,2022-06-30,Sales,VP Sales,52,3866389.0,3.751775192093869,+91-7856805870,True,EMP00117
EMP00560,2020-10-29,Sales,SDR,30,1545163.0,2.4346989617190062,+91-9578993917,True,EMP00075
EMP01142,2016-10-18,Operations,COO,23,1342971.0,2.507771261211363,43621746,True,EMP00002
EMP01120,2022-09-29,Marketing,Marketing Analyst,52,2925672.0,4.432203164095357,+91-7762997805,False,EMP00171
EMP00802,2020-03-06,Engineering,SDE II,53,1616548.0,3.498741775990165,+91-8088288520,True,EMP00019
EMP00513,2024-12-09,Finance,Analyst,36,888218.0,2.5673216700323938,+91-7334363605,True,EMP00152
EMP00634,2024-03-19,Marketing,Campaign Manager,35,2411282.0,4.523253464073234,+91-8844556899,True,EMP00088
EMP01388,2017-07-27,Sales,Account Executive,36,518406.0,2.712873752687669,+91-8423355143,True,EMP00013
EMP01393,2022-12-13,Sales,Sales Manager,30,383744.1666666667,2.2070887261548275,+91-9536334172,True,EMP00032
EMP00791,2018-01-27,Finance,Manager,24,3738422.0,2.9040683912293885,,True,EMP00166
EMP00117,2017-06-03,Sales,SDR,35,595835.0,3.900707047712375,,True,EMP00059
EMP00741,2025-04-06,Engineering,SDE II,57,1079961.0,,+91-7468634470,True,EMP00197
EMP01082,2023-05-23,Finance,Director,51,1410521.0,2.924010996807494,+91-9809872038,True,EMP00041
EMP00831,2019-02-10,Engineering,SDE II,37,2277221.0,4.116160754850778,+91-8587008081,True,EMP00041
EMP00120,2017-12-30,Finance,Director,28,2891442.0,4.727286853910152,40822427,True,EMP00026
EMP00657,2019-08-12,Engineering,SDE I,53,3514985.0,4.66509370702929,+91-9584742746,True,EMP00035
EMP01481,2019-03-26,Operations,Ops Manager,37,1283574.0,,+91-8802126342,True,EMP00060
EMP00636,2021-11-28,Finance,Analyst,40,257276.16666666666,2.85034399365887,+91-7192957974,True,EMP00124
EMP00370,2021-05-04,HR,HR Analyst,27,589125.0,4.867133293511015,+91-9375532245,True,EMP00042
EMP00269,2018-01-02,Engineering,SDE II,40,258422.08333333334,4.810968478908699,+91-8896856608,True,EMP00034
EMP00656,2023-08-29,Sales,Sales Manager,47,3990526.0,,+91-7092150462,True,EMP00078
EMP00936,2022-03-28,Marketing,Marketing Analyst,24,3510896.0,2.162311262115044,+91-8563683637,True,EMP00136
EMP00823,2026-02-10,Engineering,SDE I,34,2910627.0,4.863690536676954,+91-8698421765,True,EMP00123
EMP00867,2022-06-03,Operations,Ops Analyst,36,335073.4166666667,3.625033792031575,+91-9002111463,True,EMP00107
EMP00047,2025-10-08,Marketing,CMO,43,3808199.0,4.486797856566061,+91-7172490234,True,EMP00069
EMP01343,2026-04-07,HR,HRBP,34,194436.16666666666,3.241079737167596,+91-9988883392,True,EMP00024
EMP00992,2026-01-23,HR,HR Analyst,29,3519448.0,3.6163966135346115,+91-9048561239,True,EMP00167
EMP00877,2023-10-03,Sales,SDR,37,2196795.0,2.826214476602021,+91-7107294202,True,EMP00044
EMP00774,2022-01-29,Operations,COO,29,4364062.0,4.041588044456079,+91-9905435164,False,EMP00093
EMP00905,2024-07-13,HR,HR Analyst,34,4698921.0,,65142871,True,EMP00125
EMP00005,2025-02-06,Engineering,SDE I,48,4111788.0,2.7992241766311703,+91-7240249232,True,
EMP01004,2021-07-18,Sales,Account Executive,44,1337856.0,,74037600,True,EMP00051
EMP01354,2026-08-10,Sales,Sales Manager,56,332828.8333333333,4.685134158972512,73848817,True,EMP00111
EMP00264,2022-01-18,HR,VP HR,43,3789950.0,2.0706747677818957,+91-7860554662,True,EMP00122
EMP01232,2023-02-09,Engineering,SDE I,31,1896636.0,2.4636010179444354,+91-9669415814,True,EMP00116
EMP01425,2019-12-25,HR,HR Analyst,37,3242329.0,4.8008568232365905,+91-8663735929,True,EMP00106
EMP00444,2024-05-19,Marketing,Campaign Manager,33,3268506.0,,+91-7679296175,False,EMP00191
EMP01003,2025-12-31,Sales,SDR,57,805313.0,,+91-8604848253,False,EMP00126
EMP01078,2022-12-24,Sales,Sales Manager,38,2129339.0,4.717683922115416,+91-7970333238,True,EMP00120
EMP00838,2024-04-14,HR,HR Analyst,49,3968267.0,2.3265967653240702,+91-9700850366,True,EMP00087
EMP01395,2025-09-19,Operations,Ops Manager,26,3491298.0,,,False,EMP00142
EMP00305,2018-01-20,Engineering,Staff SDE,37,3139926.0,3.5032941972394465,+91-7064084229,True,EMP00197
EMP01222,2018-04-30,Marketing,Marketing Analyst,27,2658813.0,2.4982189018606817,+91-9147672079,True,EMP00083
EMP00314,2022-01-14,Sales,SDR,53,1447902.0,4.106530568544836,+91-8704031046,True,
EMP00150,2023-01-19,Operations,Ops Analyst,27,183729.75,,+91-8355264234,True,EMP00155
EMP01149,2026-03-06,Sales,SDR,46,245546.41666666666,2.1709582639984006,+91-8066267809,True,EMP00096
EMP00575,2025-12-27,HR,HR Analyst,30,631777.0,2.213920809347578,+91-9575044990,True,
EMP00051,2024-06-20,HR,HR Manager,31,2652748.0,,+91-9708515099,True,EMP00114
EMP01275,2024-07-28,Engineering,Senior SDE,51,310244.75,3.4261283498071227,+91-8778155415,True,EMP00186
EMP00727,2019-02-14,Finance,Senior Analyst,52,416774.0,2.1551413028345063,+91-8132503393,True,EMP00005
EMP00834,2017-12-03,Marketing,Marketing Analyst,54,368337.25,2.3511772511648745,+91-7032835952,True,EMP00048
EMP01116,2024-06-08,Sales,Account Executive,40,33838.583333333336,4.123369020133294,+91-8755368485,True,EMP00141
EMP01167,2020-09-30,Marketing,CMO,28,3240220.0,2.1795394482135944,+91-8511160322,True,EMP00154
EMP00471,2023-01-12,Sales,Sales Manager,56,550533.0,3.162075207964373,61185138,True,EMP00105
EMP00972,2021-12-29,Engineering,SDE I,56,175837.25,4.21148112444849,+91-8234435535,True,EMP00004
EMP00654,2021-03-28,Engineering,SDE II,46,4834007.0,,+91-7754808020,True,
EMP00400,2021-08-02,Engineering,SDE II,47,1864421.0,4.270937662122573,+91-9591248993,True,EMP00047
EMP00512,2025-06-11,Operations,Ops Analyst,30,4375954.0,2.583564873563108,+91-8738796554,False,EMP00072
EMP00321,2021-07-15,HR,VP HR,29,4147471.0,4.676579462019905,+91-8438064315,True,EMP00039
EMP00020,2026-01-31,Marketing,Campaign Manager,37,2419513.0,3.740206851642613,+91-8863428419,False,EMP00047
EMP00685,2019-02-06,HR,HRBP,34,4259045.0,,+91-8750888639,True,EMP00187
EMP00036,2023-08-13,Engineering,SDE II,27,2062965.0,2.205507021370967,+91-8155030830,True,EMP00058
EMP00903,2021-06-15,HR,HRBP,46,786047.0,,+91-8970209589,True,EMP00055
EMP00828,2022-12-16,Marketing,Marketing Analyst,27,4375354.0,3.8694628475290975,+91-8113124511,True,EMP00196
EMP01400,2018-09-04,Marketing,CMO,37,3734474.0,4.902039069929802,+91-9595395252,True,EMP00076
EMP00408,2018-07-04,Engineering,Staff SDE,56,491186.0,,+91-8916435970,True,EMP00150
EMP00921,2025-07-16,Engineering,Staff SDE,33,429388.0,4.178278642566191,+91-9363383159,True,EMP00084
EMP00538,2017-06-07,Engineering,SDE I,28,4920344.0,,+91-7898753932,False,EMP00015
EMP00759,2017-10-31,Finance,Analyst,25,224573.58333333334,4.348095529468743,+91-9329993951,True,EMP00188
EMP01063,2018-04-05,Finance,Analyst,30,3713209.0,2.689442388709061,+91-9585444766,True,EMP00184
EMP01200,2017-04-01,Engineering,SDE II,45,2000339.0,4.459353048237042,+91-9403749426,True,
EMP00246,2026-06-18,Engineering,Staff SDE,46,3870267.0,2.205565820609659,+91-8181781441,True,EMP00030
EMP01128,2020-02-26,Engineering,SDE II,28,4995052.0,3.7239333889682493,60471348,True,EMP00005
EMP00785,2020-07-25,Engineering,Senior SDE,22,3077844.0,2.4117155708378077,+91-8484641956,True,EMP00134
EMP00490,2018-01-20,HR,HR Analyst,25,4834426.0,2.7550990223522596,+91-9713967821,True,EMP00080
EMP00155,2021-08-18,HR,VP HR,38,3206217.0,3.88266404833999,+91-9640847564,True,EMP00113
EMP00962,2019-02-12,Engineering,Staff SDE,28,2411663.0,4.049845313541722,+91-7811629898,True,EMP00059
EMP00854,2018-09-11,Engineering,SDE I,38,780423.0,4.764068720546726,+91-9373533994,True,EMP00148
EMP00626,2018-02-22,Engineering,SDE II,52,725305.0,,+91-9331043276,True,EMP00151
EMP00686,2018-11-13,Marketing,Campaign Manager,49,1627958.0,3.459460785650836,,False,EMP00135
EMP00570,2018-03-17,Marketing,CMO,26,715403.0,,+91-9667158061,True,EMP00147
EMP01482,2017-03-24,Engineering,Senior SDE,23,1254963.0,3.4162913393394314,+91-9728192719,True,EMP00118
EMP00018,2023-09-13,Sales,Sales Manager,37,2479558.0,3.528753602195434,+91-8783271511,True,EMP00152
EMP00128,2018-03-14,Engineering,SDE I,41,2209951.0,2.7156788020111664,+91-9978005245,True,EMP00095
EMP01285,2023-01-11,Engineering,Senior SDE,40,4983904.0,4.006344795334668,+91-9461230242,True,EMP00033
EMP00928,2024-11-29,HR,VP HR,46,2545976.0,4.21898285991018,+91-9329576172,True,EMP00160
EMP00981,2019-07-29,Engineering,SDE I,27,727893.0,3.391428614087231,,True,EMP00093
EMP01235,2024-09-05,Engineering,Staff SDE,28,390324.6666666667,4.625819264832249,+91-7241954217,False,EMP00070
EMP00191,2020-09-21,HR,HR Manager,35,458109.0,,+91-7423306671,False,EMP00036
EMP01140,2022-12-22,Engineering,SDE II,27,49062.833333333336,2.182326751667132,+91-9510527986,True,EMP00053
EMP00993,2020-03-20,Finance,Analyst,48,1327441.0,,,True,EMP00046
EMP01129,2023-12-08,Operations,Ops Analyst,50,4559028.0,2.103539159658174,+91-9606485935,True,EMP00031
EMP01303,2017-02-21,HR,HR Manager,43,4442883.0,2.3731439059805832,+91-8342743262,True,EMP00055
EMP00607,2025-10-13,Engineering,SDE II,37,899130.0,2.5448697842704933,+91-8125109600,True,EMP00138
EMP00181,2018-04-19,Finance,Manager,34,3860012.0,3.2902752363157677,+91-8855647199,True,EMP00035
EMP00302,2019-06-02,HR,HR Manager,43,118790.75,3.610669198328829,+91-9495080805,True,EMP00035
EMP00497,2026-03-12,HR,HR Manager,55,2377480.0,2.5102822669104587,+91-7267498076,True,EMP00044
EMP01344,2019-12-03,Sales,Account Executive,31,1464323.0,3.9268907100273314,+91-8840763159,True,EMP00038
EMP01308,2019-03-02,Finance,Senior Analyst,37,2287339.0,2.908491089000753,+91-8279311314,True,EMP00093
EMP01288,2022-01-07,Engineering,SDE II,50,4247554.0,3.8727969093853485,+91-9783299677,True,EMP00104
EMP00518,2026-01-15,Engineering,Senior SDE,24,2746100.0,3.0992228182540145,+91-9084328811,False,EMP00153
EMP01070,2021-01-11,Sales,Sales Manager,27,4281318.0,2.2446295914265155,+91-9723243309,True,EMP00172
EMP00477,2018-04-14,HR,HRBP,37,4940616.0,4.0588065655331595,+91-7364824317,False,EMP00049
EMP00158,2020-07-23,Sales,Sales Manager,33,395615.1666666667,3.462400516491096,+91-8030445327,True,EMP00052
EMP01244,2022-12-24,Engineering,SDE II,41,127052.83333333333,4.026597979708585,+91-7953307144,False,EMP00050
EMP01196,2022-07-12,Operations,COO,29,4890700.0,,+91-8171068456,True,EMP00033
EMP00017,2018-08-29,Finance,Director,45,4789099.0,,+91-8459925684,True,EMP00110
EMP01073,2018-12-28,Sales,VP Sales,24,4137796.0,2.9538973485446878,+91-8772764183,True,EMP00120
EMP00340,2020-08-26,HR,HR Manager,24,3545437.0,4.539653557930955,,False,EMP00168
EMP00547,2022-07-16,Operations,Ops Analyst,30,2462903.0,4.061105480808431,+91-8958055838,True,EMP00030
EMP00659,2020-11-16,HR,HR Analyst,22,2804970.0,3.483437627535939,55614712,True,
EMP01277,2023-09-03,Operations,COO,29,2665146.0,2.3981787121201807,+91-9128672256,True,EMP00165
EMP01020,2018-03-23,Marketing,CMO,34,2209181.0,4.722901935998306,+91-9997839174,True,EMP00081
EMP01309,2018-01-06,Sales,SDR,46,1950642.0,3.3677861245671488,+91-8217353148,True,EMP00189
EMP00960,2017-09-06,Finance,Analyst,55,2563362.0,4.852479405580664,+91-9721512432,False,EMP00064
EMP01465,2016-11-30,Sales,VP Sales,55,300315.8333333333,,+91-9760855094,True,
EMP00284,2019-06-22,Sales,SDR,41,2839594.0,4.4198110987837325,+91-9593992222,True,EMP00191
EMP00798,2021-01-02,Sales,Account Executive,29,3363594.0,4.878879690439941,+91-9762055198,True,EMP00058
EMP00226,2025-10-20,HR,VP HR,53,1632357.0,,,True,EMP00058
EMP00027,2019-10-15,HR,HR Analyst,47,376334.0833333333,2.6478818557485373,+91-7223949468,True,EMP00102
EMP00438,2022-11-14,Operations,COO,43,666358.0,2.300791091380041,+91-9443503971,True,EMP00094
EMP00077,2018-02-14,Sales,Sales Manager,39,2428232.0,3.6886946997878542,,True,EMP00011
EMP00230,2016-10-07,Finance,Director,30,2419185.0,2.2170077928250245,+91-7691377964,True,EMP00065
EMP00038,2021-06-29,Sales,Sales Manager,28,4676918.0,3.031880386310975,+91-9989786000,True,EMP00122
EMP00750,2018-12-03,HR,VP HR,33,936830.0,4.348087278877769,+91-7474820363,True,EMP00044
EMP01046,2021-08-17,Marketing,Marketing Analyst,23,2732409.0,4.7865250552016985,+91-7987048022,True,EMP00112
EMP00470,2019-01-07,Operations,Ops Manager,57,4597299.0,3.865314374935495,+91-9006104765,False,EMP00171
EMP01331,2022-09-17,Finance,Senior Analyst,36,2704136.0,2.3628766231699276,+91-7191989992,True,EMP00051
EMP00611,2016-10-10,Marketing,CMO,54,1741665.0,,+91-8039361636,True,EMP00152
EMP00688,2019-10-12,Operations,COO,44,4636248.0,2.817165557604275,60231458,True,EMP00100
EMP01434,2024-08-27,Sales,Account Executive,55,4014723.0,,+91-8598917220,True,EMP00109
EMP00640,2019-10-18,HR,HRBP,38,3770754.0,2.4815573544032032,+91-7381347733,True,EMP00078
EMP01347,2022-05-30,Engineering,SDE II,31,4540375.0,4.101825783066681,+91-8487141787,True,EMP00115
EMP01219,2023-12-04,Sales,VP Sales,24,1966868.0,4.187553532606008,+91-8857741711,True,EMP00193
EMP01159,2025-05-05,Marketing,Campaign Manager,37,1384579.0,4.957564904431344,+91-8091579937,True,EMP00051
EMP01302,2023-05-20,Engineering,SDE I,28,3258772.0,2.725005791473797,+91-7076152571,False,EMP00066
EMP01419,2018-08-11,Engineering,SDE I,46,3597139.0,3.9499416412341244,+91-7313516723,True,EMP00020
EMP00801,2025-09-17,Engineering,SDE II,22,4991118.0,4.936397476194443,+91-8106905399,True,EMP00035
EMP00161,2026-01-06,Marketing,Campaign Manager,48,1373500.0,3.248212444406962,+91-9287131000,True,EMP00105
EMP00957,2017-05-04,Sales,Account Executive,33,1360538.0,4.634862798842825,+91-9725294143,True,
EMP01187,2024-04-27,Finance,Director,53,547018.0,3.6976265095860628,+91-7717326183,True,
EMP00822,2022-01-31,Operations,Ops Manager,30,3408860.0,4.658262659212909,+91-9330684321,True,EMP00179
EMP01323,2020-01-19,Sales,Account Executive,51,3539745.0,3.890610635027858,+91-9016412032,True,EMP00118
EMP00878,2026-05-12,Operations,COO,23,1252295.0,,+91-7871008403,True,
EMP00914,2023-08-09,HR,HR Manager,31,2046381.0,2.017692907775091,87432521,True,EMP00005
EMP00153,2021-03-05,Operations,Ops Analyst,46,2337445.0,3.810470193968973,+91-7038296244,False,EMP00167
EMP01429,2021-09-23,Engineering,Senior SDE,41,1585491.0,2.8062750035196,+91-9655587160,True,EMP00041
EMP00510,2021-10-28,HR,HRBP,51,836071.0,2.2470194206988237,+91-7591821411,True,EMP00056
EMP01136,2018-03-11,Engineering,SDE II,28,4446486.0,3.5446758502223297,+91-8248186182,True,EMP00195
EMP01251,2026-01-23,Sales,SDR,38,114338.0,3.442803052212241,+91-9118417780,True,EMP00098
EMP01310,2017-04-27,Engineering,Staff SDE,38,1995004.0,4.407578308424551,+91-7976489418,True,EMP00081
EMP00104,2017-07-17,Operations,Ops Manager,51,3420878.0,4.2796506847873665,+91-9271399449,True,
EMP00587,2020-09-30,Finance,Senior Analyst,57,2848978.0,3.9670570952119384,81035217,True,
EMP01381,2024-05-16,Engineering,SDE II,49,4145577.0,4.808036938313145,+91-9945005158,True,EMP00161
EMP01144,2017-07-26,Finance,Director,46,932514.0,2.699762752123518,+91-7803106363,True,EMP00116
EMP00054,2023-12-12,Operations,Ops Manager,38,4559229.0,3.4546020255276004,+91-8722637708,True,EMP00005
EMP00152,2019-07-24,Sales,Sales Manager,42,3037150.0,2.018954739610196,+91-9143964629,True,EMP00172
EMP00404,2021-03-19,Marketing,Marketing Analyst,24,3547428.0,4.727088585184462,08480182,True,EMP00083
EMP00713,2017-11-23,Engineering,Staff SDE,36,1768671.0,2.3817573015849045,+91-7110205323,True,EMP00013
EMP00208,2017-06-21,Engineering,Senior SDE,39,3935037.0,,+91-9002365606,True,EMP00171
EMP01473,2019-12-24,Operations,Ops Analyst,38,1621288.0,2.9640625565237038,21275057,True,EMP00022
EMP01123,2021-06-26,HR,VP HR,27,1444195.0,4.818720529659093,60388183,True,EMP00079
EMP01371,2019-03-11,Engineering,SDE I,45,565329.0,2.88828314799004,+91-9944866981,True,EMP00124
EMP00009,2019-06-17,Engineering,SDE I,30,251560.66666666666,4.752014608238707,+91-8933600232,True,EMP00174
EMP01015,2017-02-21,HR,VP HR,51,3899365.0,4.400213021929366,+91-9468834977,True,EMP00017
EMP01399,2018-04-14,Engineering,Senior SDE,43,4833265.0,3.1603052779454175,+91-8852283707,True,EMP00053
EMP01061,2017-05-31,Sales,VP Sales,25,4663264.0,,+91-7047537707,True,EMP00085
EMP00453,2019-05-08,Engineering,Staff SDE,47,4691742.0,4.338513958690179,,True,EMP00010
EMP00254,2025-06-27,Engineering,SDE I,39,406300.0,3.5022177328418924,+91-8042887340,True,
EMP00897,2020-02-12,Operations,Ops Manager,52,113277.91666666667,3.884265395047353,+91-8336499135,True,EMP00074
EMP01361,2019-11-27,Marketing,CMO,48,1144358.0,3.536315279027475,+91-9881665100,True,EMP00085
EMP00881,2023-05-16,Sales,VP Sales,45,1579047.0,3.780156504191574,+91-8636385057,True,EMP00052
EMP01469,2023-11-16,Marketing,Campaign Manager,52,4263780.0,2.3498962885426504,+91-9373854874,True,EMP00079
EMP00624,2023-11-17,Engineering,Staff SDE,38,4945567.0,3.9604139897317188,+91-9721988725,True,EMP00029
EMP00346,2020-01-31,Engineering,SDE II,24,3153699.0,2.8906359051412878,+91-9290901734,True,EMP00005
EMP01339,2024-04-17,Engineering,Staff SDE,24,2077818.0,2.095179700849488,+91-9009198346,True,EMP00007
EMP00263,2023-06-21,Finance,Analyst,32,2203080.0,4.884870369959664,+91-7945023703,True,EMP00005
EMP00151,2020-07-19,Finance,Analyst,26,1513969.0,2.928349977779377,+91-7767909033,True,EMP00060
EMP00473,2023-10-29,Sales,SDR,27,1006897.0,3.049354812198903,15377302,True,EMP00198
EMP00641,2024-11-29,Engineering,SDE II,41,3311876.0,3.8314097971762395,15828433,True,EMP00132
EMP01081,2016-12-09,Marketing,Campaign Manager,33,2905892.0,2.898571371078228,+91-8559654271,True,EMP00051
EMP01466,2020-06-18,HR,VP HR,50,4388552.0,3.9109342759227186,+91-7807904234,False,EMP00003
EMP00551,2025-07-02,Sales,SDR,26,1699005.0,4.3074921674939635,+91-9141079545,False,EMP00079
EMP00929,2017-09-04,Engineering,SDE I,40,676405.0,3.954131939485031,+91-7258028283,True,EMP00092
EMP00489,2021-12-03,Engineering,SDE I,22,1153565.0,,+91-9548324446,True,EMP00094
EMP01486,2024-07-05,Sales,VP Sales,52,1072761.0,,+91-7196141957,True,EMP00067
EMP01172,2024-10-11,Engineering,Senior SDE,26,4052043.0,2.8244889324559552,+91-8216804189,True,EMP00108
EMP00147,2022-12-22,Operations,COO,55,4853292.0,2.9486299019088533,+91-7064735878,True,EMP00010
EMP00403,2023-08-22,Marketing,Campaign Manager,22,540738.0,3.7145458650692147,+91-9359821459,False,
EMP00955,2019-07-04,HR,VP HR,39,2088593.0,,+91-8911621742,True,EMP00126
EMP01461,2026-02-11,Sales,Sales Manager,30,4041787.0,4.352024629601585,+91-7799893979,True,
EMP00660,2017-05-05,Engineering,SDE II,52,1642125.0,4.82815708968056,+91-8728642142,True,EMP00180
EMP00464,2023-08-25,Sales,Account Executive,25,4074647.0,3.6307482453870277,+91-7602890053,True,EMP00143
EMP00187,2021-03-20,Engineering,SDE I,36,4495542.0,2.443976150646537,+91-9195204583,True,EMP00126
EMP01148,2021-05-11,Sales,Account Executive,42,609589.0,2.0938593429992967,+91-8545027281,False,EMP00124
EMP01225,2021-01-27,HR,HR Manager,35,540417.0,,,True,EMP00109
EMP00609,2018-11-30,Engineering,SDE I,49,4067298.0,4.574050007329338,+91-9597422026,True,EMP00098
EMP00144,2023-10-03,Sales,VP Sales,37,895689.0,4.514693950803605,+91-9179849828,False,EMP00189
EMP00752,2024-02-25,Sales,VP Sales,45,1458316.0,2.319455859325181,+91-9734182138,True,
EMP00982,2024-11-06,Finance,Director,45,407275.6666666667,3.3604590624022057,+91-9628188013,True,EMP00197
EMP00198,2020-03-31,Marketing,Campaign Manager,38,1118037.0,4.814919858686887,+91-9461749607,True,EMP00185
EMP00884,2020-04-01,Finance,Senior Analyst,33,3828032.0,2.838692804459672,+91-7491137736,True,EMP00111
EMP00280,2018-10-23,Operations,Ops Analyst,42,870795.0,2.980245942929286,+91-8128053207,False,
EMP00294,2019-01-10,Finance,Analyst,26,4314814.0,3.286375768017811,+91-9610469392,True,EMP00052
EMP01420,2025-02-02,HR,VP HR,31,4829379.0,4.812659020258677,+91-8890006130,True,EMP00014
EMP00401,2018-03-07,Sales,Account Executive,51,3617659.0,4.709608037921857,+91-8750524637,True,EMP00021
EMP00123,2024-08-25,Engineering,Senior SDE,47,655875.0,2.985713655644741,+91-7119047628,True,EMP00118
EMP01208,2025-07-23,Sales,SDR,43,4551178.0,4.131214418195835,+91-8797583449,True,EMP00076
EMP00203,2022-04-27,Sales,SDR,55,3489131.0,3.658426475598044,+91-7112756068,True,
EMP00836,2023-10-22,Sales,SDR,52,3751070.0,3.589349146764588,+91-8867627453,True,EMP00064
EMP00247,2020-03-21,HR,HR Analyst,39,4694888.0,3.070683007956265,+91-8215298528,True,EMP00118
EMP01478,2018-08-08,Engineering,SDE II,53,3512488.0,2.42921635217879,+91-9193608196,True,EMP00108
EMP01464,2019-11-21,HR,HR Analyst,31,2397364.0,,+91-7187092190,True,
EMP01154,2022-03-28,Finance,Director,53,3171715.0,3.7748966810556746,+91-8852687008,True,EMP00143
EMP00385,2025-01-02,Marketing,Marketing Analyst,30,2370963.0,2.5407418763662166,+91-7044149512,True,EMP00188
EMP01375,2023-01-05,Finance,Manager,26,2836925.0,3.194208543882984,+91-7102291659,True,EMP00135
EMP00855,2022-08-13,Engineering,SDE I,37,1865074.0,4.8582662865607835,+91-8034894389,True,EMP00032
EMP00220,2025-07-14,Finance,Senior Analyst,47,449220.0,4.210915983489098,+91-9337654932,True,EMP00192
EMP00642,2023-07-23,Operations,COO,55,701401.0,4.067330198156736,+91-8937331964,True,EMP00070
EMP00002,2020-08-30,HR,VP HR,43,2381855.0,,38528521,True,EMP00115
EMP00113,2020-07-27,HR,HR Analyst,42,3962108.0,,+91-9000159028,True,EMP00025
EMP00699,2022-02-05,Engineering,SDE I,49,4651229.0,2.3610268627291497,+91-7880459235,True,EMP00132
EMP01487,2019-05-17,HR,HR Analyst,29,91463.5,2.1798181014227085,+91-7348093731,True,EMP00020
EMP00952,2018-01-18,Engineering,Senior SDE,29,1698651.0,2.6952605108540357,+91-8699989925,True,EMP00194
EMP01191,2019-09-22,HR,HR Analyst,39,2191757.0,4.987850793405695,+91-7043236350,True,EMP00196
EMP01292,2018-06-29,Marketing,Campaign Manager,29,2367178.0,2.1910002482237743,+91-8811396436,True,EMP00041
EMP01409,2026-01-03,Sales,Sales Manager,35,1655509.0,4.773005530543951,+91-7363494243,True,EMP00039
EMP00442,2021-01-21,Finance,Analyst,54,4875969.0,4.108395468798481,+91-7415276094,True,EMP00075
EMP01137,2018-05-14,Engineering,Staff SDE,47,2723847.0,3.702775278626164,+91-8689385105,True,EMP00165
EMP01257,2023-10-15,Engineering,SDE I,53,87618.0,4.194159756650048,+91-7127736721,False,EMP00112
EMP00664,2020-11-25,Marketing,Marketing Analyst,23,411796.25,2.0107061709058325,+91-8697430420,True,EMP00103
EMP01428,2025-11-29,Sales,VP Sales,34,3373165.0,2.971469301085026,+91-8220192739,True,EMP00001
EMP01258,2022-08-23,HR,HR Manager,35,2987335.0,2.1264249947434273,03544186,True,EMP00169
EMP01384,2021-08-06,Operations,COO,45,3190838.0,2.5403436656574727,+91-8856190671,True,EMP00037
EMP00318,2016-12-26,HR,HR Analyst,43,4419295.0,3.987292652355454,15203660,False,EMP00179
EMP00649,2020-12-04,Sales,Account Executive,33,257107.91666666666,,+91-8733591487,True,
EMP00710,2026-01-03,Sales,Sales Manager,39,4222905.0,2.629444194240046,+91-7169096986,True,EMP00139
EMP01283,2017-06-08,Operations,COO,29,3454681.0,,+91-7824972745,True,
EMP00973,2024-05-21,Operations,Ops Analyst,52,4744138.0,2.120075944462327,+91-7379860176,True,EMP00075
EMP00628,2020-07-20,Marketing,Marketing Analyst,44,2716661.0,4.312271183842438,+91-8673200339,True,EMP00005
EMP00633,2018-11-24,Finance,Director,57,364823.25,2.859767303876973,+91-7852070560,True,EMP00122
EMP01307,2018-05-25,Marketing,Campaign Manager,23,3377984.0,4.885089871610723,+91-8972848130,True,EMP00014
EMP01249,2024-04-15,Operations,Ops Analyst,38,655340.0,3.3222398113657707,+91-9242578461,True,EMP00023
EMP00052,2025-03-08,Engineering,Senior SDE,42,1136244.0,3.398612120009082,+91-9480448088,True,EMP00103
EMP01255,2023-05-01,Sales,Sales Manager,22,3836562.0,4.809798717604725,+91-9898226312,False,EMP00167
EMP01372,2019-03-25,HR,HR Analyst,33,3247413.0,2.790222392948255,+91-8094370080,True,EMP00165
EMP01355,2020-05-07,Finance,Director,51,1990668.0,3.116645744134997,+91-8603079103,True,
EMP01497,2017-01-22,Finance,Director,44,4344041.0,4.880572795334323,+91-8044364273,True,EMP00161
EMP01439,2024-08-09,Engineering,Senior SDE,27,2400007.0,3.90748595001879,,True,EMP00115
EMP00796,2024-07-08,Engineering,SDE II,52,1027427.0,4.454534347859934,76606834,True,EMP00041
EMP00646,2025-02-10,HR,HR Analyst,44,1702584.0,2.9961921626869046,+91-7085146695,True,EMP00004
EMP01013,2024-01-08,Marketing,Campaign Manager,47,1587076.0,3.4754837323397267,+91-7692560137,True,EMP00153
EMP00557,2018-05-12,Operations,Ops Manager,49,3381434.0,3.584826057872599,+91-9734505206,False,EMP00095
EMP00682,2025-10-09,HR,HR Analyst,43,4745580.0,4.139096872763972,+91-7901726898,False,EMP00021
EMP00578,2022-05-29,Operations,Ops Manager,41,4072723.0,2.4064804305409995,+91-8342270092,True,EMP00181
EMP01110,2019-07-24,Sales,Sales Manager,31,3417793.0,4.8970454322708274,+91-8083292272,True,EMP00053
EMP01267,2018-04-23,Sales,SDR,57,743197.0,3.865843703419017,+91-8458992234,True,EMP00042
EMP01184,2021-08-26,Marketing,CMO,46,4093442.0,4.562096537966348,74763874,True,EMP00018
EMP00525,2019-11-07,HR,HR Manager,39,3270843.0,2.356729800787626,16026060,True,EMP00036
EMP01060,2017-10-23,HR,VP HR,55,307257.0833333333,,+91-7725200960,True,EMP00153
EMP00541,2020-06-21,Operations,Ops Manager,36,729412.0,4.773394160454317,+91-8179854351,True,EMP00008
EMP01195,2022-10-01,Finance,Director,33,3827407.0,4.857416445148656,23747518,True,EMP00141
EMP00749,2019-11-19,Operations,COO,22,3140852.0,3.5957372698189745,+91-8137748790,True,EMP00071
EMP01442,2021-10-16,HR,HRBP,29,3112064.0,4.547566852889268,+91-8741662148,True,EMP00142
EMP00485,2021-07-30,Engineering,Staff SDE,28,2202218.0,4.213519463296154,+91-9362614954,True,EMP00009
EMP00096,2022-02-22,Engineering,Staff SDE,37,4415332.0,,+91-9058683277,True,EMP00083
EMP01021,2017-04-11,Marketing,Marketing Analyst,49,560160.0,,+91-7042155874,True,
EMP00564,2017-08-08,Operations,COO,42,1681285.0,,+91-8707253238,True,EMP00191
EMP01265,2017-12-20,Engineering,Staff SDE,34,2272856.0,3.8385261383544247,+91-8764531993,True,EMP00107
EMP00743,2023-01-05,Sales,SDR,30,645543.0,4.962668165553892,+91-8087417132,True,
EMP00864,2018-04-11,Marketing,CMO,54,1607726.0,2.0250059982703528,00425327,True,
EMP00892,2023-03-16,Engineering,SDE II,43,2784373.0,4.764107400480366,+91-9483525314,True,EMP00089
EMP01039,2021-07-10,Sales,VP Sales,36,4083849.0,,+91-9933761850,True,EMP00054
EMP00207,2024-06-08,Sales,Sales Manager,26,1075881.0,3.576301671544684,+91-9926854423,True,EMP00092
EMP00393,2018-12-04,Engineering,Staff SDE,45,3136620.0,,+91-8077012352,True,EMP00055
EMP00795,2026-02-07,Sales,Sales Manager,53,1767882.0,2.0092400837505755,+91-9925455151,True,EMP00018
EMP00871,2019-04-11,Finance,Analyst,30,501830.0,4.259426555798831,+91-8393518020,True,EMP00131
EMP00398,2020-07-02,Operations,Ops Analyst,31,2305308.0,3.7317480290693275,+91-9735523581,True,EMP00166
EMP00767,2026-07-28,Marketing,Campaign Manager,54,307866.6666666667,4.265475113747725,+91-8700985492,True,EMP00179
EMP01432,2024-10-07,Engineering,Staff SDE,47,1506720.0,3.588939389003534,+91-8931383975,True,EMP00130
EMP01242,2019-04-08,Marketing,Campaign Manager,35,426652.0,4.725551548553186,+91-8510317543,True,EMP00064
EMP01029,2025-06-21,Marketing,Marketing Analyst,23,4834093.0,2.0875172851903785,01700855,True,EMP00061
EMP00643,2016-09-20,Sales,VP Sales,55,2850273.0,2.0003263888503033,+91-7879743732,True,EMP00154
EMP00613,2017-05-12,Marketing,Campaign Manager,41,2730070.0,4.502381755622246,+91-7165698493,True,EMP00118
EMP00961,2017-03-15,HR,HRBP,39,2606583.0,,+91-8493076057,True,EMP00192
EMP00726,2023-03-02,Finance,Director,33,4980580.0,4.508847533325815,+91-9286094072,True,EMP00196
EMP00684,2025-07-23,Finance,Manager,49,875211.0,3.4581882905205434,+91-9080336237,True,EMP00002
EMP00099,2022-04-11,HR,HRBP,56,895995.0,3.720370762333378,+91-8701979320,True,EMP00166
EMP00805,2024-02-10,Sales,VP Sales,36,3224820.0,4.755209202445356,77318266,False,EMP00095
EMP00407,2018-05-26,Finance,Senior Analyst,54,4606137.0,3.841892932639271,+91-8890811035,True,EMP00091
EMP00503,2016-11-29,Sales,Sales Manager,31,3112477.0,4.281774238759884,+91-9133029921,True,EMP00170
EMP01072,2019-07-10,HR,HR Analyst,38,2729954.0,4.579287631576807,+91-9605936214,True,EMP00148
EMP01057,2020-05-05,Operations,Ops Manager,51,4840017.0,4.043478739093712,+91-8141793875,True,EMP00137
EMP00930,2023-07-08,HR,HR Analyst,41,2669999.0,3.563276495964882,+91-9301658303,True,
EMP00780,2024-08-21,Sales,Account Executive,52,1845255.0,3.581040312057587,+91-9806001241,True,EMP00117
EMP00201,2022-01-24,Marketing,CMO,40,145862.66666666666,3.2285204719604814,+91-7849826570,True,EMP00033
EMP00135,2019-04-27,Marketing,Campaign Manager,57,3972883.0,,+91-8912668618,True,EMP00030
EMP01052,2018-07-25,Engineering,SDE I,25,1377556.0,2.218080464479902,+91-9765107588,True,EMP00027
EMP00041,2019-09-28,Engineering,Senior SDE,37,4154408.0,3.9046609383570914,+91-9944132469,True,EMP00198
EMP01018,2018-03-17,Operations,COO,28,1617013.0,4.926599457871662,+91-7350432968,False,EMP00048
EMP00231,2016-09-18,Sales,SDR,42,4968370.0,4.112502417138266,+91-8617734939,True,EMP00092
EMP00379,2019-01-17,Marketing,Marketing Analyst,38,1446503.0,3.472011776226136,86656271,True,EMP00108
EMP00289,2018-04-24,Engineering,Senior SDE,57,4599029.0,3.6677072395122825,+91-8445643875,True,EMP00125
EMP00419,2025-03-10,Operations,Ops Analyst,54,810419.0,4.632215262963422,+91-9458465798,True,EMP00117
EMP00392,2021-08-10,Marketing,Marketing Analyst,30,2538204.0,3.0656703209635574,+91-7169707430,True,EMP00038
EMP00593,2016-09-28,Finance,Manager,55,4289379.0,3.6757500204972557,,False,EMP00013
EMP01163,2023-11-18,Engineering,Senior SDE,38,4397750.0,4.601852243523537,+91-9084359755,False,EMP00144
EMP01087,2023-03-15,Engineering,Senior SDE,22,159169.91666666666,2.681690067049216,+91-7938590128,True,EMP00076
EMP00648,2025-05-09,Engineering,SDE I,47,4191455.0,2.9529766469879624,+91-8654673671,True,EMP00187
EMP01153,2019-09-14,Engineering,Staff SDE,45,4657371.0,2.321891762882924,+91-8452815516,True,EMP00006
EMP01368,2023-06-29,Sales,Account Executive,46,3414658.0,2.5185423681516093,+91-7969680477,True,EMP00054
EMP00521,2020-04-02,Sales,VP Sales,55,3955037.0,3.7995047996196236,+91-7172770655,True,EMP00142
EMP00065,2025-03-03,Engineering,Staff SDE,42,4666095.0,4.805203836698079,+91-7636453468,True,EMP00008
EMP00015,2022-05-01,Sales,VP Sales,40,1088886.0,4.8112409583163664,+91-9467739374,True,EMP00148
EMP01181,2021-09-02,Engineering,SDE I,28,4373971.0,2.901176007656076,+91-9691987737,True,EMP00124
EMP01065,2025-03-02,Marketing,CMO,36,3815572.0,4.088522410934459,+91-8594457774,True,EMP00035
EMP00493,2026-01-25,HR,HR Analyst,45,3510599.0,3.1947317109570186,+91-9542446985,True,EMP00123
EMP00380,2024-06-15,Engineering,Staff SDE,22,1342568.0,,+91-9453916754,True,
EMP00188,2020-03-21,Sales,SDR,34,1601269.0,3.095353470843288,+91-9513524209,True,EMP00102
EMP00764,2024-04-01,Operations,Ops Manager,35,1587636.0,,+91-7212363927,True,EMP00196
EMP00217,2023-03-20,Engineering,SDE I,41,1022328.0,,+91-9031390976,True,EMP00110
EMP00792,2026-01-13,Marketing,Campaign Manager,52,4863410.0,3.8885636853284824,+91-7089557057,True,EMP00041
EMP01077,2018-09-15,Sales,VP Sales,25,1706077.0,2.41912930683269,+91-7572360547,True,EMP00176
EMP00879,2022-02-15,Marketing,Marketing Analyst,35,166986.58333333334,,+91-9654824691,True,EMP00143
EMP00338,2024-11-01,Sales,SDR,43,4611380.0,3.0742727270815977,+91-7984102248,True,EMP00073
EMP00720,2022-08-16,Sales,Sales Manager,43,773101.0,4.521763467892968,+91-7156285159,True,EMP00115
EMP00296,2017-12-20,Sales,Sales Manager,46,789299.0,2.6840108121176693,60823172,False,EMP00060
EMP01017,2022-04-19,Operations,Ops Manager,50,995944.0,3.141551570688805,,True,EMP00180
EMP01276,2024-05-22,HR,HRBP,25,1853277.0,3.2716723285489064,+91-7700311616,True,EMP00179
EMP00456,2023-06-13,Finance,Director,22,2047743.0,4.049595374595723,+91-7493515001,True,EMP00116
EMP00050,2020-01-07,Operations,Ops Manager,38,4425593.0,3.157321429981759,+91-8705549483,True,EMP00030
EMP00816,2022-05-09,Finance,Director,38,380895.9166666667,3.0622731939386933,+91-9913353594,True,EMP00146
EMP00270,2020-11-24,Operations,Ops Analyst,29,4827949.0,4.00873358629229,+91-9058825999,True,EMP00087
EMP00996,2018-09-07,HR,VP HR,34,2833345.0,2.5359581963822713,+91-9929972128,True,EMP00020
EMP00202,2020-02-25,Sales,Account Executive,36,2043880.0,4.665401559587139,+91-8052495055,True,
EMP00162,2016-11-18,Engineering,SDE I,45,2536861.0,4.038880539921836,+91-7987362591,True,EMP00054
EMP00730,2020-02-25,Finance,Senior Analyst,42,2924438.0,4.829226619688513,+91-9641018688,True,EMP00028
EMP00402,2018-12-14,Marketing,CMO,28,3462124.0,2.2801406265030444,+91-8855302656,True,EMP00111
EMP00703,2022-10-14,HR,VP HR,38,932243.0,2.295779798293697,+91-7869602424,True,EMP00132
EMP01130,2022-01-18,Finance,Senior Analyst,55,3090387.0,,+91-8394545744,True,EMP00100
EMP00566,2021-11-09,Engineering,Staff SDE,30,2278594.0,4.601392886290962,+91-8586774793,True,EMP00157
EMP01414,2020-11-06,Sales,Account Executive,33,894706.0,3.7484783114687628,+91-8599019199,True,EMP00103
EMP01022,2021-06-27,Operations,Ops Manager,43,2793514.0,2.109925952227654,+91-8868049130,True,EMP00125
EMP01026,2018-02-07,HR,HRBP,27,4443566.0,3.8437614202309147,38263110,True,EMP00007
EMP01412,2023-09-12,Finance,Director,35,4001244.0,,+91-8828957781,True,EMP00132
EMP01105,2021-02-03,Sales,SDR,30,858815.0,2.0220197408196565,03783863,True,EMP00129
EMP00206,2025-03-05,Sales,SDR,43,746077.0,3.759349294930999,+91-8669300321,True,EMP00066
EMP00035,2020-01-08,Sales,SDR,44,1343353.0,3.47031252565482,+91-7294116237,True,EMP00133
EMP00776,2022-07-03,Marketing,CMO,41,537964.0,4.35366278298859,+91-8519379721,True,EMP00174
EMP00509,2018-10-13,Finance,Analyst,37,393423.1666666667,4.785769367668323,+91-7979136717,True,
EMP01452,2025-07-10,Finance,Director,33,437711.0,4.914397560940561,+91-9631794468,True,EMP00067
EMP01479,2018-08-27,Operations,Ops Analyst,48,34556.166666666664,3.634392395077336,+91-8855012662,True,
EMP00221,2018-05-11,Operations,Ops Analyst,37,840134.0,4.134081633327897,+91-7678500113,True,EMP00177
EMP01391,2024-02-21,Sales,VP Sales,22,2043879.0,,+91-8511851757,True,
EMP00092,2023-10-12,Marketing,Campaign Manager,26,2249450.0,2.3530776827658095,+91-8008476174,True,EMP00048
EMP01364,2021-08-24,Marketing,Marketing Analyst,46,3246788.0,2.4843906456210134,+91-7087522326,True,EMP00066
EMP00898,2017-08-04,Engineering,SDE I,40,1462825.0,4.042900094529201,+91-8179786692,True,EMP00124
EMP00565,2024-03-23,Marketing,Marketing Analyst,29,2708033.0,2.4480365449732515,+91-8145894281,False,EMP00096
EMP01370,2023-07-05,Operations,Ops Manager,50,3820453.0,4.101743424842011,+91-8376992062,True,EMP00048
EMP00777,2022-03-25,Sales,Account Executive,40,3892825.0,3.9303663029090146,+91-9560919246,True,EMP00061
EMP00242,2018-10-12,Operations,COO,50,2428195.0,2.6934491490267556,+91-9954666946,True,EMP00092
EMP00014,2025-10-02,Finance,Analyst,31,2378158.0,2.2929089648326895,+91-9617750806,True,EMP00185
EMP00316,2021-03-23,HR,HR Analyst,50,1241357.0,2.6744651237922348,+91-9452819909,True,EMP00144
EMP00601,2017-11-24,Sales,Account Executive,55,984871.0,,+91-8820646912,False,EMP00092
EMP00388,2023-11-24,Finance,Senior Analyst,26,2641217.0,3.1116268557611555,+91-8585285993,True,EMP00151
EMP01298,2025-12-02,HR,VP HR,57,652182.0,4.510148126764353,+91-8648404997,True,
EMP00167,2025-06-17,Sales,Account Executive,38,2886973.0,4.730783268066286,+91-7840326754,True,EMP00029
EMP00841,2017-11-14,Sales,SDR,43,2965751.0,3.7012791504107234,+91-7591240523,True,EMP00195
EMP00021,2026-04-14,Sales,Sales Manager,39,4567219.0,3.630639700482534,+91-8853539261,True,EMP00109
EMP00647,2019-08-10,Finance,Director,45,2803649.0,3.0161937771144016,+91-7264485739,True,
EMP01273,2025-07-11,Operations,Ops Manager,34,2006732.0,3.239987159586306,+91-9632113810,True,EMP00081
EMP01155,2023-07-28,HR,VP HR,34,3626437.0,4.995021253653222,+91-8021399549,False,EMP00127
EMP00832,2023-06-08,Engineering,SDE II,53,780382.0,4.332196981589933,+91-7578295396,True,EMP00012
EMP01268,2017-10-05,Engineering,SDE II,51,4674342.0,2.8588295649875914,+91-8603181656,True,EMP00186
EMP00563,2022-11-14,Operations,COO,22,2299380.0,3.8198334699553342,,False,EMP00167
EMP00434,2026-04-15,Engineering,SDE I,39,3336695.0,,+91-9382848502,True,EMP00078
EMP00687,2022-07-28,Engineering,Staff SDE,53,450668.0,2.093042018977982,+91-9838785937,True,EMP00143
EMP00958,2018-02-20,Marketing,Campaign Manager,37,447887.0,3.8834276368107807,+91-7002111304,True,EMP00013
EMP00190,2019-04-21,Engineering,Senior SDE,39,296464.3333333333,2.7848090285888505,+91-9171489053,True,EMP00129
EMP00976,2020-10-15,Engineering,SDE II,33,530058.0,3.372502372613982,+91-8569986651,True,EMP00095
EMP00700,2023-01-26,Operations,Ops Analyst,30,629211.0,3.086072438412041,+91-9793849522,False,EMP00021
EMP01500,2025-09-14,HR,HR Manager,34,1221204.0,3.294085302379041,+91-9972470175,True,EMP00010
EMP00511,2022-01-11,Sales,Sales Manager,40,371982.0,4.7187780161180015,+91-7551668520,True,
EMP01083,2022-10-21,Finance,Senior Analyst,33,1999800.0,,+91-9617644493,True,EMP00016
EMP00475,2018-02-10,Engineering,Staff SDE,49,2802460.0,3.737858352378703,+91-8943706300,False,
EMP00857,2024-08-06,Engineering,SDE II,35,3897934.0,3.7417248857535568,+91-7012493182,True,EMP00094
EMP00748,2024-05-29,Engineering,Staff SDE,52,3621208.0,,+91-8084581564,True,EMP00158
EMP00253,2017-05-06,Marketing,Campaign Manager,28,2916824.0,3.084785257294018,+91-7525617127,True,EMP00081
EMP00022,2022-06-03,Finance,Manager,38,1367702.0,3.7675734466577993,+91-8322164669,True,EMP00147
EMP01338,2019-02-28,Engineering,SDE II,24,4119777.0,4.263955793958545,77328317,True,EMP00065
EMP00460,2019-08-05,Marketing,Campaign Manager,37,563850.0,2.0161336663268656,+91-7581482633,False,EMP00101
EMP01185,2020-07-05,Marketing,CMO,29,4239902.0,3.370428104182392,+91-9866741924,True,EMP00029
EMP00277,2020-10-23,Sales,Account Executive,49,4008243.0,3.50752570081736,+91-8219771630,False,EMP00059
EMP00956,2023-03-05,Engineering,Senior SDE,37,3815721.0,4.680554674094232,+91-9797507319,True,EMP00061
EMP01216,2017-03-25,Engineering,Senior SDE,31,888074.0,4.80348962074914,+91-7323616647,True,EMP00066
EMP00386,2019-12-08,Engineering,SDE I,46,3077057.0,3.0602551029171208,+91-8748677964,True,EMP00160
EMP00806,2018-09-20,Engineering,Staff SDE,29,1122307.0,4.090647512649898,+91-7412268605,True,EMP00194
EMP01438,2023-08-02,Marketing,Marketing Analyst,45,4163438.0,4.154608797212728,+91-9940221678,True,EMP00032
EMP01269,2017-04-10,Marketing,CMO,55,830733.0,2.486308990857749,72177164,True,EMP00173
EMP00344,2024-10-12,Operations,COO,53,4474494.0,3.9296854012705498,14223657,False,EMP00192
EMP00770,2021-12-15,Engineering,Senior SDE,39,3192291.0,3.692730463211113,+91-9861824689,True,EMP00075
EMP01333,2021-07-30,Engineering,SDE II,42,4613184.0,2.6847365374345964,+91-8222882142,True,EMP00127
EMP00131,2023-12-31,HR,HR Analyst,29,335027.75,4.228584090520831,+91-7734758303,True,EMP00049
EMP00872,2021-01-02,Engineering,SDE I,25,2910073.0,2.8687104038003524,+91-9718439760,True,
EMP01124,2026-05-16,Finance,Analyst,43,1002930.0,,,True,EMP00195
EMP01397,2020-03-23,HR,HR Manager,26,2282169.0,2.3721128427122258,+91-7163576042,True,EMP00112
EMP00088,2023-07-28,Marketing,Campaign Manager,56,2633193.0,3.665605776199949,+91-7969975128,True,EMP00145
EMP01483,2023-09-20,HR,HR Analyst,25,2900637.0,4.1332172627711605,+91-8313533057,True,EMP00119
EMP00331,2022-02-21,Sales,SDR,30,3717104.0,3.338063983796432,+91-9378686322,True,EMP00156
EMP01239,2017-10-13,HR,HRBP,25,712173.0,3.2385643175943466,16627682,True,EMP00105
EMP00467,2016-09-15,Finance,Director,28,3697556.0,3.456398570454362,+91-8272158507,True,EMP00191
EMP00122,2021-01-26,Finance,Senior Analyst,56,645070.0,4.60506064506167,+91-9012409730,True,EMP00146
EMP01045,2020-01-25,Engineering,SDE II,51,417076.0,3.14058689523244,+91-9423326354,True,EMP00071
EMP01096,2021-05-19,Sales,Sales Manager,30,1085481.0,3.812786105477224,+91-8258147950,True,EMP00016
EMP01131,2017-01-09,Finance,Manager,23,4044807.0,4.210465013888812,+91-7080766595,True,EMP00121
EMP01295,2017-05-31,Finance,Director,36,1885345.0,4.140444894750075,+91-9068144013,True,EMP00195
EMP00861,2020-09-15,Sales,SDR,44,188651.0,4.216238944546763,+91-7117194581,True,EMP00002
EMP01460,2019-03-04,HR,HR Analyst,36,2696601.0,3.744923546492965,+91-9951106736,True,EMP00192
EMP01127,2025-06-28,Sales,VP Sales,38,3407625.0,2.1622493379743526,+91-8721943948,True,EMP00195
