sku,category,brand,warehouse_zone,supplier,supplier_contact,last_sale_date,last_audit_date,restock_date,stock_on_hand,units_sold_30d,sell_through_rate,unit_cost_inr,mrp_inr,reorder_point,lead_time_days,is_active
HOM-87767,Home & Kitchen,UrbanWave,ZONE D,FastShip Pvt,,2024-09-17,,2026-09-07,468.0,176,0.07630342313411975,7272.0,17225.272329418814,13.0,12,True
ELE-65520,Electronics,SwiftBrand,Zone A,LocalSource,contact507@localsource.com,2024-05-13,2026-02-10,2026-08-28,101.0,196,0.9300617066523156,5224.0,12240.894032084836,136.0,22,True
HOM-66932,Home & Kitchen,SwiftBrand,Zone A,DirectImport,contact453@directimport.com,2024-11-20,2025-05-06,2026-08-01,266.0,247,0.8668565696742169,5915.0,10558.377045231244,179.0,22,True
BEA-62035,Beauty,CorePeak,Zone D,PrimeParts,contact920@primeparts.com,2024-10-20,2026-02-14,2026-08-24,436.0,109,0.45369658292991055,796.0,1305.6391342648524,189.0,33,True
BEA-65281,Beauty,GenericPlus,Zone C,PrimeParts,contact848@primeparts.com,2024-10-11,2025-10-20,2026-06-27,83.0,30,0.8484285217496328,7419.0,12405.397332732833,56.0,23,False
SPO-24184,Sports & Outdoors,UrbanWave,ZONE B,GlobalTrade Ltd,contact516@globaltradeltd.com,2024-06-15,2025-10-08,2026-05-29,369.0,104,0.26877856247496423,4586.0,9694.326399684665,,43,True
BEA-12954,Beauty,UrbanWave,ZONE C,SupplyCo India,contact893@supplycoindia.com,2024-08-31,2025-11-16,2026-09-17,383.0,294,0.5236748487919239,1917.0,4171.626249504475,,31,True
AUT-60857,Automotive,NovaLine,zone a,PrimeParts,contact457@primeparts.com,2024-05-05,2026-01-30,2026-06-28,38.0,34,0.5124433839895297,177.0,538.9729795804059,141.0,16,True
HOM-96039,Home & Kitchen,SwiftBrand,Zone C,QuickStock,contact453@quickstock.com,2024-07-31,,2026-07-15,284.0,251,0.4185006118455923,4056.0,13731.846282289214,12.0,30,True
BEA-86277,Beauty,CorePeak,Zone A,LocalSource,contact782@localsource.com,2024-08-10,2025-10-20,2026-06-21,479.0,193,0.6217252574600727,3285.0,10958.738855231577,180.0,6,True
BEA-36567,Beauty,ZenCraft,zone b,PrimeParts,contact578@primeparts.com,2024-06-15,2025-11-10,2026-06-12,280.0,48,0.8555647141426097,0.0,0.0,141.0,31,True
HOM-59332,Home & Kitchen,AlphaEdge,Zone D,SupplyCo India,contact985@supplycoindia.com,2024-06-01,2025-04-08,2026-08-11,255.0,39,0.6513245763245861,5463.0,10311.988591501842,102.0,20,False
HOM-95158,Home & Kitchen,TrueForm,Zone A,PrimeParts,contact717@primeparts.com,2024-06-25,2025-07-05,2026-09-06,372.0,83,0.9309658074705489,1052.0,2149.905055384133,62.0,30,False
HOM-86318,Home & Kitchen,TrueForm,Zone D,PrimeParts,contact176@primeparts.com,2024-09-22,2025-06-25,2026-09-08,330.0,213,0.3289776566887248,6296.0,17383.46531526888,23.0,17,True
AUT-49865,Automotive,SwiftBrand,Zone B,QuickStock,contact103@quickstock.com,2024-05-23,2025-09-24,2026-07-23,152.0,97,0.7532580990468012,6978.0,23399.425321318497,177.0,22,True
SPO-57267,Sports & Outdoors,SwiftBrand,ZONE D,GlobalTrade Ltd,contact579@globaltradeltd.com,2024-10-12,2025-07-30,2026-06-21,1.0,45,0.014387114898484543,6526.0,14213.08261101836,146.0,44,True
ELE-27895,Electronics,NovaLine,Zone C,DirectImport,contact683@directimport.com,2024-10-26,2025-07-02,2026-07-10,76.0,283,0.5215785077749362,2963.0,9164.484186742417,190.0,10,True
AUT-90601,Automotive,ZenCraft,Zone C,QuickStock,contact408@quickstock.com,2024-10-18,2025-11-29,2026-08-14,96.0,145,0.07717037108543512,2621.0,3472.893953808725,175.0,13,True
ELE-88991,Electronics,NovaLine,Zone D,GlobalTrade Ltd,contact405@globaltradeltd.com,2024-08-29,2025-06-20,2026-06-21,31.0,224,0.4967756668930665,5314.0,18463.799140669667,89.0,36,True
STA-63517,Stationery,UrbanWave,zone b,DirectImport,,2024-07-31,2025-07-13,2026-05-26,359.0,154,0.3728722140432593,7977.0,20738.24877441912,84.0,37,True
APP-43071,Apparel,ZenCraft,Zone C,PrimeParts,contact771@primeparts.com,2024-05-13,2025-09-23,2026-07-29,-73.0,253,0.07646221405825682,4488.0,14164.766881987922,133.0,23,True
APP-63588,Apparel,SwiftBrand,Zone B,FastShip Pvt,contact465@fastshippvt.com,2024-10-07,2025-09-11,2026-08-07,236.0,177,0.19605762033808394,7501.0,20989.57624425884,32.0,36,True
HOM-62199,Home & Kitchen,CorePeak,Zone D,GlobalTrade Ltd,contact234@globaltradeltd.com,2024-05-02,2025-07-22,2026-08-26,284.0,156,0.5789289778603696,4505.0,8656.798656201287,117.0,33,True
AUT-89479,Automotive,GenericPlus,zone a,PrimeParts,contact973@primeparts.com,2024-05-26,2026-02-18,2026-09-19,193.0,20,0.24109552792282962,3567.0,12002.895192187345,169.0,29,True
BEA-12088,Beauty,NovaLine,ZONE A,PrimeParts,contact534@primeparts.com,2024-11-21,,2026-07-14,112.0,100,0.9872929579307808,7909.0,26114.328776634142,167.0,42,True
SPO-83443,Sports & Outdoors,TrueForm,zone c,SupplyCo India,contact166@supplycoindia.com,2024-08-25,2026-02-10,2026-06-29,116.0,17,0.34468064048406266,1872.0,5303.508986804574,184.0,3,False
BEA-24959,Beauty,CorePeak,Zone C,PrimeParts,contact698@primeparts.com,2024-06-23,2025-09-15,2026-06-16,283.0,131,0.8832025885621662,5929.0,13467.082645218663,66.0,9,True
SPO-66740,Sports & Outdoors,TrueForm,ZONE A,SupplyCo India,contact724@supplycoindia.com,2024-04-26,2025-08-01,2026-09-14,29.0,261,0.5513871915954146,517.0,1707.8019247080745,,28,True
ELE-23801,Electronics,NovaLine,Zone D,FastShip Pvt,,2024-05-19,2025-11-12,2026-07-08,453.0,32,0.6358208523017675,1990218.0,5322384.464168734,,24,True
SPO-59615,Sports & Outdoors,UrbanWave,ZONE C,SupplyCo India,contact189@supplycoindia.com,2024-11-23,2025-09-03,2026-09-12,230.0,223,0.6884045387200038,6618.0,22062.88746680783,125.0,22,True
BEA-12277,Beauty,CorePeak,Zone D,LocalSource,,2024-12-02,2025-10-08,2026-09-15,86.0,58,0.6685404794697416,5675.0,11487.680286652232,112.0,9,True
BEA-52696,Beauty,GenericPlus,Zone B,DirectImport,contact617@directimport.com,2024-09-03,2025-09-21,2026-08-06,119.0,0,,5213.0,12523.422379289426,156.0,26,False
HOM-72528,Home & Kitchen,AlphaEdge,Zone C,FastShip Pvt,contact475@fastshippvt.com,2024-07-10,2025-06-20,2026-05-30,299.0,151,0.061506035320814556,7917.0,22817.38488399923,,7,True
AUT-60630,Automotive,TrueForm,Zone D,GlobalTrade Ltd,contact564@globaltradeltd.com,2024-09-28,2025-04-14,2026-06-25,264.0,112,0.2181859929854315,3215.0,5688.984485241679,104.0,37,True
TOY-33553,Toys,NovaLine,ZONE A,GlobalTrade Ltd,contact546@globaltradeltd.com,2024-08-31,2025-10-30,2026-08-01,123.0,26,0.5064300072387589,2536.0,3789.1299124764264,,28,True
TOY-60849,Toys,NovaLine,ZONE D,PrimeParts,,2024-04-18,2025-09-24,2026-06-11,240.0,242,0.370075544859214,5681.0,10485.327552746652,0.7237244290918009,6,True
HOM-82247,Home & Kitchen,TrueForm,ZONE D,FastShip Pvt,contact738@fastshippvt.com,2024-06-19,2025-05-28,2026-07-04,436.0,101,0.02181121029301447,6160.0,19156.24683117493,191.0,6,True
APP-26271,Apparel,TrueForm,Zone C,PrimeParts,contact939@primeparts.com,2024-10-25,2025-11-18,2026-08-15,272.0,27,0.34085978820789387,5603.0,6755.306115656571,125.0,41,True
STA-29879,Stationery,SwiftBrand,ZONE C,QuickStock,contact613@quickstock.com,2024-10-26,2025-10-26,2026-08-20,298.0,299,0.023633394831415022,2381.0,7459.563796757292,32.0,34,True
SPO-12021,Sports & Outdoors,TrueForm,ZONE C,LocalSource,,2024-07-14,2025-05-24,2026-08-02,151.0,43,0.5786605842933144,0.0,0.0,174.0,32,True
APP-32679,Apparel,CorePeak,ZONE B,FastShip Pvt,contact817@fastshippvt.com,2024-12-02,2025-10-28,2026-08-08,358.0,103,0.6733446720142555,5858.0,4646.1622714496925,53.0,12,True
ELE-88009,Electronics,ZenCraft,zone c,FastShip Pvt,contact476@fastshippvt.com,2024-10-13,2026-01-07,2026-09-19,213.0,51,0.15841079599126295,4523.0,9126.21497765929,,4,True
SPO-30382,Sports & Outdoors,CorePeak,zone b,PrimeParts,contact824@primeparts.com,2024-11-30,2025-12-04,2026-08-04,99.0,235,0.9634085034562486,930.0,1649.4739374611124,134.0,27,True
HOM-60090,Home & Kitchen,AlphaEdge,Zone D,LocalSource,contact134@localsource.com,2024-05-31,2026-01-27,2026-08-17,156.0,15,,2832445.0,8874758.872438032,0.7271486615963143,23,True
AUT-71149,Automotive,SwiftBrand,zone d,PrimeParts,,2024-05-04,2026-01-11,2026-08-13,427.0,299,0.056235183894478014,3731.0,8854.843655771945,187.0,express,False
TOY-21491,Toys,ZenCraft,ZONE D,FastShip Pvt,contact243@fastshippvt.com,2024-09-19,2025-10-02,2026-08-21,218.0,250,0.48593372859539874,2770.0,3568.999902715712,0.3324472100242246,2-3 weeks,True
SPO-49907,Sports & Outdoors,CorePeak,Zone D,LocalSource,contact922@localsource.com,2024-07-31,2026-01-11,2026-08-31,131.0,102,0.8126450176927343,686.0,841.1862490152632,155.0,33,False
TOY-28161,Toys,AlphaEdge,Zone A,FastShip Pvt,,2024-11-02,2026-01-21,2026-07-06,153.0,100,,981.0,2272.459741097038,72.0,30,True
SPO-92997,Sports & Outdoors,UrbanWave,Zone B,LocalSource,contact684@localsource.com,2024-10-14,,2026-08-23,133.0,196,0.3695384905576622,1713.0,2212.650939384805,160.0,21,True
APP-19735,Apparel,AlphaEdge,Zone A,SupplyCo India,contact160@supplycoindia.com,2024-09-16,2025-07-02,2026-08-04,364.0,227,0.02522526902060207,3566.0,11651.645988698305,182.0,774,True
ELE-11159,Electronics,CorePeak,zone c,FastShip Pvt,contact661@fastshippvt.com,2024-11-03,2025-07-20,2026-07-04,50.0,32,0.8858969834688758,0.0,0.0,,25,True
HOM-39608,Home & Kitchen,ZenCraft,Zone A,QuickStock,,2024-04-16,2026-02-17,2026-06-14,486.0,220,,0.0,0.0,94.0,3,True
ELE-74846,Electronics,AlphaEdge,ZONE D,LocalSource,contact454@localsource.com,2024-09-04,2025-06-17,2026-06-08,158.0,113,0.4212428977816004,2466.0,7631.586358400603,102.0,29,True
HOM-21566,Home & Kitchen,NovaLine,Zone C,LocalSource,contact804@localsource.com,2024-10-11,2026-03-08,2026-06-15,186.0,263,0.023605073284656775,975.0,1142.1454068841874,189.0,375,True
ELE-52102,Electronics,SwiftBrand,Zone A,DirectImport,contact676@directimport.com,2024-05-02,2025-11-01,2026-06-11,490.0,98,0.3386721140182236,6554.0,8309.854624395703,163.0,12,True
APP-66255,Apparel,AlphaEdge,Zone C,LocalSource,contact125@localsource.com,2024-07-01,2025-09-28,2026-09-08,-28.0,286,0.35739058619723907,3730.0,4874.5687670631905,31.0,16,True
HOM-68845,Home & Kitchen,SwiftBrand,Zone A,QuickStock,contact593@quickstock.com,2024-08-04,2025-05-22,2026-07-07,389.0,172,0.7662602446741865,2898.0,6396.174673239486,157.0,14,True
ELE-13867,Electronics,NovaLine,Zone C,FastShip Pvt,contact116@fastshippvt.com,2024-08-30,,2026-09-18,17.0,133,0.012909268402059415,3425310.0,4158532.9106278936,107.0,5,False
HOM-73199,Home & Kitchen,SwiftBrand,Zone D,DirectImport,,2024-11-17,2025-12-01,2026-06-07,4.0,15,0.11239862408110501,6716.0,23021.15765547981,12.0,30,True
APP-41394,Apparel,AlphaEdge,Zone B,LocalSource,contact205@localsource.com,2024-06-19,2025-07-18,2026-07-20,145.0,10,0.7943413013416575,943.0,2505.084229831737,0.1253181142456893,39,False
STA-16558,Stationery,SwiftBrand,Zone A,PrimeParts,contact397@primeparts.com,2024-06-07,2025-10-24,2026-06-26,326.0,58,0.7830776417677942,6438.0,7424.800612851652,130.0,572,False
APP-10111,Apparel,SwiftBrand,Zone C,GlobalTrade Ltd,contact847@globaltradeltd.com,2024-06-24,2026-02-02,2026-05-28,176.0,96,0.8783887538044586,1551.0,2369.3920594999545,,38,True
APP-94259,Apparel,TrueForm,ZONE A,GlobalTrade Ltd,contact217@globaltradeltd.com,2024-10-04,2025-08-16,2026-05-28,78.0,103,0.2728598162035629,5536.0,13936.231608737042,46.0,28,True
HOM-62235,Home & Kitchen,CorePeak,zone b,LocalSource,contact588@localsource.com,2024-07-25,2025-04-13,2026-05-28,411.0,247,0.6113184946246066,6675.0,11846.427047485684,53.0,22,True
BEA-56177,Beauty,TrueForm,Zone D,FastShip Pvt,contact432@fastshippvt.com,2024-07-19,2025-10-08,2026-05-31,191.0,285,0.289624765848958,6733.0,12659.740283753383,17.0,729,False
STA-63814,Stationery,TrueForm,Zone A,LocalSource,contact443@localsource.com,2024-11-12,2025-07-21,2026-08-15,211.0,192,0.6302845088925895,7514.0,11431.54269454592,177.0,5,True
ELE-71828,Electronics,CorePeak,Zone B,QuickStock,,2024-08-24,2026-02-18,2026-06-20,215.0,127,0.515964849732657,2429.0,7995.8626038826815,61.0,24,True
APP-11866,Apparel,NovaLine,Zone D,PrimeParts,contact744@primeparts.com,2024-08-28,,2026-08-07,445.0,40,0.2879200069522405,3723.0,10362.642277950314,96.0,18,True
BEA-25971,Beauty,UrbanWave,Zone C,GlobalTrade Ltd,contact824@globaltradeltd.com,2024-08-09,,2026-08-23,8.0,259,0.2791965118480363,3121927.0,10723143.777297415,27.0,18,False
STA-32773,Stationery,ZenCraft,Zone C,PrimeParts,,2024-12-08,2025-06-27,2026-07-09,360.0,68,,0.0,0.0,140.0,20,True
TOY-21751,Toys,SwiftBrand,Zone B,QuickStock,,2024-12-02,2026-03-05,2026-07-02,155.0,200,0.7328232184937322,3278.0,9158.747266888024,28.0,21,True
APP-27888,Apparel,CorePeak,Zone D,QuickStock,contact779@quickstock.com,2024-07-28,2025-12-29,2026-09-06,246.0,52,0.8478186594897804,7689.0,11639.187239263569,158.0,38,False
SPO-94943,Sports & Outdoors,TrueForm,Zone A,LocalSource,contact988@localsource.com,2024-06-16,2025-05-05,2026-08-19,345.0,61,0.6142715297863007,63.0,176.39244620922838,0.40669787839962884,29,True
BEA-67582,Beauty,SwiftBrand,zone a,GlobalTrade Ltd,contact174@globaltradeltd.com,2024-06-28,2025-07-03,2026-08-04,469.0,216,0.6596796044289029,6527.0,19274.00052988433,85.0,5,True
SPO-49464,Sports & Outdoors,CorePeak,Zone A,LocalSource,contact778@localsource.com,2024-12-01,,2026-08-18,274.0,49,,3718350.0,6271727.4457135815,94.0,44,True
ELE-46219,Electronics,ZenCraft,Zone C,PrimeParts,,2024-10-28,2025-05-02,2026-07-23,128.0,195,0.14688404885484185,1817.0,6344.3966073526635,,27,True
APP-37583,Apparel,ZenCraft,Zone A,PrimeParts,contact857@primeparts.com,2024-06-11,2026-03-24,2026-08-13,55.0,84,0.8757705356652846,380.0,641.5475124210276,75.0,271,True
APP-37775,Apparel,ZenCraft,Zone D,GlobalTrade Ltd,contact959@globaltradeltd.com,2024-07-15,,2026-07-04,436.0,171,0.23481266726452632,6199.0,7289.116274485729,105.0,31,False
APP-69650,Apparel,AlphaEdge,Zone B,LocalSource,contact651@localsource.com,2024-07-17,2025-05-25,2026-08-20,78.0,257,0.7331406035618564,5314.0,11184.718457669034,43.0,32,True
ELE-68346,Electronics,AlphaEdge,zone d,SupplyCo India,contact251@supplycoindia.com,2024-08-14,2025-09-05,2026-09-03,23.0,244,0.9267083401707841,1384.0,2922.7061685899466,92.0,22,True
TOY-89478,Toys,CorePeak,ZONE C,PrimeParts,contact969@primeparts.com,2024-06-12,2025-11-12,2026-07-12,458.0,120,0.6699627154686237,7387.0,8905.172125251427,136.0,6,True
HOM-91974,Home & Kitchen,UrbanWave,ZONE A,SupplyCo India,contact124@supplycoindia.com,2024-07-11,2025-09-10,2026-09-20,41.0,66,0.17368692988552614,541.0,1042.6581260145479,152.0,40,True
APP-34892,Apparel,UrbanWave,zone d,PrimeParts,contact235@primeparts.com,2024-10-27,2025-08-03,2026-06-19,76.0,291,0.43500945443591843,6982.0,17718.336319057027,168.0,36,True
ELE-20022,Electronics,ZenCraft,Zone D,QuickStock,contact724@quickstock.com,2024-08-22,2026-01-26,2026-08-03,196.0,106,0.2915455350691113,4644.0,14760.398658532273,129.0,12,True
TOY-70216,Toys,ZenCraft,Zone A,GlobalTrade Ltd,contact480@globaltradeltd.com,2024-04-22,,2026-06-11,253.0,85,0.9290846108015032,2236.0,7065.3903234324,,44,True
BEA-14140,Beauty,AlphaEdge,Zone B,GlobalTrade Ltd,,2024-10-25,2025-07-10,2026-09-15,84.0,173,0.9161892912620863,2165.0,3050.8176248884624,76.0,28,True
APP-30624,Apparel,NovaLine,Zone B,DirectImport,contact428@directimport.com,2024-11-01,2025-06-25,2026-07-07,147.0,187,0.32410672869577173,0.0,0.0,111.0,32,False
APP-70315,Apparel,SwiftBrand,Zone D,LocalSource,contact788@localsource.com,2024-12-04,2025-04-02,2026-06-11,373.0,50,0.9248860524423812,5838.0,18976.71867673464,21.0,21,True
HOM-60474,Home & Kitchen,ZenCraft,Zone C,QuickStock,contact381@quickstock.com,2024-06-16,2025-06-30,2026-06-15,285.0,269,0.7279756266053495,1095.0,3096.4939247285893,184.0,26,True
APP-29955,Apparel,ZenCraft,ZONE C,FastShip Pvt,contact206@fastshippvt.com,2024-05-08,,2026-09-01,201.0,281,0.11053957761488209,5996.0,9216.688614959454,,11,True
ELE-53781,Electronics,AlphaEdge,Zone B,LocalSource,contact965@localsource.com,2024-11-23,2025-05-03,2026-06-07,196.0,88,0.8457847305257,603.0,1318.6731092095206,118.0,21,False
SPO-67217,Sports & Outdoors,SwiftBrand,Zone B,PrimeParts,contact740@primeparts.com,2024-08-03,2025-08-17,2026-06-09,234.0,184,0.5781094107806155,3545.0,5414.021296015266,144.0,26,True
HOM-20089,Home & Kitchen,UrbanWave,Zone C,SupplyCo India,contact204@supplycoindia.com,2024-05-29,2025-10-17,2026-06-01,4.0,228,0.49634537132014256,2718.0,3547.978559953901,0.703997124427018,7,True
ELE-39036,Electronics,SwiftBrand,Zone B,LocalSource,contact230@localsource.com,2024-06-24,2026-01-08,2026-08-03,61.0,65,,7470.0,9666.923062298085,44.0,33,False
TOY-81395,Toys,SwiftBrand,Zone D,GlobalTrade Ltd,contact831@globaltradeltd.com,2024-10-28,2025-08-03,2026-07-04,44.0,134,0.9876944537432157,5605.0,7952.229900399801,182.0,varies,True
TOY-36114,Toys,ZenCraft,Zone D,QuickStock,contact319@quickstock.com,2024-07-28,2025-04-03,2026-07-20,176.0,92,0.2890276428925578,3152.0,4183.373047254491,185.0,25,True
ELE-27895,Electronics,NovaLine,Zone C,DirectImport,contact683@directimport.com,2024-10-26,2025-07-02,2026-07-10,76.0,283,0.5215785077749362,2963.0,9164.484186742417,190.0,10,True
APP-89144,Apparel,ZenCraft,ZONE C,SupplyCo India,contact377@supplycoindia.com,2024-09-21,2026-03-25,2026-06-06,461.0,30,0.6912042068094941,1639.0,4053.6330565939893,139.0,28,True
TOY-97592,Toys,SwiftBrand,Zone B,DirectImport,contact670@directimport.com,2024-04-30,2025-11-25,2026-05-26,104.0,51,0.35441643452730587,5677.0,4288.197337873729,127.0,41,True
BEA-82355,Beauty,SwiftBrand,Zone A,FastShip Pvt,contact287@fastshippvt.com,2024-09-11,2026-01-25,2026-08-27,298.0,76,0.8676114316183182,3504.0,9146.529330992173,43.0,262,True
HOM-85502,Home & Kitchen,AlphaEdge,Zone A,FastShip Pvt,contact575@fastshippvt.com,2024-11-25,2025-10-25,2026-07-24,98.0,202,0.15734313860350835,648.0,1415.2968786762508,0.7885641564092825,20,True
ELE-51801,Electronics,UrbanWave,Zone B,LocalSource,contact983@localsource.com,2024-09-26,2025-06-30,2026-06-06,6.0,26,0.8309405208755498,2462.0,7679.545286364041,77.0,11,True
ELE-78502,Electronics,TrueForm,zone c,SupplyCo India,contact289@supplycoindia.com,2024-05-27,2025-09-05,2026-05-29,241.0,214,0.9022975142330846,2282.0,4610.38521600468,,on demand,True
BEA-88111,Beauty,TrueForm,Zone D,DirectImport,contact138@directimport.com,2024-07-22,,2026-07-24,240.0,48,0.6000557650317335,6255.0,21874.60754983806,51.0,27,True
TOY-53342,Toys,AlphaEdge,Zone B,DirectImport,contact725@directimport.com,2024-12-06,2025-08-05,2026-08-24,14.0,127,0.44503581571441164,0.0,0.0,137.0,22,False
TOY-71746,Toys,UrbanWave,Zone B,QuickStock,contact115@quickstock.com,2024-07-04,2025-12-23,2026-06-03,71.0,285,0.5620440955383038,2632.0,4394.815332304016,148.0,38,True
STA-85465,Stationery,SwiftBrand,Zone A,DirectImport,,2024-10-12,2025-06-19,2026-06-26,50.0,194,0.5242135546939334,7140.0,9835.767926966062,0.8213855402718748,26,True
ELE-99097,Electronics,ZenCraft,Zone A,SupplyCo India,,2024-07-16,2025-11-19,2026-09-03,86.0,101,0.761487454234419,744.0,1923.4697163414075,76.0,37,True
AUT-24767,Automotive,NovaLine,zone d,DirectImport,contact419@directimport.com,2024-10-30,2025-08-23,2026-07-19,140.0,185,0.2149624923194856,4573.0,6364.986582483753,56.0,19,True
ELE-47542,Electronics,TrueForm,Zone C,SupplyCo India,contact891@supplycoindia.com,2024-07-14,2026-01-11,2026-08-12,224.0,70,0.11857263628342196,2094.0,6944.337133284932,162.0,2-3 weeks,True
APP-70067,Apparel,UrbanWave,Zone D,FastShip Pvt,contact337@fastshippvt.com,2024-04-20,2025-05-15,2026-07-24,356.0,287,0.3915312836273994,3037.0,5975.892890539533,150.0,42,True
ELE-38449,Electronics,AlphaEdge,Zone C,SupplyCo India,contact180@supplycoindia.com,2024-05-13,,2026-07-24,139.0,293,0.3526518069268102,980.0,3353.632286328262,41.0,6,True
STA-39216,Stationery,SwiftBrand,Zone D,PrimeParts,contact612@primeparts.com,2024-05-11,2025-06-07,2026-06-05,222.0,168,0.5833300905638155,4007.0,13107.45641961846,84.0,42,True
ELE-45779,Electronics,TrueForm,zone c,QuickStock,contact758@quickstock.com,2024-05-13,2025-12-31,2026-09-16,221.0,115,0.5183254130561992,3150.0,8442.902193532998,181.0,29,True
ELE-63461,Electronics,NovaLine,Zone A,DirectImport,contact456@directimport.com,2024-11-08,2025-10-11,2026-06-08,98.0,223,0.7143491355329407,5682.0,15813.72259846963,55.0,40,True
APP-69729,Apparel,UrbanWave,Zone B,LocalSource,contact552@localsource.com,2024-10-02,2025-06-09,2026-06-15,241.0,297,0.650015828244699,0.0,0.0,189.0,11,False
HOM-81357,Home & Kitchen,TrueForm,Zone D,GlobalTrade Ltd,contact947@globaltradeltd.com,2024-05-25,2026-03-04,2026-08-17,134.0,47,0.6614892630831111,0.0,0.0,126.0,20,True
SPO-99453,Sports & Outdoors,UrbanWave,Zone D,QuickStock,,2024-10-08,2025-12-14,2026-07-21,233.0,108,3.3610284016946386,1390.0,3219.604977598666,,6,True
APP-89294,Apparel,ZenCraft,zone c,PrimeParts,contact795@primeparts.com,2024-05-02,2025-05-25,2026-08-09,364.0,277,0.6460589285922788,107.0,167.83939896236728,138.0,30,True
STA-40240,Stationery,CorePeak,zone c,QuickStock,contact816@quickstock.com,2024-11-26,2026-02-18,2026-08-20,280.0,135,0.28904973713731597,412.0,501.16064454385537,36.0,36,True
HOM-79958,Home & Kitchen,ZenCraft,Zone B,GlobalTrade Ltd,,2024-04-11,2025-11-11,2026-06-30,259.0,271,0.11220092577736729,2728.0,6645.93199824565,98.0,16,True
ELE-50548,Electronics,NovaLine,zone a,DirectImport,contact627@directimport.com,2024-09-20,2025-05-10,2026-06-25,117.0,15,0.34399962082263036,3153.0,10895.753576669838,197.0,14,True
TOY-26698,Toys,AlphaEdge,ZONE C,PrimeParts,contact509@primeparts.com,2024-04-16,2025-07-06,2026-07-02,408.0,125,0.9449693065069535,2607.0,5765.968403924931,86.0,44,True
APP-31455,Apparel,ZenCraft,Zone A,DirectImport,,2024-04-07,2026-01-15,2026-08-31,215.0,241,0.8970962738758538,2242.0,2988.938628992555,43.0,42,True
ELE-12310,Electronics,SwiftBrand,Zone D,SupplyCo India,contact174@supplycoindia.com,2024-11-08,2026-01-28,2026-07-04,160.0,85,0.8179050849375116,4779.0,16465.368713012944,148.0,10,True
ELE-47711,Electronics,TrueForm,zone a,PrimeParts,contact213@primeparts.com,2024-10-22,2025-04-17,2026-08-18,256.0,237,0.5832250935496867,2718.0,7248.11842506195,,17,True
ELE-28566,Electronics,UrbanWave,Zone B,LocalSource,contact833@localsource.com,2024-09-16,2025-11-30,2026-08-16,285.0,197,0.8231849637973074,2125.0,6640.940135203916,95.0,14,True
TOY-48762,Toys,CorePeak,ZONE A,LocalSource,contact610@localsource.com,2024-10-17,2025-08-05,2026-09-17,449.0,289,0.25778066774836905,372.0,1045.4458164635057,194.0,522,False
ELE-28179,Electronics,AlphaEdge,Zone A,FastShip Pvt,,2024-04-22,2025-11-24,2026-07-01,143.0,143,0.21175716578272807,7749.0,18284.838084281986,,2-3 weeks,True
ELE-76109,Electronics,UrbanWave,zone d,FastShip Pvt,contact956@fastshippvt.com,2024-08-19,2025-10-23,2026-07-05,493.0,262,0.3968812226074251,4889.0,6186.363977869089,132.0,20,False
ELE-30822,Electronics,NovaLine,zone d,FastShip Pvt,,2024-05-08,,2026-06-19,240.0,81,0.4858732433010806,6726.0,13033.980496714343,57.0,23,False
ELE-24185,Electronics,ZenCraft,Zone D,PrimeParts,contact465@primeparts.com,2024-05-30,2025-03-29,2026-06-21,411.0,265,0.4348553302193062,2017190.0,6350527.3380807135,0.6846346585840418,42,True
AUT-72854,Automotive,UrbanWave,Zone A,LocalSource,contact836@localsource.com,2024-04-16,2025-06-11,2026-06-28,79.0,220,0.2985618640253864,4894.0,8351.893516218503,157.0,34,True
ELE-91245,Electronics,ZenCraft,Zone A,FastShip Pvt,,2024-04-15,,2026-05-27,260.0,59,0.7748738594487224,4195.0,9598.280071041865,72.0,15,True
HOM-11626,Home & Kitchen,SwiftBrand,ZONE A,GlobalTrade Ltd,contact297@globaltradeltd.com,2024-09-29,2025-08-27,2026-08-13,243.0,172,,3750.0,11597.853724993001,127.0,6,True
APP-18347,Apparel,SwiftBrand,Zone D,DirectImport,contact344@directimport.com,2024-07-17,2025-06-09,2026-08-24,270.0,88,0.8248513095816191,1546.0,4733.441051665495,73.0,28,True
APP-44801,Apparel,NovaLine,Zone A,LocalSource,contact685@localsource.com,2024-12-03,2025-11-29,2026-07-28,215.0,26,0.6206416402723611,4140.0,13995.365114728327,195.0,20,True
TOY-43464,Toys,GenericPlus,Zone B,QuickStock,contact793@quickstock.com,2024-11-09,2025-10-25,2026-07-24,148.0,127,0.9340151481417619,2387.0,1788.5852893791316,106.0,18,True
ELE-59702,Electronics,TrueForm,Zone D,QuickStock,contact163@quickstock.com,2024-05-31,2025-11-25,2026-05-26,342.0,101,0.5091013865416559,4703.0,9114.232971005567,178.0,40,True
TOY-14346,Toys,ZenCraft,Zone D,PrimeParts,,2024-11-09,2025-10-01,2026-05-27,118.0,98,0.3998024608220381,6118.0,14238.459934566154,,37,False
SPO-63132,Sports & Outdoors,NovaLine,Zone C,DirectImport,contact460@directimport.com,2024-04-10,,2026-06-30,204.0,297,0.4808034455877198,3443.0,8656.190212674104,156.0,19,True
ELE-26277,Electronics,UrbanWave,Zone A,QuickStock,contact659@quickstock.com,2024-07-14,2025-08-12,2026-08-13,363.0,217,0.23609374315125886,3583.0,7061.091019715419,185.0,30,False
APP-72185,Apparel,NovaLine,Zone C,GlobalTrade Ltd,,2024-04-13,2025-12-05,2026-07-14,76.0,65,0.8641919052050722,5400.0,8657.727492522838,46.0,22,True
APP-32220,Apparel,CorePeak,Zone B,LocalSource,,2024-06-04,2025-08-05,2026-08-31,192.0,124,,5407.0,9468.183630830203,,11,True
HOM-96183,Home & Kitchen,GenericPlus,Zone C,FastShip Pvt,contact178@fastshippvt.com,2024-11-15,2025-12-22,2026-06-24,324.0,207,0.9664287770865078,6158.0,20013.626992182344,55.0,42,True
TOY-40193,Toys,CorePeak,Zone D,QuickStock,contact210@quickstock.com,2024-10-10,,2026-08-22,165.0,67,0.09779474564823121,3510.0,4114.5370883881105,111.0,13,True
ELE-11215,Electronics,CorePeak,Zone B,DirectImport,contact367@directimport.com,2024-07-12,2025-11-24,2026-09-11,371.0,75,0.9156628832929067,1183.0,3939.241389636461,121.0,34,True
HOM-65430,Home & Kitchen,UrbanWave,Zone B,SupplyCo India,,2024-07-05,2025-07-07,2026-05-31,200.0,88,0.10340073478307621,903.0,1685.7714865567107,73.0,28,True
APP-73605,Apparel,AlphaEdge,Zone B,PrimeParts,contact639@primeparts.com,2024-05-12,2025-07-25,2026-09-13,149.0,201,,2101.0,7153.4951881515335,26.0,4,True
APP-81311,Apparel,GenericPlus,Zone C,FastShip Pvt,contact963@fastshippvt.com,2024-08-31,2025-05-19,2026-07-02,255.0,258,0.37595094575624866,2354.0,2840.51345743847,174.0,31,True
STA-68337,Stationery,ZenCraft,Zone B,DirectImport,contact233@directimport.com,2024-06-17,2025-07-09,2026-08-30,62.0,276,0.14837238778849804,3093.0,9858.20972016136,,13,True
BEA-85089,Beauty,ZenCraft,Zone C,LocalSource,contact396@localsource.com,2024-11-07,2026-01-21,2026-06-28,349.0,123,,5532.0,11191.572640480506,135.0,27,True
HOM-30676,Home & Kitchen,TrueForm,Zone B,FastShip Pvt,contact359@fastshippvt.com,2024-12-06,2025-04-23,2026-07-21,381.0,153,0.5425631420007037,4214.0,14011.393247968013,39.0,43,True
ELE-31761,Electronics,TrueForm,ZONE A,GlobalTrade Ltd,contact322@globaltradeltd.com,2024-12-02,2025-04-07,2026-09-15,-76.0,249,0.3834132355754365,2859.0,8826.249940497955,191.0,42,True
SPO-33724,Sports & Outdoors,AlphaEdge,Zone C,QuickStock,contact830@quickstock.com,2024-10-24,2026-03-18,2026-08-02,142.0,253,0.6788170187328967,5807.0,10096.93580340537,184.0,43,True
APP-27961,Apparel,AlphaEdge,Zone C,GlobalTrade Ltd,,2024-08-14,2025-07-14,2026-09-09,107.0,179,0.4321728996802279,4493.0,9472.282853977196,140.0,30,True
TOY-75491,Toys,ZenCraft,ZONE A,GlobalTrade Ltd,contact394@globaltradeltd.com,2024-10-23,2025-05-10,2026-06-11,67.0,108,0.41396234079811633,7642.0,20005.423103381203,117.0,38,True
BEA-82211,Beauty,SwiftBrand,Zone B,QuickStock,contact733@quickstock.com,2024-04-08,2025-11-15,2026-09-18,258.0,16,0.9083986387022579,7762.0,26655.359542178434,,22,True
BEA-40975,Beauty,GenericPlus,zone c,GlobalTrade Ltd,contact484@globaltradeltd.com,2024-07-08,2025-05-09,2026-07-10,17.0,198,0.8675162382390372,5790.0,11745.196065404227,158.0,20,True
ELE-94135,Electronics,TrueForm,Zone D,PrimeParts,contact694@primeparts.com,2024-12-01,2025-09-13,2026-09-03,285.0,66,0.9524975947113196,1546.0,4039.067421644796,0.34488664679221154,15,False
APP-13858,Apparel,GenericPlus,Zone B,FastShip Pvt,contact923@fastshippvt.com,2024-08-24,2025-08-08,2026-07-27,211.0,135,0.8305431975142391,5380.0,13443.200835899695,,28,True
STA-37719,Stationery,AlphaEdge,Zone D,PrimeParts,contact573@primeparts.com,2024-07-31,2025-07-26,2026-08-09,408.0,255,0.6262590054576399,4377.0,8377.168157738053,158.0,19,True
STA-52854,Stationery,GenericPlus,ZONE B,DirectImport,contact190@directimport.com,2024-11-30,2025-04-28,2026-06-26,-9.0,295,0.07060541534330311,1007.0,1638.9641492995934,53.0,27,False
ELE-60656,Electronics,NovaLine,Zone D,PrimeParts,contact728@primeparts.com,2024-08-05,,2026-06-05,213.0,251,0.34315672928055385,7764.0,22891.64356869717,193.0,21,True
ELE-73714,Electronics,CorePeak,Zone B,QuickStock,,2024-07-08,2025-05-19,2026-08-07,309.0,155,0.9499755393977456,372.0,642.4302469512518,192.0,40,True
BEA-64722,Beauty,TrueForm,Zone A,SupplyCo India,contact364@supplycoindia.com,2024-09-15,,2026-09-18,-70.0,255,0.9513228946212683,6653.0,21084.3431160312,,11,True
APP-41257,Apparel,AlphaEdge,Zone A,PrimeParts,contact884@primeparts.com,2024-05-26,2025-10-21,2026-07-08,429.0,175,0.5387802564601871,2792514.0,9685266.981303373,165.0,41,True
HOM-35889,Home & Kitchen,AlphaEdge,Zone B,GlobalTrade Ltd,contact669@globaltradeltd.com,2024-05-23,2025-10-06,2026-07-08,476.0,109,0.5534635486246959,2118.0,3923.174910654721,42.0,23,True
SPO-66206,Sports & Outdoors,CorePeak,zone c,FastShip Pvt,contact979@fastshippvt.com,2024-05-20,,2026-06-12,372.0,52,0.18668849725979275,7928.0,23479.50322953065,54.0,33,True
BEA-87202,Beauty,UrbanWave,Zone B,LocalSource,contact265@localsource.com,2024-05-06,2025-04-30,2026-06-15,170.0,134,0.9091697096427809,7400.0,13089.149155491381,126.0,12,True
ELE-82184,Electronics,GenericPlus,Zone C,SupplyCo India,,2024-09-19,2025-12-07,2026-08-28,410.0,29,0.6705794749084564,4211.0,6822.929276350618,22.0,26,True
TOY-53575,Toys,GenericPlus,Zone A,LocalSource,contact740@localsource.com,2024-08-03,,2026-08-10,490.0,200,0.9415617898377976,2651.0,8025.353566819707,,30,True
BEA-38400,Beauty,UrbanWave,Zone D,GlobalTrade Ltd,contact483@globaltradeltd.com,2024-08-03,2025-05-04,2026-07-08,346.0,154,0.19489301319437258,1894.0,2963.485101102823,49.0,11,True
ELE-98090,Electronics,AlphaEdge,Zone C,PrimeParts,contact954@primeparts.com,2024-07-11,2025-11-11,2026-08-31,109.0,299,0.22837393717650745,3095.0,6185.836729665215,152.0,42,True
BEA-83837,Beauty,CorePeak,Zone D,PrimeParts,contact182@primeparts.com,2024-06-26,2026-01-06,2026-07-16,176.0,286,0.7888946903395947,7614.0,21684.181789942344,86.0,43,True
APP-56140,Apparel,UrbanWave,Zone C,GlobalTrade Ltd,contact465@globaltradeltd.com,2024-05-07,2025-04-08,2026-08-22,225.0,270,0.26110699763504175,4455.0,6966.4071886299325,125.0,36,True
HOM-63936,Home & Kitchen,AlphaEdge,ZONE D,SupplyCo India,contact705@supplycoindia.com,2024-09-14,2025-09-03,2026-06-19,373.0,179,0.6824835322961269,953.0,1194.6724345687203,154.0,13,True
ELE-44395,Electronics,TrueForm,Zone A,QuickStock,,2024-10-19,2026-01-29,2026-08-29,178.0,143,0.16581716245042244,1854657.0,4568475.764486021,191.0,4,True
BEA-83970,Beauty,GenericPlus,Zone D,LocalSource,contact488@localsource.com,2024-04-27,2025-07-08,2026-06-30,205.0,112,0.6219500316234103,1187558.0,2582849.419332821,41.0,16,True
TOY-57249,Toys,GenericPlus,Zone B,DirectImport,contact479@directimport.com,2024-05-16,2025-04-20,2026-09-06,358.0,125,0.6679371064962588,3972.0,9736.22020532154,179.0,37,True
APP-48413,Apparel,ZenCraft,Zone A,QuickStock,contact410@quickstock.com,2024-04-10,2025-09-11,2026-08-25,485.0,80,0.6886442037491911,2383620.0,7352674.495669307,106.0,16,True
STA-74876,Stationery,AlphaEdge,Zone A,PrimeParts,contact480@primeparts.com,2024-04-08,2026-03-07,2026-06-12,447.0,45,0.04923130919015428,2915.0,7357.864840959927,122.0,854,True
APP-52387,Apparel,AlphaEdge,zone a,SupplyCo India,,2024-10-26,2025-05-31,2026-08-23,41.0,28,0.3845291998749505,4722.0,9578.742758576838,84.0,11,True
AUT-36280,Automotive,TrueForm,Zone D,DirectImport,contact743@directimport.com,2024-06-25,2026-03-02,2026-08-23,267.0,62,0.8957122849127628,1668.0,3723.2931198322403,108.0,8,True
BEA-35460,Beauty,NovaLine,ZONE D,GlobalTrade Ltd,contact216@globaltradeltd.com,2024-06-12,2025-06-17,2026-06-16,-59.0,241,0.20760290186260033,1608691.0,4840894.170482809,54.0,19,True
BEA-99023,Beauty,AlphaEdge,Zone A,GlobalTrade Ltd,contact141@globaltradeltd.com,2024-04-18,,2026-07-19,493.0,223,0.6604148200178063,4540.0,14621.120757296625,,32,True
SPO-97997,Sports & Outdoors,NovaLine,Zone C,LocalSource,contact139@localsource.com,2024-10-15,2025-10-30,2026-09-13,72.0,280,1.9867335796460768,4461.0,10498.361823042338,77.0,8,True
BEA-63953,Beauty,GenericPlus,Zone A,QuickStock,contact934@quickstock.com,2024-10-15,2025-11-07,2026-09-08,379.0,255,0.34645466892074717,5566.0,19336.049256028942,184.0,11,True
ELE-73606,Electronics,ZenCraft,Zone B,QuickStock,,2024-05-29,2026-01-16,2026-06-21,296.0,49,0.9319598789683923,6142.0,13777.896881716908,,37,True
ELE-87361,Electronics,ZenCraft,Zone B,SupplyCo India,contact251@supplycoindia.com,2024-11-28,2025-12-24,2026-06-30,234.0,16,0.45044097617147516,4687.0,12826.740090674259,32.0,38,True
APP-48135,Apparel,SwiftBrand,Zone B,DirectImport,contact704@directimport.com,2024-12-02,2025-10-13,2026-07-26,270.0,88,0.5686356507557538,7957.0,27654.69510992182,165.0,26,True
STA-79663,Stationery,GenericPlus,Zone B,LocalSource,contact733@localsource.com,2024-09-19,2025-12-01,2026-09-18,195.0,193,0.5864715646653673,4157.0,9815.571148204184,51.0,21,True
AUT-11852,Automotive,ZenCraft,ZONE C,LocalSource,contact421@localsource.com,2024-07-19,2026-03-11,2026-06-26,351.0,200,0.004718814515554892,888.0,1454.0401905148917,0.24842749464015573,29,True
HOM-43822,Home & Kitchen,CorePeak,ZONE A,PrimeParts,contact930@primeparts.com,2024-04-21,2025-09-06,2026-09-10,481.0,201,0.3434123751867757,3425.0,8925.525261505752,90.0,38,True
SPO-99453,Sports & Outdoors,UrbanWave,Zone D,QuickStock,,2024-10-08,2025-12-14,2026-07-21,233.0,108,3.3610284016946386,1390.0,3219.604977598666,,6,True
AUT-66093,Automotive,CorePeak,Zone B,DirectImport,contact755@directimport.com,2024-07-08,2025-09-12,2026-08-03,398.0,25,0.9105220398723307,2317.0,5991.573825134272,85.0,36,True
HOM-39336,Home & Kitchen,SwiftBrand,Zone A,PrimeParts,,2024-04-09,2025-10-29,2026-09-01,0.0,175,0.062497126477979115,3949.0,9106.088645219916,66.0,9,True
APP-40343,Apparel,AlphaEdge,Zone C,PrimeParts,contact662@primeparts.com,2024-11-19,2025-12-07,2026-07-31,426.0,269,0.9187623625117499,435.0,1151.3954585615268,123.0,16,True
AUT-29629,Automotive,ZenCraft,ZONE A,FastShip Pvt,,2024-11-19,2026-03-13,2026-08-17,495.0,187,0.9817308908452044,2384.0,3687.999081402978,162.0,23,True
APP-61301,Apparel,ZenCraft,Zone D,SupplyCo India,contact947@supplycoindia.com,2024-10-11,2026-03-01,2026-07-09,296.0,198,0.2562178974072996,3710.0,11633.728080182116,95.0,17,True
APP-29063,Apparel,NovaLine,Zone D,FastShip Pvt,,2024-08-26,2025-09-26,2026-06-10,331.0,203,0.5893260508085636,2048.0,3637.4662873326142,40.0,36,True
APP-70681,Apparel,CorePeak,Zone A,DirectImport,contact839@directimport.com,2024-06-11,2025-12-02,2026-09-11,384.0,180,0.4048606404804759,2079.0,6607.577914341271,121.0,18,True
BEA-79631,Beauty,TrueForm,Zone A,LocalSource,contact441@localsource.com,2024-05-26,2025-08-22,2026-08-16,31.0,143,3.472060860995781,0.0,0.0,113.0,23,True
SPO-92605,Sports & Outdoors,GenericPlus,Zone C,LocalSource,contact817@localsource.com,2024-08-10,2025-11-18,2026-07-03,361.0,143,0.05177786310411581,1429.0,4671.178369545327,28.0,39,True
APP-85894,Apparel,NovaLine,ZONE C,SupplyCo India,,2024-05-14,2025-11-08,2026-07-12,489.0,143,0.9186018872570875,291.0,228.35261117417812,165.0,15,True
TOY-65560,Toys,AlphaEdge,Zone D,QuickStock,contact121@quickstock.com,2024-08-31,,2026-06-12,312.0,247,0.24694918887112416,1478.0,1800.108201317042,73.0,21,False
APP-78937,Apparel,UrbanWave,zone c,GlobalTrade Ltd,contact147@globaltradeltd.com,2024-08-16,2025-06-02,2026-06-08,360.0,232,0.8787893984416696,7552.0,21445.74517217027,166.0,25,True
ELE-54399,Electronics,GenericPlus,Zone B,FastShip Pvt,contact706@fastshippvt.com,2024-08-15,2025-12-01,2026-06-07,421.0,182,0.9966213518280224,1380.0,3464.819502897761,48.0,44,False
ELE-46664,Electronics,ZenCraft,zone a,LocalSource,,2024-08-12,2025-08-08,2026-06-25,37.0,274,0.7460533218351292,66.0,80.6309554868425,107.0,21,False
ELE-60656,Electronics,NovaLine,Zone D,PrimeParts,contact728@primeparts.com,2024-08-05,,2026-06-05,213.0,251,0.34315672928055385,7764.0,22891.64356869717,193.0,21,True
HOM-47379,Home & Kitchen,AlphaEdge,Zone A,LocalSource,contact349@localsource.com,2024-04-19,2025-05-19,2026-08-16,45.0,75,0.8776263330052555,926.0,2407.122207339221,154.0,28,False
HOM-44308,Home & Kitchen,UrbanWave,Zone D,FastShip Pvt,contact603@fastshippvt.com,2024-04-30,2025-09-14,2026-06-20,298.0,275,0.6750474879967517,6985.0,21496.095600614237,64.0,27,True
SPO-49319,Sports & Outdoors,GenericPlus,zone d,FastShip Pvt,contact231@fastshippvt.com,2024-05-07,2025-05-19,2026-06-15,235.0,279,3.2793843068186828,5665.0,15399.963480695676,134.0,14,True
HOM-86913,Home & Kitchen,AlphaEdge,Zone B,SupplyCo India,,2024-05-04,2025-10-12,2026-05-25,357.0,237,0.9382042769714637,7249.0,20354.55995355033,143.0,19,True
TOY-70216,Toys,ZenCraft,Zone A,GlobalTrade Ltd,contact480@globaltradeltd.com,2024-04-22,,2026-06-11,253.0,85,0.9290846108015032,2236.0,7065.3903234324,,44,True
APP-78186,Apparel,ZenCraft,Zone B,QuickStock,contact325@quickstock.com,2024-06-10,2025-08-03,2026-07-03,441.0,276,0.489169823682861,6664.0,18457.40996432896,132.0,41,True
TOY-85440,Toys,TrueForm,ZONE A,QuickStock,contact711@quickstock.com,2024-06-04,,2026-07-07,-6.0,3,0.4603740328416389,2499.0,5048.873688238449,134.0,539,True
HOM-98611,Home & Kitchen,ZenCraft,Zone C,LocalSource,,2024-09-22,2026-02-07,2026-06-19,40.0,275,0.38398731659055796,2995.0,6734.7384940419,99.0,34,True
APP-11545,Apparel,SwiftBrand,Zone A,GlobalTrade Ltd,contact331@globaltradeltd.com,2024-06-25,2025-10-07,2026-08-25,304.0,24,,1635.0,2326.3807964858697,78.0,14,True
APP-62759,Apparel,UrbanWave,Zone D,QuickStock,contact640@quickstock.com,2024-06-02,2025-11-02,2026-07-26,381.0,270,0.7756022483266434,3987.0,11479.749890876928,144.0,37,True
APP-93686,Apparel,ZenCraft,zone b,FastShip Pvt,contact885@fastshippvt.com,2024-07-20,2025-09-15,2026-07-28,258.0,219,0.3299228310462309,3257.0,6851.241168719856,136.0,5,False
HOM-48217,Home & Kitchen,UrbanWave,Zone C,DirectImport,,2024-09-01,2025-06-27,2026-09-16,137.0,170,0.9508770935044238,7897.0,15228.644954319721,196.0,14,True
TOY-98284,Toys,SwiftBrand,zone b,DirectImport,,2024-06-03,2025-08-17,2026-06-09,141.0,280,0.48436549344981783,1689.0,2987.245794453734,110.0,20,True
AUT-83972,Automotive,GenericPlus,ZONE D,QuickStock,,2024-05-18,2026-03-08,2026-09-02,237.0,48,0.18071825025104427,6925.0,14057.900128849069,177.0,35,False
ELE-73357,Electronics,NovaLine,Zone A,LocalSource,contact809@localsource.com,2024-11-13,2025-06-16,2026-09-18,484.0,228,,1063.0,2261.9793368480923,161.0,27,True
AUT-46302,Automotive,TrueForm,Zone A,PrimeParts,contact519@primeparts.com,2024-09-15,2025-08-09,2026-08-11,346.0,195,,2256.0,5062.477824333508,89.0,32,True
AUT-35240,Automotive,SwiftBrand,Zone C,DirectImport,contact673@directimport.com,2024-09-10,2025-09-03,2026-07-01,244.0,142,0.7941358121540906,3374.0,4251.428823681811,60.0,15,True
AUT-18841,Automotive,GenericPlus,Zone B,GlobalTrade Ltd,contact296@globaltradeltd.com,2024-04-18,2025-09-29,2026-07-08,71.0,74,0.23525638325344245,1987.0,5487.046624850728,61.0,30,True
TOY-60674,Toys,NovaLine,Zone D,PrimeParts,contact658@primeparts.com,2024-05-25,2025-11-17,2026-07-09,212.0,33,0.008727094210455921,2172841.0,3084922.966964182,132.0,22,True
TOY-66447,Toys,TrueForm,zone a,DirectImport,contact513@directimport.com,2024-07-24,2025-12-09,2026-09-03,225.0,239,0.3337899489329823,3307.0,5449.328456387381,184.0,37,True
HOM-56324,Home & Kitchen,AlphaEdge,Zone B,LocalSource,contact801@localsource.com,2024-10-09,,2026-06-23,201.0,105,0.9719773765951039,0.0,0.0,95.0,291,True
HOM-68903,Home & Kitchen,AlphaEdge,ZONE A,LocalSource,contact915@localsource.com,2024-07-05,2025-10-30,2026-06-20,338.0,43,2.0711408069987662,1249.0,4095.6681397136235,65.0,27,True
SPO-77738,Sports & Outdoors,TrueForm,Zone C,LocalSource,contact239@localsource.com,2024-11-06,2025-11-05,2026-06-02,26.0,235,0.7533533087022639,3179.0,7334.736067694941,95.0,14,True
ELE-64722,Electronics,ZenCraft,Zone A,DirectImport,contact714@directimport.com,2024-05-03,2025-11-23,2026-05-26,498.0,181,0.26928977332905213,690.0,1692.8150979976892,32.0,36,False
ELE-22859,Electronics,GenericPlus,ZONE B,QuickStock,contact989@quickstock.com,2024-04-25,2025-07-17,2026-08-15,71.0,196,0.2938741609656893,7760.0,14334.375945039143,91.0,20,True
SPO-24981,Sports & Outdoors,NovaLine,Zone A,PrimeParts,contact723@primeparts.com,2024-08-25,2025-11-08,2026-06-29,416.0,97,0.6433330468163411,665.0,2260.071343426004,88.0,6,True
ELE-62798,Electronics,SwiftBrand,Zone C,LocalSource,,2024-08-04,2025-10-22,2026-07-07,445.0,206,0.7807056342451455,3417.0,6146.669390302084,120.0,27,True
HOM-30306,Home & Kitchen,AlphaEdge,zone a,DirectImport,contact253@directimport.com,2024-12-09,2026-01-13,2026-08-25,133.0,153,0.25656586724807706,7595.0,26303.69092304131,72.0,8,True
BEA-88596,Beauty,TrueForm,Zone A,GlobalTrade Ltd,contact894@globaltradeltd.com,2024-07-28,2025-07-08,2026-07-30,314.0,132,0.7006269951357051,4929.0,12991.69094761654,60.0,32,True
STA-30888,Stationery,UrbanWave,Zone B,QuickStock,contact794@quickstock.com,2024-09-12,2025-05-01,2026-07-24,9.0,7,0.5148043550963276,7205.0,25163.355785322434,38.0,32,True
ELE-22765,Electronics,CorePeak,ZONE C,FastShip Pvt,contact234@fastshippvt.com,2024-11-23,2025-12-02,2026-07-01,462.0,158,0.16792913951889576,3614.0,7726.034310537222,80.0,15,False
AUT-94461,Automotive,TrueForm,Zone C,GlobalTrade Ltd,contact172@globaltradeltd.com,2024-10-30,2025-07-19,2026-07-05,-18.0,180,0.24558005404434913,5998.0,9175.238604412305,159.0,36,True
BEA-57247,Beauty,SwiftBrand,Zone B,PrimeParts,contact705@primeparts.com,2024-08-21,2025-07-27,2026-07-15,285.0,56,0.0638103240486908,2979.0,7501.872864283742,163.0,29,True
ELE-86135,Electronics,AlphaEdge,zone b,GlobalTrade Ltd,contact770@globaltradeltd.com,2024-06-24,2026-01-03,2026-07-02,441.0,164,0.8875211576637773,605.0,1841.7477749834666,87.0,2-3 weeks,True
SPO-10489,Sports & Outdoors,UrbanWave,Zone D,QuickStock,,2024-06-05,2025-05-14,2026-08-01,41.0,211,0.21433648635021285,2614.0,3956.2063683881206,100.0,41,True
SPO-92605,Sports & Outdoors,GenericPlus,Zone C,LocalSource,contact817@localsource.com,2024-08-10,2025-11-18,2026-07-03,361.0,143,0.05177786310411581,1429.0,4671.178369545327,28.0,39,True
APP-11866,Apparel,NovaLine,Zone D,PrimeParts,contact744@primeparts.com,2024-08-28,,2026-08-07,445.0,40,0.2879200069522405,3723.0,10362.642277950314,96.0,18,True
BEA-73774,Beauty,GenericPlus,Zone A,PrimeParts,contact480@primeparts.com,2024-08-22,2026-01-16,2026-07-08,-71.0,16,0.3475292777252028,1901735.0,5081367.471642306,144.0,12,True
SPO-70907,Sports & Outdoors,UrbanWave,zone b,SupplyCo India,,2024-05-22,,2026-07-30,215.0,5,0.5142382437949279,1793.0,4945.048846466266,189.0,34,True
HOM-96775,Home & Kitchen,SwiftBrand,Zone D,QuickStock,contact631@quickstock.com,2024-10-09,2025-03-29,2026-06-21,57.0,163,0.7895550002297296,1550.0,4879.340140047077,,~1 month,True
BEA-61453,Beauty,NovaLine,Zone C,LocalSource,contact708@localsource.com,2024-11-22,,2026-06-16,493.0,116,0.1919976462522449,5005.0,5819.081358110114,,38,True
HOM-20838,Home & Kitchen,ZenCraft,zone b,GlobalTrade Ltd,contact633@globaltradeltd.com,2024-10-07,2026-02-28,2026-09-02,198.0,8,0.41628486429577294,1194.0,3424.844126200352,169.0,20,True
HOM-25708,Home & Kitchen,AlphaEdge,Zone C,LocalSource,contact537@localsource.com,2024-07-30,2025-06-16,2026-08-13,8.0,111,0.9554430929625306,1477.0,3098.271497795547,54.0,34,True
BEA-64787,Beauty,NovaLine,zone b,QuickStock,contact255@quickstock.com,2024-08-24,,2026-09-02,401.0,171,3.3498472597301086,2014.0,5180.418125751318,75.0,27,True
SPO-99778,Sports & Outdoors,UrbanWave,zone d,FastShip Pvt,contact143@fastshippvt.com,2024-04-07,2025-05-26,2026-05-30,30.0,102,0.6558245626772068,7845.0,12237.112217923648,,42,True
SPO-77630,Sports & Outdoors,ZenCraft,Zone C,QuickStock,,2024-08-03,2025-04-21,2026-06-16,105.0,39,0.4042953181766128,2147.0,5838.845506782419,177.0,31,False
ELE-64925,Electronics,ZenCraft,Zone B,DirectImport,contact596@directimport.com,2024-11-24,2025-06-02,2026-06-25,48.0,178,0.812064916140193,3338.0,6595.355050426688,0.4881687912319893,37,True
ELE-69790,Electronics,UrbanWave,Zone C,LocalSource,contact959@localsource.com,2024-05-31,2026-01-04,2026-09-20,193.0,115,0.4106735492205851,5183.0,12662.26095909911,170.0,11,True
APP-85012,Apparel,AlphaEdge,Zone C,QuickStock,contact871@quickstock.com,2024-06-19,2025-07-15,2026-07-12,136.0,42,0.5728001889760916,6571.0,18776.982717692787,15.0,22,True
ELE-60717,Electronics,AlphaEdge,Zone A,DirectImport,,2024-10-01,2026-01-23,2026-06-09,378.0,294,0.31055452091646363,4415.0,9290.548729455066,64.0,5,True
ELE-69121,Electronics,SwiftBrand,Zone A,DirectImport,,2024-10-06,2026-03-08,2026-07-26,200.0,94,0.8334073425379951,4084.0,11816.611352886783,28.0,27,False
APP-36591,Apparel,GenericPlus,Zone A,QuickStock,contact557@quickstock.com,2024-05-18,2025-04-07,2026-07-01,69.0,221,2.9729574565392243,5280.0,8646.563901383914,159.0,28,True
HOM-85713,Home & Kitchen,TrueForm,Zone D,LocalSource,,2024-09-10,2025-06-30,2026-06-04,405.0,167,0.10957382775377511,4248.0,13803.511125000496,151.0,8,False
SPO-32958,Sports & Outdoors,SwiftBrand,Zone B,QuickStock,contact498@quickstock.com,2024-07-25,2025-11-13,2026-09-20,8.0,264,1.362372090641448,4203.0,11657.951505809886,97.0,24,True
APP-13248,Apparel,GenericPlus,Zone B,LocalSource,contact587@localsource.com,2024-09-02,2025-11-25,2026-06-29,294.0,157,0.42241568153844444,6017.0,8872.49427859563,,589,True
APP-63821,Apparel,UrbanWave,ZONE A,FastShip Pvt,contact274@fastshippvt.com,2024-05-06,,2026-09-17,94.0,136,0.8535969286954508,2622.0,8513.970552397994,30.0,28,True
BEA-11494,Beauty,SwiftBrand,zone a,GlobalTrade Ltd,contact153@globaltradeltd.com,2024-12-09,2025-12-27,2026-07-25,192.0,25,0.5477170645460702,7895.0,19609.11430558357,64.0,37,True
AUT-44892,Automotive,NovaLine,Zone B,QuickStock,contact661@quickstock.com,2024-10-02,2025-04-06,2026-06-21,9.0,230,0.21527295667915092,6665.0,23146.289264886975,25.0,34,True
ELE-31584,Electronics,TrueForm,Zone B,FastShip Pvt,,2024-05-20,2025-11-30,2026-06-10,350.0,169,0.9822743232375665,4743.0,10711.982484707481,151.0,35,True
ELE-34557,Electronics,NovaLine,Zone B,GlobalTrade Ltd,contact397@globaltradeltd.com,2024-09-18,2026-01-05,2026-07-08,482.0,225,0.041978313238340226,985.0,2341.1053110677235,49.0,4,True
AUT-77204,Automotive,GenericPlus,zone c,SupplyCo India,contact271@supplycoindia.com,2024-09-24,,2026-08-12,222.0,204,0.858866977972857,139.0,426.93152276151005,67.0,20,True
ELE-56011,Electronics,TrueForm,Zone C,PrimeParts,contact510@primeparts.com,2024-05-12,,2026-06-16,5.0,14,0.7678518168560093,2307.0,5721.881993586993,,42,True
TOY-94959,Toys,ZenCraft,Zone B,FastShip Pvt,contact748@fastshippvt.com,2024-05-22,2026-02-07,2026-06-15,245.0,254,0.7416977405919911,2488.0,3711.170712098382,172.0,35,False
STA-63727,Stationery,TrueForm,Zone A,SupplyCo India,contact504@supplycoindia.com,2024-11-02,2025-07-29,2026-09-21,50.0,13,0.8783056268510822,4240.0,9441.528624802344,58.0,40,False
TOY-79804,Toys,SwiftBrand,Zone A,LocalSource,,2024-07-31,2025-11-20,2026-08-30,494.0,104,0.5715111238184225,7390.0,17808.82341363823,170.0,33,True
APP-76331,Apparel,TrueForm,Zone C,SupplyCo India,contact681@supplycoindia.com,2024-06-20,,2026-08-08,30.0,171,0.3857192898146945,6712.0,10400.632333865224,112.0,22,True
ELE-55916,Electronics,SwiftBrand,ZONE A,SupplyCo India,contact481@supplycoindia.com,2024-09-05,2025-06-24,2026-08-25,380.0,197,0.4047295329310151,2476.0,3320.1605131379906,152.0,6,True
ELE-32747,Electronics,TrueForm,Zone C,DirectImport,contact343@directimport.com,2024-07-24,2025-10-03,2026-06-27,448.0,97,0.1558043980142303,981.0,2105.06423944432,127.0,11,True
APP-62414,Apparel,AlphaEdge,Zone B,SupplyCo India,,2024-09-02,2025-11-17,2026-07-28,103.0,23,0.10922135477674044,7954.0,26257.894620960044,0.11441001263983619,30,True
ELE-62875,Electronics,GenericPlus,Zone B,QuickStock,contact140@quickstock.com,2024-05-15,2025-04-29,2026-09-19,466.0,189,0.32146870863336263,1545.0,4902.167413393624,67.0,41,False
HOM-38910,Home & Kitchen,GenericPlus,Zone C,LocalSource,contact587@localsource.com,2024-07-26,2025-12-01,2026-06-10,269.0,100,0.5602775305810068,1591.0,2198.337173429848,,35,True
BEA-69877,Beauty,GenericPlus,Zone D,LocalSource,contact904@localsource.com,2024-08-18,2025-07-26,2026-08-13,226.0,71,0.5339271126582397,5401.0,11675.260332305952,,3,True
SPO-84081,Sports & Outdoors,CorePeak,Zone A,GlobalTrade Ltd,contact783@globaltradeltd.com,2024-05-14,2025-06-24,2026-05-28,234.0,258,0.8691787327740583,0.0,0.0,,25,True
SPO-80608,Sports & Outdoors,AlphaEdge,zone a,LocalSource,contact881@localsource.com,2024-04-17,2025-06-05,2026-08-08,118.0,235,,7980.0,26081.99240557286,102.0,40,False
APP-49535,Apparel,ZenCraft,Zone B,SupplyCo India,contact269@supplycoindia.com,2024-10-12,2026-01-30,2026-09-04,7.0,231,0.20120403520149455,453.0,1012.6647403018553,143.0,387,True
HOM-22257,Home & Kitchen,SwiftBrand,Zone A,DirectImport,,2024-11-18,2026-03-02,2026-06-13,14.0,107,0.6002536370916056,1796.0,5490.445584342077,,29,True
HOM-11626,Home & Kitchen,SwiftBrand,ZONE A,GlobalTrade Ltd,contact297@globaltradeltd.com,2024-09-29,2025-08-27,2026-08-13,243.0,172,,3750.0,11597.853724993001,127.0,6,True
ELE-13638,Electronics,ZenCraft,Zone B,GlobalTrade Ltd,contact759@globaltradeltd.com,2024-07-02,2025-08-01,2026-08-19,279.0,220,,2201.0,6264.067104160386,0.4269960929776464,34,True
STA-52516,Stationery,SwiftBrand,Zone C,PrimeParts,contact313@primeparts.com,2024-08-27,2025-05-28,2026-09-04,302.0,44,0.5951234289207823,7822.0,22056.61579503084,32.0,30,True
TOY-40193,Toys,CorePeak,Zone D,QuickStock,contact210@quickstock.com,2024-10-10,,2026-08-22,165.0,67,0.09779474564823121,3510.0,4114.5370883881105,111.0,13,True
TOY-48143,Toys,UrbanWave,ZONE B,QuickStock,contact658@quickstock.com,2024-05-03,,2026-06-16,224.0,89,2.2720206103922433,4810.0,6156.165546516043,0.6578013536989757,41,True
ELE-65298,Electronics,AlphaEdge,Zone A,FastShip Pvt,contact161@fastshippvt.com,2024-08-19,2025-05-17,2026-07-04,483.0,253,0.9263513133856653,3120.0,6591.262198151863,101.0,9,True
HOM-71178,Home & Kitchen,GenericPlus,ZONE C,GlobalTrade Ltd,contact217@globaltradeltd.com,2024-04-23,2025-12-22,2026-06-28,337.0,98,0.6828013554232769,4963.0,16117.692537982983,97.0,17,True
HOM-84500,Home & Kitchen,AlphaEdge,Zone B,FastShip Pvt,,2024-12-05,2025-12-08,2026-05-27,225.0,97,0.357241995870791,6969.0,12715.134518670047,131.0,378,True
HOM-72401,Home & Kitchen,AlphaEdge,Zone A,FastShip Pvt,contact335@fastshippvt.com,2024-06-21,2025-08-15,2026-08-21,31.0,0,0.7295681349914129,7204.0,24892.14379093897,82.0,5,True
ELE-52563,Electronics,AlphaEdge,Zone A,GlobalTrade Ltd,contact476@globaltradeltd.com,2024-06-05,2025-06-19,2026-09-15,342.0,294,0.5008429955163787,4235.0,9727.671084008523,0.3796891464685991,30,True
HOM-47379,Home & Kitchen,AlphaEdge,Zone A,LocalSource,contact349@localsource.com,2024-04-19,2025-05-19,2026-08-16,45.0,75,0.8776263330052555,926.0,2407.122207339221,154.0,28,False
HOM-20074,Home & Kitchen,NovaLine,Zone C,GlobalTrade Ltd,contact933@globaltradeltd.com,2024-11-22,2025-05-29,2026-08-15,323.0,137,0.7192964593504396,6413.0,13785.40225094879,121.0,34,True
APP-50015,Apparel,AlphaEdge,Zone D,QuickStock,contact243@quickstock.com,2024-10-17,2026-01-27,2026-08-01,187.0,260,,6263.0,10065.301193084066,12.0,40,True
APP-40595,Apparel,CorePeak,Zone A,DirectImport,contact370@directimport.com,2024-11-14,2025-06-30,2026-09-10,378.0,145,0.5816915569380117,7502.0,22503.202709140824,79.0,28,False
ELE-88104,Electronics,TrueForm,ZONE D,SupplyCo India,contact188@supplycoindia.com,2024-05-28,2025-11-24,2026-07-15,41.0,290,0.85048735053578,1723.0,4743.998069342575,178.0,17,True
APP-29493,Apparel,ZenCraft,Zone B,LocalSource,contact359@localsource.com,2024-08-27,2025-10-12,2026-09-16,241.0,241,0.43885582829040093,7348.0,20906.51097610873,,14,True
APP-62945,Apparel,SwiftBrand,Zone B,QuickStock,contact506@quickstock.com,2024-08-18,2025-06-02,2026-08-12,326.0,223,0.6675058516166262,7776.0,10254.310832475667,,7,True
SPO-96616,Sports & Outdoors,NovaLine,ZONE B,QuickStock,contact932@quickstock.com,2024-06-11,2025-11-19,2026-08-20,343.0,167,0.07822759065111329,4846.0,15118.347419100714,142.0,39,True
HOM-87582,Home & Kitchen,ZenCraft,zone a,GlobalTrade Ltd,,2024-05-10,2025-07-26,2026-06-05,292.0,96,0.12460479083422271,3386.0,7886.286956908773,150.0,21,True
STA-35679,Stationery,SwiftBrand,Zone A,PrimeParts,contact840@primeparts.com,2024-06-05,2025-10-01,2026-08-01,403.0,276,0.3609292749856363,476.0,1340.5929208540113,83.0,541,True
BEA-79475,Beauty,AlphaEdge,zone d,QuickStock,,2024-06-15,2025-06-27,2026-06-17,166.0,23,,5300.0,11991.866195375103,,44,True
HOM-67718,Home & Kitchen,TrueForm,Zone D,FastShip Pvt,contact835@fastshippvt.com,2024-04-28,2025-06-29,2026-06-17,475.0,203,0.07176979200595035,7882.0,27062.359309929703,163.0,32,True
SPO-17630,Sports & Outdoors,SwiftBrand,Zone B,LocalSource,contact854@localsource.com,2024-09-11,2025-07-09,2026-07-10,59.0,172,0.5822247652393248,5714.0,12058.22910791522,47.0,5,True
TOY-28899,Toys,AlphaEdge,Zone B,SupplyCo India,contact419@supplycoindia.com,2024-07-27,2025-12-16,2026-06-05,154.0,31,0.29772388535654937,1492.0,2869.1351739251027,0.22421509654077765,443,True
SPO-83066,Sports & Outdoors,ZenCraft,Zone C,FastShip Pvt,contact623@fastshippvt.com,2024-08-12,2025-04-21,2026-06-29,369.0,159,0.14352663319224457,409.0,1315.7444327552319,134.0,31,True
HOM-61960,Home & Kitchen,AlphaEdge,Zone D,DirectImport,contact754@directimport.com,2024-10-06,2026-01-02,2026-09-07,432.0,12,0.3141240992002735,6632.0,21523.344328499446,,39,True
APP-63341,Apparel,ZenCraft,Zone D,GlobalTrade Ltd,contact655@globaltradeltd.com,2024-07-18,2025-07-18,2026-09-06,-78.0,67,0.6643820645612635,434.0,1478.950902313812,190.0,36,True
ELE-64892,Electronics,ZenCraft,Zone B,GlobalTrade Ltd,contact848@globaltradeltd.com,2024-05-23,2026-02-16,2026-09-07,36.0,71,0.17368114719884575,3001.0,8662.295863637448,55.0,5,True
APP-18877,Apparel,SwiftBrand,Zone B,DirectImport,contact314@directimport.com,2024-10-27,2025-05-29,2026-06-03,423.0,97,0.14420183763855188,3363.0,11318.552750042734,59.0,815,True
APP-39781,Apparel,NovaLine,zone a,SupplyCo India,contact960@supplycoindia.com,2024-07-26,2025-08-20,2026-08-26,256.0,75,0.653943325244937,3048.0,8927.299350758765,49.0,37,True
APP-49892,Apparel,GenericPlus,Zone D,GlobalTrade Ltd,,2024-10-03,,2026-07-11,144.0,279,0.4451411803844839,7368.0,22400.43408628805,29.0,11,True
ELE-40044,Electronics,CorePeak,ZONE D,SupplyCo India,contact662@supplycoindia.com,2024-12-05,2026-01-09,2026-07-03,108.0,252,0.6871788285878645,7871.0,23530.281532445806,156.0,33,True
APP-49487,Apparel,TrueForm,zone a,PrimeParts,contact380@primeparts.com,2024-05-14,2026-01-29,2026-07-06,362.0,218,0.07680348352454269,7318.0,22353.7508106247,31.0,35,True
AUT-76282,Automotive,TrueForm,ZONE A,PrimeParts,contact328@primeparts.com,2024-07-22,2025-05-01,2026-06-16,201.0,120,0.2584541390960374,7331.0,17385.196517366716,18.0,6,True
BEA-28222,Beauty,TrueForm,Zone B,GlobalTrade Ltd,,2024-07-25,2025-12-06,2026-05-30,485.0,159,0.3104689156056387,5760.0,16168.597214250834,35.0,7,True
BEA-14050,Beauty,NovaLine,Zone A,QuickStock,contact332@quickstock.com,2024-10-07,2025-03-27,2026-09-13,169.0,292,0.42814971676821045,6699.0,9460.856813578812,151.0,44,True
APP-29203,Apparel,SwiftBrand,Zone D,SupplyCo India,contact678@supplycoindia.com,2024-06-23,2025-12-02,2026-05-31,269.0,5,0.10494697844896084,405.0,922.3928975379647,28.0,32,False
BEA-37068,Beauty,SwiftBrand,Zone B,LocalSource,,2024-11-05,2025-10-31,2026-07-25,-29.0,52,0.23196240114996614,2664.0,3650.5800148932126,105.0,4,True
AUT-60451,Automotive,AlphaEdge,Zone D,FastShip Pvt,contact251@fastshippvt.com,2024-06-29,2025-08-25,2026-06-10,258.0,289,0.2477636505472377,3298.0,3897.4007451174098,29.0,685,True
HOM-10400,Home & Kitchen,SwiftBrand,ZONE B,SupplyCo India,,2024-08-29,2025-10-13,2026-07-15,153.0,204,0.5388241424327779,573.0,1522.6197813708786,69.0,34,True
APP-21037,Apparel,ZenCraft,Zone C,SupplyCo India,contact677@supplycoindia.com,2024-04-25,2025-06-11,2026-08-15,256.0,117,0.4741379302282196,1900.0,3009.4846676343504,166.0,39,True
HOM-91802,Home & Kitchen,GenericPlus,Zone C,GlobalTrade Ltd,,2024-05-01,2025-12-23,2026-08-27,178.0,178,,2508.0,2912.49339962719,171.0,3,True
BEA-18162,Beauty,CorePeak,Zone A,PrimeParts,contact266@primeparts.com,2024-08-29,,2026-06-02,455.0,281,0.5525796565596572,1003.0,3141.05201837512,,24,True
APP-76803,Apparel,UrbanWave,zone c,SupplyCo India,contact529@supplycoindia.com,2024-04-14,2025-06-16,2026-09-13,338.0,298,0.17754848828888414,2628.0,4506.573547439594,183.0,555,True
SPO-79109,Sports & Outdoors,TrueForm,Zone C,SupplyCo India,contact268@supplycoindia.com,2024-06-04,2025-06-16,2026-09-02,329.0,270,0.9483143413423197,1435.0,4877.514138527571,193.0,22,False
BEA-75345,Beauty,AlphaEdge,Zone D,FastShip Pvt,,2024-07-23,2025-07-22,2026-05-25,222.0,149,,4762.0,10912.825187938302,141.0,15,True
BEA-25033,Beauty,UrbanWave,zone a,QuickStock,contact514@quickstock.com,2024-10-04,2026-01-06,2026-09-14,356.0,292,2.117314010869054,381.0,972.591544863984,,18,True
ELE-36839,Electronics,CorePeak,zone c,DirectImport,contact446@directimport.com,2024-05-31,2026-01-06,2026-07-18,451.0,198,0.6061988457058386,1132.0,3664.00361093195,15.0,12,True
APP-91771,Apparel,ZenCraft,zone a,SupplyCo India,contact103@supplycoindia.com,2024-04-05,,2026-07-26,88.0,125,0.7714464582375432,2265.0,5907.064949298765,181.0,26,True
APP-30624,Apparel,NovaLine,Zone B,DirectImport,contact428@directimport.com,2024-11-01,2025-06-25,2026-07-07,147.0,187,0.32410672869577173,0.0,0.0,111.0,32,False
APP-22906,Apparel,SwiftBrand,Zone D,FastShip Pvt,contact659@fastshippvt.com,2024-12-08,2026-01-31,2026-07-20,165.0,171,0.6580603929907495,2048.0,1920.0199268193917,87.0,7,True
APP-55303,Apparel,TrueForm,Zone C,PrimeParts,contact339@primeparts.com,2024-09-17,2025-08-12,2026-09-19,-17.0,260,,4831.0,12706.242511718952,16.0,11,True
HOM-43643,Home & Kitchen,AlphaEdge,ZONE B,LocalSource,contact199@localsource.com,2024-11-15,2025-06-08,2026-09-01,448.0,163,0.6126222697617253,7038.0,11843.609680532956,66.0,16,False
BEA-96391,Beauty,GenericPlus,zone d,LocalSource,contact257@localsource.com,2024-10-17,2025-09-29,2026-06-22,456.0,186,0.31128641365593057,1551.0,2217.2221885558833,172.0,24,True
TOY-60758,Toys,CorePeak,Zone A,GlobalTrade Ltd,contact742@globaltradeltd.com,2024-08-28,2026-01-15,2026-06-08,362.0,149,0.7443795859850456,3445.0,11792.87179002708,137.0,34,True
AUT-98110,Automotive,CorePeak,Zone C,SupplyCo India,contact455@supplycoindia.com,2024-04-24,2025-08-24,2026-07-13,387.0,8,0.3778060046729581,3203.0,3827.5697029881608,42.0,23,True
ELE-62867,Electronics,SwiftBrand,Zone B,PrimeParts,contact659@primeparts.com,2024-11-06,,2026-09-20,115.0,60,0.6794743061855069,1370.0,2227.1749629858305,,28,True
APP-55493,Apparel,TrueForm,Zone C,LocalSource,contact416@localsource.com,2024-09-28,2026-01-06,2026-07-24,79.0,269,0.5445103061458714,4502.0,11189.8639633292,37.0,3,True
BEA-45944,Beauty,UrbanWave,Zone D,FastShip Pvt,contact934@fastshippvt.com,2024-09-15,2025-12-15,2026-06-23,362.0,214,0.9077143118407157,3201.0,7669.201991301333,86.0,30,True
STA-28254,Stationery,NovaLine,Zone B,SupplyCo India,,2024-04-05,2025-04-26,2026-07-29,214.0,11,0.43024099378354663,1773.0,3595.676319767853,76.0,25,True
ELE-21991,Electronics,SwiftBrand,ZONE A,QuickStock,contact635@quickstock.com,2024-07-22,2026-02-07,2026-08-31,39.0,211,,3120.0,7003.504366088837,195.0,43,True
BEA-28474,Beauty,TrueForm,Zone B,QuickStock,,2024-10-10,2026-01-08,2026-05-25,224.0,17,0.5305520064719298,947.0,1527.1554829079782,16.0,42,True
HOM-93347,Home & Kitchen,GenericPlus,Zone B,FastShip Pvt,contact165@fastshippvt.com,2024-12-05,2025-10-14,2026-06-22,203.0,0,0.08180964537035451,863.0,1349.6853395084424,145.0,33,True
ELE-59848,Electronics,NovaLine,zone c,GlobalTrade Ltd,contact645@globaltradeltd.com,2024-06-29,2025-03-29,2026-08-09,492.0,222,0.6023426423664974,7434.0,23962.966598175135,91.0,26,False
HOM-96307,Home & Kitchen,TrueForm,Zone B,PrimeParts,contact869@primeparts.com,2024-09-11,2025-06-11,2026-08-18,-70.0,24,0.30945796140867143,2729.0,8555.987596580759,0.25124174487370654,28,True
BEA-53288,Beauty,CorePeak,Zone A,PrimeParts,contact226@primeparts.com,2024-10-30,2025-11-06,2026-06-08,170.0,104,0.45883258976512453,654.0,1738.9218107252573,160.0,23,True
TOY-79791,Toys,ZenCraft,ZONE B,SupplyCo India,contact693@supplycoindia.com,2024-06-05,2025-05-27,2026-06-11,333.0,209,0.0904573639662607,0.0,0.0,148.0,17,True
ELE-34445,Electronics,SwiftBrand,Zone A,DirectImport,contact457@directimport.com,2024-04-26,2025-09-27,2026-09-03,27.0,280,0.9159384855367948,3825685.0,10229335.562851673,18.0,41,True
TOY-62747,Toys,ZenCraft,Zone D,LocalSource,contact814@localsource.com,2024-12-01,2025-11-08,2026-07-26,386.0,187,0.6518881557000269,5793.0,16629.94994874141,148.0,on demand,True
ELE-64078,Electronics,CorePeak,zone a,LocalSource,contact571@localsource.com,2024-08-02,2025-06-16,2026-06-30,271.0,26,0.8783431002714729,7159.0,5116.947451498927,81.0,11,True
AUT-60451,Automotive,AlphaEdge,Zone D,FastShip Pvt,contact251@fastshippvt.com,2024-06-29,2025-08-25,2026-06-10,258.0,289,0.2477636505472377,3298.0,3897.4007451174098,29.0,685,True
ELE-26765,Electronics,AlphaEdge,zone c,QuickStock,contact690@quickstock.com,2024-05-23,2025-06-07,2026-06-02,324.0,245,0.08792353093515537,5322.0,17208.045573825217,187.0,5,True
TOY-65896,Toys,TrueForm,Zone D,QuickStock,,2024-05-09,2025-04-16,2026-09-06,12.0,34,0.10456609966709551,3166.0,9033.537882010778,106.0,12,True
BEA-52396,Beauty,AlphaEdge,Zone B,FastShip Pvt,contact946@fastshippvt.com,2024-08-31,2025-06-29,2026-09-05,434.0,33,0.060152033125391524,5911.0,18661.385653053934,,44,True
BEA-69393,Beauty,ZenCraft,Zone B,PrimeParts,contact137@primeparts.com,2024-09-07,2026-01-16,2026-08-11,173.0,191,0.41249118709733057,7788.0,15861.62368266847,79.0,21,True
ELE-42677,Electronics,AlphaEdge,Zone D,FastShip Pvt,contact712@fastshippvt.com,2024-06-17,2025-06-26,2026-08-10,89.0,232,0.5535994183293654,3543.0,11922.717227716912,26.0,17,True
HOM-78629,Home & Kitchen,CorePeak,ZONE A,PrimeParts,contact925@primeparts.com,2024-07-12,2025-04-01,2026-08-25,188.0,1,0.1847905527545025,7063.0,16225.564882595098,185.0,33,True
BEA-71517,Beauty,SwiftBrand,Zone B,FastShip Pvt,contact562@fastshippvt.com,2024-08-19,2025-10-03,2026-06-06,285.0,88,0.3671851769531981,4008.0,9302.171083407955,184.0,29,True
BEA-78587,Beauty,ZenCraft,Zone B,PrimeParts,contact231@primeparts.com,2024-06-01,2025-04-07,2026-06-20,320.0,294,0.9972460464961422,6240.0,21568.186945222093,111.0,23,True
BEA-59325,Beauty,ZenCraft,Zone D,PrimeParts,contact707@primeparts.com,2024-07-19,2025-12-25,2026-07-27,360.0,201,0.4798548979355516,0.0,0.0,,37,True
AUT-39947,Automotive,ZenCraft,Zone C,SupplyCo India,contact235@supplycoindia.com,2024-05-19,2025-09-30,2026-07-05,257.0,74,0.21193056747978034,5500.0,12679.792571497233,64.0,17,True
ELE-68354,Electronics,GenericPlus,Zone D,QuickStock,contact603@quickstock.com,2024-11-19,2025-10-09,2026-06-01,368.0,253,0.29976173020609653,0.0,0.0,188.0,17,True
SPO-16349,Sports & Outdoors,CorePeak,Zone D,LocalSource,contact196@localsource.com,2024-10-29,2025-04-30,2026-08-19,360.0,61,0.9260239794547365,7466.0,25884.57734860475,82.0,~3 weeks,True
SPO-57796,Sports & Outdoors,CorePeak,ZONE B,SupplyCo India,contact821@supplycoindia.com,2024-04-11,2025-08-05,2026-07-18,64.0,16,0.39801009710041724,1553.0,5212.650765000773,181.0,8,True
ELE-45961,Electronics,NovaLine,Zone A,QuickStock,contact161@quickstock.com,2024-07-20,2025-07-21,2026-08-12,179.0,253,0.07715058798097507,7800.0,24108.64362380783,136.0,34,True
ELE-20131,Electronics,CorePeak,ZONE C,LocalSource,contact837@localsource.com,2024-09-09,2026-02-12,2026-08-14,466.0,27,0.050348134430358904,2683.0,8674.105085385701,33.0,on demand,True
APP-65622,Apparel,SwiftBrand,Zone C,PrimeParts,contact923@primeparts.com,2024-06-25,2025-06-14,2026-07-22,424.0,248,0.95825897684573,2180.0,3827.333006648713,185.0,3,True
ELE-47752,Electronics,TrueForm,Zone B,GlobalTrade Ltd,contact496@globaltradeltd.com,2024-05-23,2026-03-06,2026-07-28,223.0,164,0.7671761498921026,5376.0,12596.498845428703,121.0,24,True
AUT-77104,Automotive,ZenCraft,Zone A,LocalSource,contact847@localsource.com,2024-04-16,2026-01-14,2026-06-03,323.0,37,0.314732799438491,6389.0,9673.073069983297,167.0,39,False
APP-39588,Apparel,AlphaEdge,Zone C,SupplyCo India,contact246@supplycoindia.com,2024-07-17,,2026-06-20,174.0,57,0.10319282518163808,4488.0,5180.9422782458105,169.0,18,True
APP-49615,Apparel,CorePeak,Zone D,QuickStock,contact305@quickstock.com,2024-09-06,2025-10-05,2026-08-29,4.0,31,0.5944014564844029,6004.0,12907.597568956146,179.0,31,False
HOM-22635,Home & Kitchen,TrueForm,ZONE B,PrimeParts,,2024-05-05,2025-10-17,2026-07-09,401.0,135,0.08962076228841465,7876.0,9580.10222804624,175.0,39,True
AUT-11229,Automotive,CorePeak,Zone A,QuickStock,contact455@quickstock.com,2024-07-26,2025-05-05,2026-08-25,404.0,4,0.4395941526014546,7980.0,27724.230837760322,186.0,10,False
ELE-53715,Electronics,ZenCraft,Zone D,PrimeParts,contact873@primeparts.com,2024-05-18,2025-04-06,2026-07-03,-2.0,19,0.8212635765155566,1076.0,683.2000321151977,,10,True
APP-82608,Apparel,GenericPlus,ZONE B,SupplyCo India,contact353@supplycoindia.com,2024-09-14,,2026-06-08,371.0,92,0.20095261552951338,5852.0,17853.747968111653,,3,True
APP-61995,Apparel,NovaLine,ZONE D,GlobalTrade Ltd,contact707@globaltradeltd.com,2024-10-31,2025-12-23,2026-08-26,338.0,108,0.8718716822800431,1615.0,5427.083087943394,95.0,28,False
ELE-61480,Electronics,AlphaEdge,Zone C,PrimeParts,contact404@primeparts.com,2024-04-28,2025-09-26,2026-08-18,189.0,25,0.8063859858027677,1880.0,3209.069728181164,89.0,30,True
SPO-12168,Sports & Outdoors,ZenCraft,ZONE D,SupplyCo India,,2024-07-17,2026-02-16,2026-08-15,31.0,150,0.2912327409725839,4380.0,13039.839597165223,64.0,13,False
BEA-38818,Beauty,UrbanWave,Zone C,GlobalTrade Ltd,contact181@globaltradeltd.com,2024-10-25,2025-11-13,2026-06-18,313.0,221,,5555.0,6571.995335232639,34.0,41,True
APP-10587,Apparel,AlphaEdge,Zone D,GlobalTrade Ltd,contact287@globaltradeltd.com,2024-10-07,2025-08-10,2026-07-01,320.0,142,0.13006498232169272,2798.0,3986.543142301206,98.0,38,True
STA-70289,Stationery,GenericPlus,zone c,GlobalTrade Ltd,contact319@globaltradeltd.com,2024-11-20,2025-07-24,2026-06-30,482.0,161,,4681.0,16072.23024453737,11.0,11,True
HOM-82899,Home & Kitchen,NovaLine,Zone D,SupplyCo India,,2024-08-30,,2026-06-18,266.0,280,0.5837598711445747,339.0,1064.4882118781616,114.0,9,True
HOM-61586,Home & Kitchen,AlphaEdge,Zone C,SupplyCo India,contact940@supplycoindia.com,2024-06-20,2025-05-29,2026-08-01,131.0,26,0.5453204962176265,4156.0,6249.143520876873,120.0,4,True
HOM-42017,Home & Kitchen,CorePeak,ZONE A,PrimeParts,contact642@primeparts.com,2024-11-14,2025-04-12,2026-07-30,38.0,156,0.5761602541754883,2663.0,4850.003374597153,159.0,13,True
BEA-86780,Beauty,ZenCraft,Zone B,DirectImport,contact254@directimport.com,2024-09-03,2025-07-19,2026-08-08,103.0,263,,2019.0,5846.344026656109,169.0,8,True
HOM-26583,Home & Kitchen,GenericPlus,Zone B,DirectImport,contact622@directimport.com,2024-09-09,2025-04-05,2026-08-07,428.0,175,0.8261357669909768,3647.0,9670.697948381705,77.0,39,True
HOM-24528,Home & Kitchen,UrbanWave,zone a,SupplyCo India,contact813@supplycoindia.com,2024-04-17,2025-10-21,2026-08-03,453.0,204,0.8908672661980737,5120.0,7963.650002380987,127.0,38,True
ELE-29272,Electronics,AlphaEdge,Zone B,PrimeParts,contact450@primeparts.com,2024-08-05,2025-05-31,2026-07-11,88.0,78,0.13374962692805037,6788.0,3904.9643046410297,123.0,21,True
BEA-79106,Beauty,SwiftBrand,zone d,FastShip Pvt,contact322@fastshippvt.com,2024-07-02,2025-08-25,2026-08-01,341.0,285,0.20160350889615108,3141.0,5622.746456270844,133.0,6,True
SPO-22392,Sports & Outdoors,UrbanWave,Zone C,QuickStock,contact329@quickstock.com,2024-07-29,2025-07-02,2026-07-06,91.0,168,0.9409405637744694,6505.0,18220.553724838534,28.0,39,True
SPO-22520,Sports & Outdoors,SwiftBrand,Zone B,DirectImport,contact925@directimport.com,2024-06-19,2025-04-20,2026-08-18,135.0,143,0.11226461386524333,7786.0,22729.753578254033,111.0,~3 weeks,True
ELE-29527,Electronics,TrueForm,Zone B,GlobalTrade Ltd,contact974@globaltradeltd.com,2024-11-04,2026-03-10,2026-09-15,-27.0,213,0.08298401705114489,1471.0,5120.6315764118335,,9,True
SPO-95671,Sports & Outdoors,AlphaEdge,zone b,QuickStock,contact529@quickstock.com,2024-10-08,2025-12-07,2026-08-05,78.0,261,0.5003813636624045,7995.0,26913.94126653019,76.0,37,True
HOM-17938,Home & Kitchen,CorePeak,Zone A,SupplyCo India,,2024-10-22,2025-09-28,2026-08-23,356.0,182,0.17848909073748354,921.0,1354.5546613400222,51.0,12,True
HOM-61376,Home & Kitchen,GenericPlus,Zone A,GlobalTrade Ltd,contact578@globaltradeltd.com,2024-09-02,,2026-06-24,436.0,218,0.10142468582111541,2553.0,4699.593936829144,154.0,16,False
APP-68430,Apparel,AlphaEdge,Zone B,DirectImport,contact525@directimport.com,2024-09-29,2025-09-17,2026-08-16,18.0,110,0.4395756039990002,7293.0,18717.9076786842,99.0,44,True
AUT-45061,Automotive,NovaLine,Zone D,GlobalTrade Ltd,,2024-05-27,2026-03-16,2026-07-23,144.0,107,0.14368067812866503,1181.0,3834.1537943094513,74.0,33,True
AUT-20826,Automotive,NovaLine,Zone B,DirectImport,contact169@directimport.com,2024-09-22,2025-04-20,2026-06-08,68.0,192,0.7493913218254363,4845.0,14083.458799811595,10.0,33,True
TOY-70208,Toys,NovaLine,Zone A,GlobalTrade Ltd,contact653@globaltradeltd.com,2024-04-06,2025-05-07,2026-06-26,292.0,265,0.144103894593259,4051.0,7060.830438603058,57.0,42,True
APP-57986,Apparel,NovaLine,zone d,FastShip Pvt,,2024-08-16,2025-11-09,2026-07-07,47.0,256,0.14415788326071577,2404.0,7472.939810885068,,14,False
SPO-88435,Sports & Outdoors,CorePeak,Zone D,LocalSource,contact881@localsource.com,2024-09-05,2026-03-11,2026-08-16,322.0,288,0.40517073791003166,2670.0,4886.28116953067,182.0,3,True
STA-62862,Stationery,NovaLine,ZONE A,GlobalTrade Ltd,,2024-10-03,2025-03-28,2026-07-11,170.0,84,1.999986437347951,7698.0,13443.118473352724,76.0,29,True
ELE-39227,Electronics,ZenCraft,Zone A,QuickStock,contact672@quickstock.com,2024-06-06,2025-08-16,2026-08-11,12.0,72,0.6466874710704527,3855.0,13345.36852071117,34.0,26,True
BEA-79231,Beauty,CorePeak,Zone D,FastShip Pvt,,2024-10-25,2025-06-11,2026-07-04,224.0,201,,1621.0,2223.803593635402,113.0,34,True
STA-82524,Stationery,AlphaEdge,zone d,PrimeParts,contact449@primeparts.com,2024-08-15,2025-10-19,2026-06-03,341.0,257,0.9739318056984074,5731.0,15097.257701049019,107.0,3,True
APP-28664,Apparel,TrueForm,zone d,DirectImport,contact174@directimport.com,2024-11-09,,2026-05-27,489.0,229,0.8241586621964587,7296.0,20388.00775762087,104.0,TBD,True
HOM-40015,Home & Kitchen,GenericPlus,Zone A,PrimeParts,contact150@primeparts.com,2024-04-08,2025-06-25,2026-09-06,381.0,196,0.7268015414386828,5451.0,6358.897211591079,114.0,32,True
HOM-42964,Home & Kitchen,NovaLine,Zone A,QuickStock,contact248@quickstock.com,2024-05-28,2026-02-01,2026-08-04,110.0,162,0.8376842536388112,3078.0,3680.6424153947296,74.0,13,True
BEA-30567,Beauty,TrueForm,Zone C,LocalSource,contact758@localsource.com,2024-05-26,2025-12-17,2026-07-15,345.0,51,0.8282056280857215,6837.0,18430.17746669541,23.0,29,False
APP-27764,Apparel,CorePeak,zone b,DirectImport,contact538@directimport.com,2024-08-04,2026-01-11,2026-08-05,409.0,48,0.05454998904458819,1276.0,1928.4121012133983,175.0,40,False
TOY-17153,Toys,ZenCraft,zone d,GlobalTrade Ltd,contact709@globaltradeltd.com,2024-04-22,,2026-08-19,444.0,105,0.3924333315845673,3036989.0,1596644.3696391468,163.0,43,True
TOY-28023,Toys,UrbanWave,zone a,LocalSource,,2024-05-07,2025-12-29,2026-08-15,14.0,46,0.46337316333928646,5612.0,6852.135119499066,75.0,9,False
TOY-35855,Toys,TrueForm,zone a,DirectImport,contact975@directimport.com,2024-11-01,2025-12-25,2026-08-07,159.0,235,0.2647113863409094,3163.0,7980.664075716479,,31,True
ELE-27619,Electronics,AlphaEdge,Zone A,DirectImport,contact504@directimport.com,2024-11-28,2026-03-13,2026-06-21,345.0,59,0.46431761996148424,3965.0,12097.473548570602,194.0,18,True
AUT-85211,Automotive,CorePeak,zone b,FastShip Pvt,contact937@fastshippvt.com,2024-04-25,2025-08-12,2026-07-18,195.0,102,0.6265617927818573,1335.0,3743.9665645307887,,5,True
HOM-78813,Home & Kitchen,SwiftBrand,ZONE D,SupplyCo India,contact533@supplycoindia.com,2024-07-10,2026-01-04,2026-07-11,51.0,151,0.19771393986491914,6580.0,20988.735448108102,105.0,4,True
APP-36316,Apparel,TrueForm,ZONE A,FastShip Pvt,contact301@fastshippvt.com,2024-12-03,2026-02-17,2026-06-12,40.0,143,0.3053196039174305,5605.0,16886.75970631792,39.0,33,True
TOY-74373,Toys,CorePeak,Zone A,LocalSource,contact683@localsource.com,2024-12-08,2025-04-18,2026-07-25,92.0,165,0.9667286133361528,1112.0,3580.650514094124,,208,False
ELE-23995,Electronics,SwiftBrand,Zone B,LocalSource,,2024-07-22,2025-08-07,2026-08-10,124.0,68,0.41033537241569884,2563.0,5247.728817509226,122.0,40,True
TOY-91675,Toys,UrbanWave,Zone C,LocalSource,,2024-10-21,2025-10-06,2026-06-21,290.0,263,0.3788054274026824,7424.0,11989.762809434547,19.0,37,True
APP-97968,Apparel,ZenCraft,Zone D,FastShip Pvt,contact979@fastshippvt.com,2024-07-10,2025-05-11,2026-06-06,37.0,209,,876.0,1885.3806609269589,84.0,15,True
ELE-42308,Electronics,TrueForm,Zone D,FastShip Pvt,contact511@fastshippvt.com,2024-07-22,2025-08-16,2026-07-19,126.0,250,0.0809913746700156,6826.0,15217.065634582836,46.0,4-6 weeks,False
ELE-57375,Electronics,CorePeak,Zone D,PrimeParts,,2024-12-06,2025-06-30,2026-06-20,339.0,88,,1236.0,2018.7597553791015,125.0,23,True
APP-50848,Apparel,NovaLine,Zone D,FastShip Pvt,contact763@fastshippvt.com,2024-04-14,2026-03-12,2026-08-08,483.0,164,3.4296810043868042,0.0,0.0,,10,True
TOY-94959,Toys,ZenCraft,Zone B,FastShip Pvt,contact748@fastshippvt.com,2024-05-22,2026-02-07,2026-06-15,245.0,254,0.7416977405919911,2488.0,3711.170712098382,172.0,35,False
APP-85744,Apparel,UrbanWave,ZONE C,FastShip Pvt,contact370@fastshippvt.com,2024-07-06,2025-09-23,2026-08-30,266.0,4,0.8254571635413571,1203.0,1671.6305775793153,,11,True
BEA-81918,Beauty,CorePeak,zone d,SupplyCo India,contact227@supplycoindia.com,2024-12-05,2025-11-17,2026-06-05,463.0,125,0.6785822520086902,4666.0,8486.916672234322,122.0,9,True
ELE-47583,Electronics,AlphaEdge,Zone D,LocalSource,,2024-04-07,2025-05-04,2026-09-09,446.0,19,0.9956105076195326,2726.0,4292.492614208377,72.0,33,True
AUT-97774,Automotive,NovaLine,Zone A,LocalSource,contact730@localsource.com,2024-10-10,2025-05-03,2026-09-07,382.0,136,0.3511370515774088,5600.0,12441.59008380118,23.0,8,True
TOY-13499,Toys,GenericPlus,Zone D,SupplyCo India,contact620@supplycoindia.com,2024-11-15,2025-05-13,2026-09-03,-73.0,63,0.016594727078475202,5730.0,14257.152131111074,77.0,11,True
HOM-38841,Home & Kitchen,UrbanWave,Zone A,QuickStock,contact413@quickstock.com,2024-07-03,2025-12-30,2026-06-02,-46.0,143,0.3428848801278881,3772.0,7113.510509237671,118.0,25,False
SPO-78943,Sports & Outdoors,NovaLine,zone d,FastShip Pvt,,2024-07-04,,2026-09-11,181.0,131,0.5403622443945626,6816.0,19468.58879260158,116.0,varies,False
ELE-20522,Electronics,NovaLine,Zone A,GlobalTrade Ltd,contact372@globaltradeltd.com,2024-11-30,2026-02-23,2026-08-28,419.0,69,0.7303974576407918,281.0,491.12736724374537,,43,True
ELE-41794,Electronics,ZenCraft,Zone B,LocalSource,contact790@localsource.com,2024-09-13,2025-04-27,2026-05-27,378.0,278,0.832641516702364,6007.0,9041.372140730773,21.0,36,True
APP-83794,Apparel,AlphaEdge,Zone C,DirectImport,,2024-11-28,2025-09-10,2026-06-17,160.0,237,0.3433148001349876,936.0,1173.6217176061014,16.0,439,True
HOM-15898,Home & Kitchen,TrueForm,zone a,FastShip Pvt,,2024-09-03,,2026-07-11,360.0,189,0.3679140981588882,1019212.0,597479.8220111798,33.0,36,False
BEA-72433,Beauty,SwiftBrand,Zone A,SupplyCo India,contact499@supplycoindia.com,2024-04-08,,2026-07-22,283.0,136,0.8985688150534333,5215.0,15192.415216877676,193.0,7,True
TOY-62750,Toys,UrbanWave,Zone C,QuickStock,contact407@quickstock.com,2024-07-29,2025-07-18,2026-07-20,405.0,106,0.8913599811161294,5886.0,12320.06612618257,119.0,14,True
APP-99256,Apparel,AlphaEdge,Zone D,LocalSource,contact997@localsource.com,2024-11-09,2026-01-09,2026-09-17,19.0,201,0.5152782191424973,7042.0,18790.648718969704,158.0,11,False
ELE-24084,Electronics,SwiftBrand,zone d,PrimeParts,contact535@primeparts.com,2024-10-15,2026-03-15,2026-08-09,171.0,288,0.5680490452400299,3969.0,6913.002237575945,73.0,25,True
ELE-79385,Electronics,NovaLine,Zone D,GlobalTrade Ltd,contact113@globaltradeltd.com,2024-06-04,2025-10-11,2026-07-12,223.0,130,0.7539023541955201,3060.0,5284.802634007117,59.0,24,True
SPO-72055,Sports & Outdoors,GenericPlus,Zone B,PrimeParts,contact238@primeparts.com,2024-08-30,,2026-05-31,218.0,235,0.3129057554409559,5441.0,17323.916054940753,180.0,42,True
TOY-84228,Toys,NovaLine,zone d,GlobalTrade Ltd,,2024-08-04,2025-08-21,2026-05-28,126.0,297,0.5413838325124662,7795.0,18359.38308126413,99.0,6,True
AUT-25279,Automotive,UrbanWave,Zone C,SupplyCo India,contact530@supplycoindia.com,2024-11-05,2025-05-25,2026-06-02,89.0,119,0.16773182499492023,4863.0,11621.7394749251,152.0,584,True
SPO-80608,Sports & Outdoors,AlphaEdge,zone a,LocalSource,contact881@localsource.com,2024-04-17,2025-06-05,2026-08-08,118.0,235,,7980.0,26081.99240557286,102.0,40,False
HOM-44502,Home & Kitchen,UrbanWave,Zone C,SupplyCo India,,2024-11-26,2025-10-11,2026-06-05,241.0,139,0.4795972945908068,3664.0,5112.469081885127,28.0,44,True
TOY-57321,Toys,SwiftBrand,ZONE B,QuickStock,,2024-11-27,2025-03-26,2026-06-19,293.0,192,0.09855150193007356,6678.0,14295.17701506152,18.0,14,True
APP-66255,Apparel,AlphaEdge,Zone C,LocalSource,contact125@localsource.com,2024-07-01,2025-09-28,2026-09-08,-28.0,286,0.35739058619723907,3730.0,4874.5687670631905,31.0,16,True
SPO-21407,Sports & Outdoors,TrueForm,ZONE A,PrimeParts,contact113@primeparts.com,2024-10-10,2025-11-27,2026-08-11,463.0,160,0.7952891016149526,6342.0,7497.503581474724,0.3399418091305316,34,True
TOY-63651,Toys,CorePeak,ZONE B,DirectImport,contact757@directimport.com,2024-06-08,2025-08-09,2026-06-03,447.0,262,0.45592527906810887,4850.0,8270.302111244368,,32,False
AUT-97201,Automotive,AlphaEdge,Zone B,SupplyCo India,contact580@supplycoindia.com,2024-04-08,2025-09-04,2026-08-09,44.0,244,0.3724991580636974,2541.0,6304.983491048431,39.0,41,True
TOY-48143,Toys,UrbanWave,ZONE B,QuickStock,contact658@quickstock.com,2024-05-03,,2026-06-16,224.0,89,2.2720206103922433,4810.0,6156.165546516043,0.6578013536989757,41,True
APP-28354,Apparel,SwiftBrand,Zone D,PrimeParts,contact918@primeparts.com,2024-06-11,2025-09-12,2026-07-25,-27.0,8,0.055599053470820725,7461.0,22032.71282634877,33.0,10,True
HOM-62199,Home & Kitchen,CorePeak,Zone D,GlobalTrade Ltd,contact234@globaltradeltd.com,2024-05-02,2025-07-22,2026-08-26,284.0,156,0.5789289778603696,4505.0,8656.798656201287,117.0,33,True
SPO-41806,Sports & Outdoors,AlphaEdge,zone a,SupplyCo India,contact521@supplycoindia.com,2024-06-03,2025-05-14,2026-07-06,349.0,229,0.8337052635947048,0.0,0.0,,10,True
TOY-36514,Toys,CorePeak,ZONE C,FastShip Pvt,contact422@fastshippvt.com,2024-10-22,2025-08-25,2026-07-02,11.0,229,0.5653371983660309,135.0,460.2626547073152,0.22180119438893017,43,True
HOM-13679,Home & Kitchen,UrbanWave,Zone D,GlobalTrade Ltd,contact303@globaltradeltd.com,2024-06-15,2026-01-22,2026-07-17,329.0,229,0.19155655508037894,166.0,280.9936761862939,137.0,34,True
HOM-95098,Home & Kitchen,TrueForm,ZONE A,FastShip Pvt,contact423@fastshippvt.com,2024-05-14,,2026-08-12,29.0,231,0.025909653454725623,940.0,2415.852925096815,19.0,7,True
STA-57481,Stationery,NovaLine,zone a,SupplyCo India,contact171@supplycoindia.com,2024-05-29,2026-02-03,2026-09-15,182.0,230,0.019419126843712275,5987.0,8114.053681850947,,3,False
SPO-27582,Sports & Outdoors,SwiftBrand,Zone A,SupplyCo India,,2024-08-30,2025-03-27,2026-06-24,284.0,295,,7284.0,13836.173511402632,17.0,15,True
APP-88844,Apparel,TrueForm,zone b,DirectImport,,2024-06-21,2025-07-24,2026-07-29,16.0,291,0.5086343168517845,7624.0,15251.00284212301,97.0,23,True
STA-76522,Stationery,AlphaEdge,ZONE D,QuickStock,contact853@quickstock.com,2024-09-03,2025-08-08,2026-09-02,433.0,222,0.1407053116950443,7836.0,17749.70348943011,185.0,7,True
AUT-68629,Automotive,TrueForm,Zone B,DirectImport,contact492@directimport.com,2024-06-23,2026-03-21,2026-07-16,449.0,203,2.4609469413048557,1372.0,3091.9182625791495,,30,True
ELE-11669,Electronics,ZenCraft,Zone A,PrimeParts,,2024-07-22,2025-12-19,2026-08-16,228.0,276,0.9703616904298651,5730.0,7072.205298033744,64.0,24,True
ELE-23138,Electronics,ZenCraft,Zone D,LocalSource,,2024-04-09,2025-12-01,2026-07-20,99.0,276,0.07609093636078668,6177.0,7155.580613643797,,19,True
BEA-97116,Beauty,TrueForm,Zone D,QuickStock,contact802@quickstock.com,2024-04-13,2025-08-06,2026-06-03,309.0,272,0.9936092147282677,1980.0,3977.9186175781315,22.0,465,True
HOM-65411,Home & Kitchen,NovaLine,Zone B,GlobalTrade Ltd,contact415@globaltradeltd.com,2024-11-12,2025-12-25,2026-08-14,32.0,177,0.6216556854443385,1608.0,2735.6683489344296,18.0,5,True
SPO-37222,Sports & Outdoors,TrueForm,Zone A,DirectImport,contact851@directimport.com,2024-07-27,2026-01-16,2026-08-17,66.0,59,0.00140512813739202,7773.0,19870.957590167567,47.0,30,True
APP-30126,Apparel,CorePeak,Zone D,QuickStock,contact123@quickstock.com,2024-09-11,,2026-09-04,114.0,189,0.834584339544321,5431.0,18336.612720148907,129.0,26,True
BEA-29139,Beauty,NovaLine,Zone B,GlobalTrade Ltd,contact304@globaltradeltd.com,2024-11-24,2025-12-18,2026-05-30,449.0,278,0.368820868986261,5094.0,4730.33163301547,28.0,31,True
ELE-61242,Electronics,SwiftBrand,Zone C,QuickStock,,2024-07-07,2025-10-24,2026-07-31,287.0,120,0.23367934225245057,1921.0,6313.092740062828,17.0,34,True
STA-34673,Stationery,ZenCraft,zone b,FastShip Pvt,contact269@fastshippvt.com,2024-08-06,2025-04-02,2026-06-08,174.0,76,0.8198580904120157,1440.0,1975.8921595408412,157.0,20,True
TOY-77858,Toys,TrueForm,ZONE D,LocalSource,,2024-05-31,,2026-06-19,260.0,113,0.8151600890139679,1940.0,4146.394236902703,,24,True
APP-86984,Apparel,NovaLine,Zone B,GlobalTrade Ltd,contact933@globaltradeltd.com,2024-08-13,2025-07-25,2026-07-25,38.0,273,0.12957316722022416,6706.0,16051.245471464725,124.0,15,True
ELE-86005,Electronics,TrueForm,ZONE B,FastShip Pvt,contact947@fastshippvt.com,2024-06-01,2025-12-16,2026-07-21,304.0,260,0.7363631091241799,5802.0,20036.929355993383,32.0,26,True
APP-81250,Apparel,SwiftBrand,zone a,QuickStock,,2024-12-10,2025-04-12,2026-06-01,-48.0,9,0.938715696153786,4091.0,9920.369235101667,102.0,21,True
APP-64313,Apparel,GenericPlus,Zone B,SupplyCo India,,2024-10-11,2026-03-09,2026-09-03,76.0,60,0.4773942829654304,4384.0,9484.133400725132,111.0,34,True
HOM-91802,Home & Kitchen,GenericPlus,Zone C,GlobalTrade Ltd,,2024-05-01,2025-12-23,2026-08-27,178.0,178,,2508.0,2912.49339962719,171.0,3,True
SPO-37214,Sports & Outdoors,NovaLine,Zone D,FastShip Pvt,contact172@fastshippvt.com,2024-07-14,2025-11-02,2026-06-28,121.0,272,0.17612603355171874,7913.0,14011.962178309012,42.0,38,True
BEA-23123,Beauty,NovaLine,Zone A,GlobalTrade Ltd,,2024-06-14,2025-12-02,2026-06-14,491.0,205,0.2995857027864661,5780.0,14211.55777401266,166.0,34,False
TOY-54856,Toys,SwiftBrand,Zone D,PrimeParts,contact603@primeparts.com,2024-06-10,2026-03-07,2026-07-16,167.0,23,0.6686985533525873,3351.0,8142.277720721474,43.0,43,True
TOY-64102,Toys,AlphaEdge,Zone D,SupplyCo India,contact526@supplycoindia.com,2024-06-24,2026-02-08,2026-07-20,356.0,62,0.5247214588110146,273.0,924.7300776026531,196.0,17,True
HOM-59968,Home & Kitchen,CorePeak,zone b,SupplyCo India,,2024-10-12,2025-06-11,2026-06-14,20.0,122,0.3905172998452009,653.0,1090.3991069253132,134.0,12,True
SPO-87826,Sports & Outdoors,AlphaEdge,Zone C,LocalSource,contact199@localsource.com,2024-06-30,2025-07-11,2026-06-03,228.0,92,0.13200646232926172,7472.0,20861.868577942798,127.0,43,True
HOM-20324,Home & Kitchen,GenericPlus,zone b,DirectImport,contact283@directimport.com,2024-12-09,2025-07-09,2026-09-14,56.0,245,0.5193023728590858,837.0,2797.2932522300653,0.3667978230940013,13,True
AUT-55481,Automotive,GenericPlus,zone a,SupplyCo India,contact290@supplycoindia.com,2024-08-23,2025-09-10,2026-08-11,435.0,206,0.1165637521914924,3390.0,11575.258957183272,77.0,18,True
SPO-38452,Sports & Outdoors,NovaLine,Zone C,SupplyCo India,contact861@supplycoindia.com,2024-10-22,2025-09-20,2026-09-19,88.0,263,0.7545520063806397,1660.0,3328.10881635181,177.0,376,True
BEA-14818,Beauty,GenericPlus,Zone B,GlobalTrade Ltd,contact291@globaltradeltd.com,2024-05-14,,2026-06-08,242.0,131,0.06875595267117507,77.0,163.6035445765712,11.0,14,True
APP-88274,Apparel,TrueForm,zone d,LocalSource,contact582@localsource.com,2024-09-09,2026-02-20,2026-07-25,246.0,1,0.5911063974096575,2347739.0,4681891.464516338,116.0,28,True
APP-87270,Apparel,AlphaEdge,Zone C,DirectImport,contact143@directimport.com,2024-04-08,2025-09-02,2026-07-13,97.0,242,0.2931777533805848,1178.0,1780.4525470148983,106.0,3,False
STA-53112,Stationery,AlphaEdge,ZONE A,SupplyCo India,contact948@supplycoindia.com,2024-10-13,2025-11-21,2026-08-18,434.0,68,0.38675204088034376,6018.0,9084.53718957143,,15,True
SPO-74728,Sports & Outdoors,NovaLine,zone a,QuickStock,contact781@quickstock.com,2024-09-02,2026-02-27,2026-06-30,340.0,184,0.5717531505537546,6287.0,15159.324381874185,146.0,44,True
ELE-11877,Electronics,NovaLine,Zone A,GlobalTrade Ltd,contact412@globaltradeltd.com,2024-05-25,2025-06-05,2026-06-30,355.0,177,0.4964881090904032,5311.0,11157.370314346404,14.0,13,True
TOY-84662,Toys,NovaLine,zone c,QuickStock,contact977@quickstock.com,2024-09-15,2026-01-19,2026-09-08,108.0,186,0.9823536339775648,7574.0,12972.49740303322,164.0,37,True
BEA-26344,Beauty,ZenCraft,Zone C,GlobalTrade Ltd,contact224@globaltradeltd.com,2024-10-06,2026-01-18,2026-08-22,224.0,241,0.8012099783068685,3620.0,6480.120089957679,,3,True
APP-15313,Apparel,AlphaEdge,Zone A,LocalSource,contact113@localsource.com,2024-05-07,2025-11-15,2026-08-08,355.0,282,0.43985386907373036,7197.0,12677.043924006426,0.3157711369015929,28,True
HOM-44076,Home & Kitchen,TrueForm,Zone B,PrimeParts,,2024-08-19,2025-06-18,2026-07-21,480.0,133,0.3153757877218475,3541.0,11709.395043336315,142.0,40,True
ELE-11528,Electronics,UrbanWave,Zone A,LocalSource,,2024-10-17,2025-08-08,2026-09-07,265.0,115,0.7862033973945894,362.0,490.13398260779354,0.8309148126850321,9,True
ELE-27438,Electronics,SwiftBrand,Zone C,DirectImport,contact951@directimport.com,2024-05-19,2025-07-10,2026-07-03,182.0,140,0.23082119243400523,4266.0,7821.603550435631,136.0,28,True
HOM-42998,Home & Kitchen,GenericPlus,zone d,LocalSource,contact895@localsource.com,2024-07-02,2025-09-05,2026-07-01,47.0,207,0.0034610648991065807,7297.0,14875.815108903565,99.0,21,False
APP-27281,Apparel,CorePeak,Zone B,SupplyCo India,contact794@supplycoindia.com,2024-10-03,2025-04-01,2026-08-23,334.0,246,0.2754846351077408,6124.0,17037.901905327537,11.0,10,False
APP-48968,Apparel,CorePeak,Zone B,FastShip Pvt,contact424@fastshippvt.com,2024-06-20,2025-11-18,2026-07-15,489.0,209,,3048.0,3537.4287588056245,184.0,14,True
TOY-28654,Toys,UrbanWave,Zone B,GlobalTrade Ltd,contact171@globaltradeltd.com,2024-07-23,2025-04-24,2026-09-04,139.0,261,0.4060659637657619,1716.0,5276.091769903446,190.0,41,True
ELE-28418,Electronics,UrbanWave,Zone C,DirectImport,contact737@directimport.com,2024-08-29,2025-11-09,2026-08-31,37.0,203,,4371.0,12861.049696757944,46.0,38,True
APP-84984,Apparel,UrbanWave,Zone A,LocalSource,contact143@localsource.com,2024-08-10,2025-12-10,2026-08-28,281.0,39,0.6131655483101741,4223.0,10489.725833533956,112.0,on demand,True
APP-37661,Apparel,NovaLine,Zone A,DirectImport,contact116@directimport.com,2024-08-13,2026-02-25,2026-08-03,191.0,151,0.927924070927361,7683.0,17216.022206338086,0.27671975332191545,16,False
ELE-91665,Electronics,UrbanWave,ZONE C,SupplyCo India,contact169@supplycoindia.com,2024-09-04,2025-04-02,2026-07-07,351.0,41,0.24106153890577176,7244.0,12238.231110303876,125.0,40,True
ELE-57016,Electronics,AlphaEdge,Zone A,FastShip Pvt,contact869@fastshippvt.com,2024-07-01,,2026-06-27,107.0,57,0.8892825832518656,2277.0,6675.936250705061,143.0,33,True
HOM-38371,Home & Kitchen,NovaLine,zone c,SupplyCo India,contact914@supplycoindia.com,2024-06-14,2026-03-08,2026-08-05,1.0,286,0.14841330322843926,5808.0,13213.18295229016,29.0,39,True
APP-80971,Apparel,NovaLine,Zone A,PrimeParts,contact564@primeparts.com,2024-04-18,2026-03-05,2026-07-12,344.0,159,0.49955796365287586,3961.0,5514.8458997381695,147.0,26,False
ELE-62905,Electronics,UrbanWave,Zone D,SupplyCo India,contact350@supplycoindia.com,2024-05-02,2025-07-31,2026-09-21,357.0,65,,913.0,1243.1890624076289,123.0,27,True
APP-84319,Apparel,GenericPlus,Zone B,LocalSource,contact607@localsource.com,2024-07-07,,2026-07-23,47.0,230,0.7285079807565993,3107792.0,7764663.946249398,140.0,31,True
SPO-25518,Sports & Outdoors,ZenCraft,Zone A,SupplyCo India,contact603@supplycoindia.com,2024-08-02,2025-06-15,2026-09-17,474.0,222,0.5746380617090837,4359.0,11712.043132296287,27.0,16,True
SPO-83037,Sports & Outdoors,UrbanWave,Zone B,GlobalTrade Ltd,contact928@globaltradeltd.com,2024-07-31,2025-06-28,2026-06-17,150.0,30,0.7916275452663909,0.0,0.0,,7,True
HOM-18513,Home & Kitchen,ZenCraft,Zone D,DirectImport,contact199@directimport.com,2024-09-05,2025-11-16,2026-06-11,63.0,116,0.48405422695729805,1285.0,2699.4645405566803,167.0,27,True
APP-78639,Apparel,NovaLine,Zone C,FastShip Pvt,contact721@fastshippvt.com,2024-10-06,2025-08-27,2026-08-15,231.0,20,0.42745040938857415,4341.0,9197.734725803663,19.0,20,True
ELE-70008,Electronics,NovaLine,Zone A,FastShip Pvt,contact911@fastshippvt.com,2024-08-29,2026-01-31,2026-07-16,116.0,247,0.7749196889359737,3680.0,4520.21738969618,100.0,4,True
AUT-36425,Automotive,CorePeak,Zone C,LocalSource,contact124@localsource.com,2024-09-05,2025-07-22,2026-09-20,201.0,208,0.20794038084314026,1641.0,5392.892164851088,,6,True
TOY-46494,Toys,AlphaEdge,zone a,DirectImport,contact757@directimport.com,2024-04-27,,2026-07-26,32.0,279,0.3271894923068782,601.0,1817.4612503101794,156.0,20,False
HOM-51333,Home & Kitchen,NovaLine,Zone A,SupplyCo India,contact121@supplycoindia.com,2024-11-28,2026-03-10,2026-08-14,351.0,144,0.35021603586472083,726.0,1983.7743404956043,163.0,39,True
BEA-36583,Beauty,SwiftBrand,Zone D,PrimeParts,contact515@primeparts.com,2024-09-25,2025-12-31,2026-08-19,103.0,50,2.1394485695748378,2490.0,8144.702517796428,46.0,36,True
STA-43177,Stationery,NovaLine,ZONE A,LocalSource,contact755@localsource.com,2024-06-06,2025-12-21,2026-07-31,34.0,296,0.19822671499660682,1041.0,1919.0925163089298,55.0,16,True
ELE-45254,Electronics,ZenCraft,ZONE D,DirectImport,contact178@directimport.com,2024-04-22,,2026-06-09,70.0,141,0.9767749020323413,7732.0,19091.2823010281,71.0,30,True
APP-84530,Apparel,CorePeak,Zone B,QuickStock,,2024-08-09,2026-01-26,2026-08-26,378.0,295,0.7760968512462809,4150.0,8048.830672007578,142.0,15,True
HOM-66963,Home & Kitchen,AlphaEdge,Zone B,FastShip Pvt,contact901@fastshippvt.com,2024-04-20,2025-07-16,2026-08-03,197.0,207,0.648201921168992,7381.0,14976.894725677697,154.0,4,True
STA-41369,Stationery,TrueForm,Zone D,FastShip Pvt,,2024-05-01,2025-11-28,2026-06-13,9.0,149,0.8951323491517302,1848.0,3822.1911450978396,162.0,33,True
HOM-53921,Home & Kitchen,AlphaEdge,Zone A,GlobalTrade Ltd,contact530@globaltradeltd.com,2024-12-09,2026-01-26,2026-05-31,391.0,140,0.4950177906322475,5257.0,16328.434473726576,157.0,33,False
BEA-37643,Beauty,CorePeak,Zone A,DirectImport,contact666@directimport.com,2024-04-10,2025-10-11,2026-07-08,121.0,48,0.03233529266131019,2098506.0,5770766.726439721,157.0,580,True
AUT-96241,Automotive,CorePeak,Zone A,SupplyCo India,contact424@supplycoindia.com,2024-11-30,2025-06-07,2026-09-13,393.0,104,,5082.0,8833.649705900905,121.0,20,True
STA-87000,Stationery,ZenCraft,Zone D,PrimeParts,contact807@primeparts.com,2024-06-06,2026-01-12,2026-09-15,140.0,2,0.2465878047164256,1600.0,3451.629976497192,,31,False
STA-54609,Stationery,CorePeak,Zone B,QuickStock,contact112@quickstock.com,2024-10-23,2025-08-25,2026-07-05,438.0,235,0.964909699597654,3514.0,12083.093276414336,40.0,33,True
APP-12214,Apparel,TrueForm,Zone D,FastShip Pvt,contact238@fastshippvt.com,2024-08-21,,2026-07-06,54.0,165,0.9173573561668001,5441.0,4891.867945251764,30.0,15,False
HOM-10590,Home & Kitchen,NovaLine,Zone B,FastShip Pvt,contact730@fastshippvt.com,2024-07-04,2025-07-20,2026-09-08,246.0,242,3.4081269007827766,3976.0,7868.260150512252,122.0,43,True
APP-15385,Apparel,CorePeak,Zone A,FastShip Pvt,contact576@fastshippvt.com,2024-11-01,2025-08-22,2026-08-21,405.0,88,0.15453456230410856,7438.0,19548.481353018047,188.0,13,True
HOM-99596,Home & Kitchen,TrueForm,ZONE B,PrimeParts,contact272@primeparts.com,2024-11-03,2025-07-14,2026-09-08,264.0,279,0.727724414138952,6531.0,13904.083575935309,73.0,20,True
STA-23214,Stationery,UrbanWave,Zone D,LocalSource,contact625@localsource.com,2024-11-12,,2026-08-01,463.0,54,0.1524502593093292,1616.0,2418.270621443643,141.0,24,True
HOM-44988,Home & Kitchen,NovaLine,Zone C,PrimeParts,contact152@primeparts.com,2024-10-27,2025-10-05,2026-06-25,278.0,138,0.4765492831419035,6171.0,10304.56160187278,169.0,23,False
BEA-88578,Beauty,AlphaEdge,Zone B,SupplyCo India,contact418@supplycoindia.com,2024-05-26,2025-12-01,2026-09-09,110.0,202,0.21707818532815837,5062.0,6443.558340018776,100.0,35,True
APP-79175,Apparel,CorePeak,Zone B,DirectImport,contact422@directimport.com,2024-11-02,2025-11-05,2026-09-17,490.0,243,0.5760762552672335,1966.0,6069.9339845846725,59.0,express,True
ELE-39899,Electronics,SwiftBrand,Zone C,DirectImport,contact235@directimport.com,2024-11-03,2025-10-23,2026-05-30,359.0,259,0.6297807043832856,5626.0,19290.101341848287,46.0,34,True
APP-24377,Apparel,NovaLine,Zone B,LocalSource,contact486@localsource.com,2024-05-14,2025-10-03,2026-06-02,313.0,146,0.9410455220720015,1135.0,2419.578436594693,,30,True
APP-33610,Apparel,NovaLine,zone a,DirectImport,,2024-06-13,2026-03-22,2026-08-11,341.0,141,,589.0,1746.513147544286,165.0,9,True
HOM-38646,Home & Kitchen,UrbanWave,Zone A,SupplyCo India,contact467@supplycoindia.com,2024-05-22,2025-09-13,2026-07-20,77.0,20,0.6495366458377241,1987.0,2623.3072301198276,151.0,19,True
APP-26150,Apparel,CorePeak,Zone D,SupplyCo India,contact753@supplycoindia.com,2024-04-21,2025-07-02,2026-08-15,377.0,288,0.912584030315166,410.0,1039.3469188675324,46.0,14,True
ELE-71873,Electronics,TrueForm,Zone B,QuickStock,,2024-10-24,2025-06-24,2026-09-14,148.0,32,0.2074992861828615,7580.0,13489.700853472488,86.0,14,True
AUT-13205,Automotive,UrbanWave,Zone A,PrimeParts,contact218@primeparts.com,2024-08-14,2025-12-06,2026-06-11,314.0,275,1.169469900913881,705.0,1642.440687444256,102.0,9,True
HOM-92726,Home & Kitchen,CorePeak,Zone B,SupplyCo India,contact283@supplycoindia.com,2024-08-27,2025-05-25,2026-07-22,422.0,236,0.557973483587243,985.0,1465.6818513396822,173.0,on demand,False
STA-75991,Stationery,SwiftBrand,Zone B,LocalSource,contact137@localsource.com,2024-06-10,2025-09-25,2026-05-29,452.0,12,0.5071465644615544,7896.0,9084.76542629305,148.0,35,True
ELE-87240,Electronics,NovaLine,zone b,PrimeParts,contact931@primeparts.com,2024-06-16,,2026-07-16,192.0,148,0.8490487821103886,53.0,73.77575150157996,71.0,34,True
BEA-25933,Beauty,CorePeak,Zone D,PrimeParts,contact404@primeparts.com,2024-08-23,2025-06-30,2026-07-09,281.0,139,0.8028192899826395,1515.0,3913.413382089759,181.0,20,True
AUT-49511,Automotive,TrueForm,Zone C,QuickStock,contact608@quickstock.com,2024-06-25,2025-04-26,2026-08-02,366.0,261,0.09821540238007653,4088.0,6141.881335003294,159.0,39,True
STA-92728,Stationery,SwiftBrand,Zone D,DirectImport,contact153@directimport.com,2024-09-09,,2026-07-03,349.0,184,0.22273842200450433,4123.0,14163.890395945518,153.0,12,True
BEA-79189,Beauty,GenericPlus,Zone D,DirectImport,,2024-07-18,2026-01-23,2026-09-01,2.0,220,1.3160825602887494,7026.0,23938.39222762136,,10,True
AUT-27500,Automotive,CorePeak,Zone B,FastShip Pvt,contact856@fastshippvt.com,2024-05-20,,2026-05-28,328.0,152,0.7680099455280361,5455.0,17222.52779864603,173.0,14,True
APP-57126,Apparel,GenericPlus,Zone A,FastShip Pvt,contact743@fastshippvt.com,2024-09-20,2025-10-21,2026-08-10,156.0,147,0.056493218456538985,0.0,0.0,48.0,18,True
APP-77219,Apparel,SwiftBrand,zone b,LocalSource,contact401@localsource.com,2024-05-23,2025-12-24,2026-09-14,12.0,35,0.6819997567261877,271.0,225.6812187938009,140.0,39,True
APP-68227,Apparel,GenericPlus,Zone D,LocalSource,contact446@localsource.com,2024-06-23,2025-05-30,2026-08-05,9.0,151,0.9182052353335937,5678.0,17408.60598143763,87.0,12,True
TOY-93234,Toys,UrbanWave,Zone C,FastShip Pvt,contact157@fastshippvt.com,2024-08-21,2025-08-05,2026-07-16,485.0,51,0.7122643401490066,823.0,2433.3558136055713,122.0,19,True
APP-91247,Apparel,UrbanWave,Zone C,LocalSource,,2024-09-27,2025-04-18,2026-05-30,88.0,248,0.9257249873701823,1104.0,1462.8761107151477,93.0,27,True
SPO-11422,Sports & Outdoors,TrueForm,Zone A,QuickStock,contact188@quickstock.com,2024-09-28,,2026-06-22,211.0,81,0.13714511666070095,1712305.0,4248341.734032113,175.0,12,True
SPO-50955,Sports & Outdoors,AlphaEdge,Zone D,FastShip Pvt,,2024-08-15,2025-05-20,2026-09-20,305.0,149,0.47359539092630976,1287.0,3766.785582762318,129.0,562,False
SPO-61046,Sports & Outdoors,ZenCraft,zone d,SupplyCo India,contact912@supplycoindia.com,2024-10-19,2025-10-04,2026-08-16,429.0,189,0.8361672957294499,390.0,1084.513266113278,14.0,21,True
BEA-33006,Beauty,ZenCraft,zone d,GlobalTrade Ltd,contact167@globaltradeltd.com,2024-09-07,2026-02-16,2026-06-01,145.0,86,0.9195617942551132,1123.0,2489.86708384245,0.3684537011795752,39,True
STA-50457,Stationery,SwiftBrand,Zone D,GlobalTrade Ltd,contact803@globaltradeltd.com,2024-07-08,2025-10-14,2026-07-24,42.0,123,,6049.0,14466.941484726322,183.0,28,True
SPO-69749,Sports & Outdoors,ZenCraft,ZONE B,PrimeParts,contact238@primeparts.com,2024-10-08,2025-03-26,2026-08-06,75.0,233,0.024478024180279223,5365.0,9021.130509790903,169.0,40,True
SPO-70629,Sports & Outdoors,UrbanWave,zone c,DirectImport,contact963@directimport.com,2024-07-20,2025-10-26,2026-06-27,288.0,147,0.21920579729663037,664.0,2025.2842341881365,25.0,39,True
TOY-84423,Toys,ZenCraft,Zone D,SupplyCo India,contact199@supplycoindia.com,2024-11-13,2025-10-26,2026-08-09,0.0,235,0.8323009587565722,4701.0,9867.648903362371,89.0,10,True
TOY-37434,Toys,ZenCraft,Zone A,SupplyCo India,contact531@supplycoindia.com,2024-09-24,2025-10-30,2026-08-08,83.0,79,0.17695195021073729,0.0,0.0,194.0,38,True
HOM-24748,Home & Kitchen,SwiftBrand,Zone A,DirectImport,contact552@directimport.com,2024-12-03,2025-06-12,2026-06-10,159.0,48,0.3829190839331259,293.0,622.2390660007882,140.0,44,True
ELE-63607,Electronics,GenericPlus,Zone A,QuickStock,contact451@quickstock.com,2024-10-14,2026-02-14,2026-08-11,492.0,147,0.044180484548672405,5155.0,10135.444020173969,192.0,44,True
APP-96742,Apparel,TrueForm,Zone D,DirectImport,,2024-08-10,2025-12-21,2026-06-09,358.0,164,0.1686018342304727,291.0,797.6268880581988,198.0,833,False
HOM-90684,Home & Kitchen,TrueForm,Zone B,LocalSource,contact497@localsource.com,2024-04-28,2025-11-06,2026-09-21,168.0,147,0.25216450998890005,3287755.0,8947316.32878193,174.0,3,False
SPO-94845,Sports & Outdoors,NovaLine,zone d,QuickStock,contact233@quickstock.com,2024-07-11,,2026-09-07,217.0,286,0.710459292734438,3039.0,5435.1054588326015,,16,True
STA-16402,Stationery,CorePeak,Zone B,SupplyCo India,contact196@supplycoindia.com,2024-09-02,2025-12-06,2026-06-07,178.0,146,0.015929125403539635,7125.0,18369.365379062856,172.0,41,True
HOM-42201,Home & Kitchen,ZenCraft,Zone D,DirectImport,contact195@directimport.com,2024-04-16,2025-06-23,2026-06-02,363.0,238,0.759917073909728,5161.0,16978.409266617324,171.0,33,True
AUT-77461,Automotive,TrueForm,ZONE A,LocalSource,contact712@localsource.com,2024-12-05,,2026-09-04,480.0,210,,6470.0,11459.716133630498,78.0,33,True
ELE-98274,Electronics,AlphaEdge,Zone B,SupplyCo India,,2024-06-30,2025-05-07,2026-07-08,22.0,217,0.011414814264131823,7869.0,19379.684991709837,63.0,37,False
ELE-61007,Electronics,TrueForm,zone a,LocalSource,contact116@localsource.com,2024-09-15,2025-05-16,2026-07-29,437.0,228,0.6683907405107187,7389.0,25623.896706563544,83.0,20,False
TOY-31946,Toys,AlphaEdge,zone d,SupplyCo India,contact311@supplycoindia.com,2024-05-03,2025-09-29,2026-06-15,152.0,232,0.8100006376834865,6846.0,19117.99414693108,88.0,32,True
ELE-62096,Electronics,ZenCraft,ZONE D,DirectImport,contact367@directimport.com,2024-11-26,2025-10-25,2026-05-29,383.0,180,3.19541506144588,4921.0,12525.357792968529,89.0,39,True
TOY-39083,Toys,SwiftBrand,zone c,LocalSource,contact291@localsource.com,2024-05-13,,2026-07-31,160.0,216,0.06716531299782125,157.0,358.6829521337107,85.0,33,True
AUT-16263,Automotive,NovaLine,Zone B,LocalSource,,2024-10-30,2025-11-27,2026-08-03,277.0,94,,320.0,1083.349291660548,,TBD,True
AUT-54001,Automotive,CorePeak,zone c,GlobalTrade Ltd,contact857@globaltradeltd.com,2024-04-08,2025-04-07,2026-09-19,421.0,288,0.9163204910257664,3320.0,10007.089487002235,,22,True
BEA-55064,Beauty,TrueForm,Zone D,GlobalTrade Ltd,contact803@globaltradeltd.com,2024-07-14,2025-10-03,2026-09-18,37.0,63,0.6344258267645524,4880.0,11806.16566936881,67.0,~3 weeks,False
AUT-39520,Automotive,UrbanWave,Zone C,DirectImport,,2024-04-20,2025-09-22,2026-09-13,271.0,294,0.9179148644334171,4482.0,15268.974078812655,151.0,42,True
HOM-18353,Home & Kitchen,UrbanWave,Zone B,DirectImport,contact828@directimport.com,2024-08-20,2026-03-03,2026-09-14,47.0,130,0.41716630690362655,1239.0,2355.065708482095,121.0,20,True
APP-51412,Apparel,SwiftBrand,Zone B,QuickStock,contact696@quickstock.com,2024-08-27,2026-03-10,2026-07-18,76.0,133,0.2664885111921713,7155.0,10371.323144577638,,34,True
ELE-10476,Electronics,NovaLine,Zone B,PrimeParts,contact940@primeparts.com,2024-11-30,2026-03-13,2026-07-29,-11.0,165,,3577.0,11544.473556952165,47.0,21,True
HOM-58043,Home & Kitchen,UrbanWave,Zone D,PrimeParts,contact649@primeparts.com,2024-05-10,2025-11-04,2026-08-19,215.0,281,0.16714645579695642,1923.0,5004.480314732689,154.0,5,True
APP-12151,Apparel,AlphaEdge,Zone A,SupplyCo India,contact362@supplycoindia.com,2024-08-19,2025-07-27,2026-06-23,406.0,32,0.9098932654657076,0.0,0.0,131.0,36,True
HOM-33870,Home & Kitchen,TrueForm,Zone D,SupplyCo India,,2024-10-15,2025-12-13,2026-09-15,-71.0,249,0.8034706414796898,769.0,2137.146556012753,54.0,41,True
SPO-21843,Sports & Outdoors,AlphaEdge,Zone A,QuickStock,contact578@quickstock.com,2024-09-27,2025-07-15,2026-08-26,6.0,3,0.3031817510500239,2205629.0,2981346.630464054,,31,True
BEA-40017,Beauty,NovaLine,ZONE C,PrimeParts,,2024-09-08,2025-07-24,2026-09-16,97.0,150,0.867892950626956,2146.0,4492.686039167417,126.0,15,True
ELE-12696,Electronics,CorePeak,Zone B,FastShip Pvt,contact597@fastshippvt.com,2024-09-07,2025-08-18,2026-06-23,211.0,38,0.6795986682756024,2967.0,3813.3787419373402,194.0,344,True
ELE-45181,Electronics,AlphaEdge,Zone C,QuickStock,,2024-05-01,2026-03-06,2026-06-02,52.0,144,0.515709453769322,5320.0,16570.545210287193,157.0,32,False
SPO-50769,Sports & Outdoors,UrbanWave,ZONE B,QuickStock,contact503@quickstock.com,2024-04-30,2026-01-01,2026-08-31,88.0,93,0.8222257614896314,5312.0,12696.027535456313,167.0,22,True
ELE-50408,Electronics,TrueForm,Zone C,GlobalTrade Ltd,contact472@globaltradeltd.com,2024-08-24,2026-02-03,2026-06-28,435.0,16,0.012512140572330854,2703.0,9419.163381952229,,38,True
BEA-92890,Beauty,SwiftBrand,Zone A,FastShip Pvt,,2024-07-19,2025-11-24,2026-06-28,380.0,233,0.3807166680238906,7354.0,13851.681834799832,57.0,27,True
BEA-41702,Beauty,TrueForm,Zone D,FastShip Pvt,contact869@fastshippvt.com,2024-07-22,2025-12-22,2026-05-26,9.0,32,,7953.0,18742.77259956936,155.0,12,True
TOY-54804,Toys,ZenCraft,zone c,GlobalTrade Ltd,contact266@globaltradeltd.com,2024-08-23,2025-09-20,2026-06-23,81.0,33,0.2788643900039287,3579.0,2928.009627205337,139.0,24,True
APP-67899,Apparel,NovaLine,Zone C,DirectImport,contact203@directimport.com,2024-10-09,2025-03-31,2026-08-23,372.0,121,0.11523987314303952,4676.0,13002.308487590557,27.0,30,True
APP-72205,Apparel,AlphaEdge,Zone D,PrimeParts,contact980@primeparts.com,2024-11-04,2025-12-21,2026-07-13,242.0,245,0.4282515332852943,3031.0,8300.086352021079,10.0,39,True
AUT-55876,Automotive,GenericPlus,Zone C,PrimeParts,contact104@primeparts.com,2024-04-25,2025-12-21,2026-06-21,463.0,234,,5605.0,14801.392738022672,117.0,9,True
TOY-82273,Toys,AlphaEdge,zone b,PrimeParts,contact125@primeparts.com,2024-07-25,2025-10-24,2026-06-04,44.0,79,,5075.0,14799.252656313161,,19,True
STA-84578,Stationery,AlphaEdge,Zone D,QuickStock,contact246@quickstock.com,2024-07-13,2025-11-09,2026-06-14,274.0,294,0.6743099753432896,2834.0,6997.770408381918,139.0,21,True
BEA-99777,Beauty,CorePeak,Zone B,GlobalTrade Ltd,contact733@globaltradeltd.com,2024-04-10,2025-10-29,2026-06-25,306.0,19,0.4265658543435773,4362.0,9317.176832062853,85.0,14,True
APP-48400,Apparel,ZenCraft,Zone A,PrimeParts,contact524@primeparts.com,2024-11-13,2025-04-05,2026-08-26,278.0,96,0.9995905581108742,2180.0,3231.100033006539,184.0,33,True
APP-46904,Apparel,NovaLine,Zone A,LocalSource,contact126@localsource.com,2024-10-16,2025-09-10,2026-08-12,148.0,277,0.4180635247290171,2471.0,4251.0774223644585,66.0,7,True
TOY-54349,Toys,GenericPlus,zone c,FastShip Pvt,contact893@fastshippvt.com,2024-04-12,2025-06-18,2026-08-29,423.0,50,0.029870234188368983,604.0,1303.6696842006381,,30,True
HOM-95030,Home & Kitchen,GenericPlus,Zone B,SupplyCo India,,2024-10-27,2025-07-23,2026-05-30,257.0,267,0.9252248047375781,409.0,855.4454603261981,12.0,9,True
STA-91381,Stationery,CorePeak,zone a,PrimeParts,contact935@primeparts.com,2024-07-17,2025-06-04,2026-09-14,312.0,258,0.6186115567647457,413.0,841.1966771120403,83.0,403,True
SPO-88178,Sports & Outdoors,CorePeak,zone d,SupplyCo India,,2024-10-24,2025-06-07,2026-09-03,125.0,113,,4650.0,14265.90131079432,,42,True
ELE-11706,Electronics,ZenCraft,Zone D,FastShip Pvt,,2024-11-24,2025-03-31,2026-08-26,383.0,167,0.9116209524730118,1196.0,3171.5785118269578,195.0,676,True
APP-95803,Apparel,TrueForm,Zone D,LocalSource,contact162@localsource.com,2024-04-11,2025-06-25,2026-06-18,64.0,299,0.3394710386766594,6413.0,19391.011072812464,,34,True
TOY-19224,Toys,SwiftBrand,Zone A,FastShip Pvt,contact581@fastshippvt.com,2024-10-26,2025-11-23,2026-09-02,204.0,88,0.3288319275552454,1559.0,3005.9009234785626,42.0,29,False
ELE-45961,Electronics,NovaLine,Zone A,QuickStock,contact161@quickstock.com,2024-07-20,2025-07-21,2026-08-12,179.0,253,0.07715058798097507,7800.0,24108.64362380783,136.0,34,True
APP-96493,Apparel,GenericPlus,Zone C,SupplyCo India,contact255@supplycoindia.com,2024-07-21,2025-09-02,2026-08-22,3.0,159,1.3577081832843143,1023796.0,2047811.3826692067,79.0,20,True
AUT-94208,Automotive,SwiftBrand,ZONE D,LocalSource,,2024-06-05,2025-10-07,2026-07-08,268.0,112,0.17371728541494158,6486.0,9941.88116258198,27.0,18,True
ELE-43722,Electronics,NovaLine,Zone C,QuickStock,contact967@quickstock.com,2024-11-17,2025-07-16,2026-07-18,76.0,292,0.26408867399409597,5081.0,7218.005931995716,157.0,25,False
APP-48017,Apparel,CorePeak,Zone A,LocalSource,,2024-07-23,,2026-08-01,3.0,104,0.27473551907794636,6204.0,16671.822706124007,,16,True
AUT-86915,Automotive,ZenCraft,Zone C,GlobalTrade Ltd,contact940@globaltradeltd.com,2024-08-08,,2026-08-18,167.0,202,0.8191713926550133,7603.0,25205.419547677076,,~1 month,True
ELE-23801,Electronics,NovaLine,Zone D,FastShip Pvt,,2024-05-19,2025-11-12,2026-07-08,453.0,32,0.6358208523017675,1990218.0,5322384.464168734,,24,True
BEA-48526,Beauty,CorePeak,Zone D,SupplyCo India,contact520@supplycoindia.com,2024-09-13,2025-06-04,2026-08-14,98.0,147,,1474.0,3244.743478774641,92.0,35,True
APP-27897,Apparel,AlphaEdge,ZONE B,PrimeParts,,2024-04-10,,2026-05-29,355.0,81,0.8388087409465019,141.0,203.23751067843168,,9,True
APP-97968,Apparel,ZenCraft,Zone D,FastShip Pvt,contact979@fastshippvt.com,2024-07-10,2025-05-11,2026-06-06,37.0,209,,876.0,1885.3806609269589,84.0,15,True
APP-16148,Apparel,AlphaEdge,Zone B,DirectImport,contact142@directimport.com,2024-11-21,2026-01-29,2026-07-01,483.0,132,0.417656062117881,1602682.0,3806727.0539484713,,35,True
APP-34395,Apparel,SwiftBrand,Zone D,GlobalTrade Ltd,contact191@globaltradeltd.com,2024-04-14,2025-12-19,2026-08-19,71.0,63,0.590792338622013,537.0,1557.839576441361,105.0,20,True
SPO-66206,Sports & Outdoors,CorePeak,zone c,FastShip Pvt,contact979@fastshippvt.com,2024-05-20,,2026-06-12,372.0,52,0.18668849725979275,7928.0,23479.50322953065,54.0,33,True
APP-47639,Apparel,AlphaEdge,Zone B,LocalSource,contact156@localsource.com,2024-05-19,2025-10-02,2026-07-17,97.0,62,0.891810164827097,2922.0,8285.186827542779,62.0,7,True
APP-56140,Apparel,UrbanWave,Zone C,GlobalTrade Ltd,contact465@globaltradeltd.com,2024-05-07,2025-04-08,2026-08-22,225.0,270,0.26110699763504175,4455.0,6966.4071886299325,125.0,36,True
APP-13334,Apparel,TrueForm,ZONE D,QuickStock,,2024-04-29,2025-10-19,2026-08-31,265.0,120,0.6859831234078092,370.0,447.33962799191,,40,True
HOM-60090,Home & Kitchen,AlphaEdge,Zone D,LocalSource,contact134@localsource.com,2024-05-31,2026-01-27,2026-08-17,156.0,15,,2832445.0,8874758.872438032,0.7271486615963143,23,True
BEA-84752,Beauty,UrbanWave,ZONE A,LocalSource,contact570@localsource.com,2024-07-02,,2026-07-31,317.0,75,0.8949094897195651,6331.0,15253.156087562633,54.0,29,True
SPO-67543,Sports & Outdoors,TrueForm,Zone D,LocalSource,contact602@localsource.com,2024-09-29,2025-03-26,2026-06-30,41.0,118,0.21409069178481666,3701.0,11726.257149464951,171.0,42,True
ELE-94649,Electronics,CorePeak,zone c,LocalSource,,2024-10-11,2025-05-15,2026-06-08,332.0,76,,775.0,457.0463806012586,129.0,36,True
ELE-56260,Electronics,CorePeak,Zone A,GlobalTrade Ltd,contact401@globaltradeltd.com,2024-06-27,2026-01-10,2026-06-19,305.0,259,0.7935156732752171,5973.0,12801.396442427209,78.0,16,False
TOY-79540,Toys,AlphaEdge,Zone B,DirectImport,contact302@directimport.com,2024-08-15,,2026-08-22,366.0,133,0.9310581329297146,4158.0,6522.849858729897,31.0,3,True
TOY-79809,Toys,AlphaEdge,Zone C,SupplyCo India,contact962@supplycoindia.com,2024-07-08,2025-09-30,2026-05-30,254.0,222,0.30034768838133985,385.0,1089.3116492111649,95.0,38,False
APP-70412,Apparel,ZenCraft,Zone B,DirectImport,contact135@directimport.com,2024-08-21,2025-05-08,2026-08-09,61.0,18,0.10317430299818509,5207.0,17344.49682308515,39.0,TBD,True
ELE-46432,Electronics,NovaLine,Zone A,LocalSource,contact224@localsource.com,2024-11-15,2025-11-18,2026-07-19,443.0,10,0.868780972250736,2719.0,5279.025069795159,191.0,18,True
BEA-45589,Beauty,ZenCraft,Zone D,DirectImport,,2024-07-13,2025-10-08,2026-07-29,203.0,252,0.462488233106076,7232.0,11184.323764948645,,382,True
HOM-25674,Home & Kitchen,CorePeak,Zone B,DirectImport,contact257@directimport.com,2024-09-15,2025-12-07,2026-06-28,286.0,43,0.08606753589499905,2415.0,6077.6102516935825,,20,True
HOM-56937,Home & Kitchen,GenericPlus,zone a,LocalSource,contact929@localsource.com,2024-07-04,2025-11-01,2026-09-10,252.0,215,2.1336677174722642,5505.0,8022.13967595403,62.0,4-6 weeks,True
STA-71772,Stationery,NovaLine,Zone D,DirectImport,contact987@directimport.com,2024-06-16,2025-06-23,2026-06-15,94.0,16,0.4697681116705459,7148.0,9814.75641107961,69.0,28,True
BEA-59701,Beauty,GenericPlus,ZONE B,QuickStock,contact801@quickstock.com,2024-09-02,2026-01-05,2026-07-07,293.0,249,0.1998484273537413,3673.0,9103.984296176239,152.0,34,True
ELE-67483,Electronics,GenericPlus,Zone C,FastShip Pvt,,2024-09-29,2025-05-07,2026-07-13,254.0,183,0.8310218045867143,2133.0,2475.233363172833,71.0,42,True
AUT-86436,Automotive,SwiftBrand,Zone A,FastShip Pvt,contact230@fastshippvt.com,2024-08-06,2025-08-10,2026-07-24,398.0,8,0.5555081542275087,7342.0,14219.746682823292,37.0,15,False
ELE-79881,Electronics,SwiftBrand,Zone C,DirectImport,contact687@directimport.com,2024-06-07,2026-03-08,2026-05-27,19.0,25,3.0473833256842693,57.0,136.6149221225529,143.0,24,True
ELE-68625,Electronics,AlphaEdge,Zone B,GlobalTrade Ltd,contact450@globaltradeltd.com,2024-11-18,2025-03-27,2026-07-05,-57.0,110,0.5263027176305188,205.0,514.534750741486,112.0,7,True
TOY-17276,Toys,ZenCraft,Zone A,GlobalTrade Ltd,contact718@globaltradeltd.com,2024-10-06,2025-06-04,2026-09-18,323.0,252,0.6266142481244491,4777.0,15759.348309220943,55.0,9,True
SPO-34195,Sports & Outdoors,AlphaEdge,Zone D,PrimeParts,contact350@primeparts.com,2024-10-24,2026-01-30,2026-08-02,41.0,237,0.41694194878520996,5533.0,18646.149156424108,11.0,9,True
APP-22937,Apparel,CorePeak,Zone A,DirectImport,contact446@directimport.com,2024-08-09,,2026-06-07,456.0,150,0.6504550777040885,350.0,836.8848397309024,182.0,41,True
TOY-59947,Toys,SwiftBrand,Zone C,SupplyCo India,contact744@supplycoindia.com,2024-06-27,2025-10-28,2026-08-12,75.0,237,0.2495716393106847,2448.0,4881.849854010155,15.0,33,False
HOM-31191,Home & Kitchen,AlphaEdge,ZONE D,GlobalTrade Ltd,contact548@globaltradeltd.com,2024-06-10,2025-10-20,2026-06-26,283.0,98,0.5362058775937133,6887.0,15169.989844302092,,27,True
BEA-37467,Beauty,AlphaEdge,Zone B,SupplyCo India,contact336@supplycoindia.com,2024-04-28,2025-10-18,2026-09-06,-75.0,89,0.7749456544415265,4495.0,14024.768981199695,13.0,29,True
APP-53532,Apparel,ZenCraft,ZONE D,SupplyCo India,contact705@supplycoindia.com,2024-08-01,2025-10-22,2026-07-09,206.0,291,0.605179313502924,1685.0,4979.574135529062,60.0,4,True
HOM-70692,Home & Kitchen,NovaLine,ZONE C,DirectImport,contact539@directimport.com,2024-09-05,2025-06-25,2026-05-26,24.0,251,0.27754287595485705,1049.0,2249.6997593149626,78.0,33,True
TOY-41949,Toys,ZenCraft,ZONE C,DirectImport,contact294@directimport.com,2024-04-29,2025-10-10,2026-08-03,347.0,249,0.19119799840319796,230.0,448.03137724917696,58.0,13,True
APP-73530,Apparel,NovaLine,Zone C,SupplyCo India,contact196@supplycoindia.com,2024-06-23,2025-09-19,2026-06-17,63.0,198,0.13876122305224992,4321.0,11362.051168994332,,42,True
HOM-42964,Home & Kitchen,NovaLine,Zone A,QuickStock,contact248@quickstock.com,2024-05-28,2026-02-01,2026-08-04,110.0,162,0.8376842536388112,3078.0,3680.6424153947296,74.0,13,True
TOY-34688,Toys,SwiftBrand,zone a,FastShip Pvt,contact276@fastshippvt.com,2024-10-17,,2026-07-30,453.0,246,0.12302086942191759,117.0,341.47513916216354,86.0,6,True
SPO-97620,Sports & Outdoors,CorePeak,Zone A,FastShip Pvt,contact806@fastshippvt.com,2024-04-17,2025-03-27,2026-07-12,208.0,108,0.25397683038510355,3887.0,5593.776740871972,185.0,15,False
SPO-37128,Sports & Outdoors,AlphaEdge,Zone B,FastShip Pvt,contact386@fastshippvt.com,2024-12-07,2025-09-21,2026-09-13,98.0,105,0.878910237542861,2495.0,8268.532515392373,91.0,39,False
ELE-93214,Electronics,SwiftBrand,Zone B,SupplyCo India,contact414@supplycoindia.com,2024-11-13,2025-04-06,2026-06-15,417.0,285,0.4059993105498425,4628.0,11606.499042733463,162.0,35,True
APP-32061,Apparel,AlphaEdge,Zone A,GlobalTrade Ltd,contact609@globaltradeltd.com,2024-09-09,2025-04-29,2026-06-24,457.0,296,0.5560418052989069,7350.0,19953.332832417385,52.0,11,False
STA-36785,Stationery,AlphaEdge,Zone B,FastShip Pvt,,2024-04-09,2026-01-23,2026-08-11,395.0,219,0.6370629648743945,6504.0,22409.579308692544,118.0,express,False
ELE-45517,Electronics,ZenCraft,zone c,DirectImport,contact420@directimport.com,2024-11-23,2025-07-26,2026-08-31,265.0,259,0.8418014265809836,6510.0,8369.899330413979,38.0,14,True
TOY-79267,Toys,ZenCraft,zone b,FastShip Pvt,contact271@fastshippvt.com,2024-09-25,2026-02-07,2026-07-28,201.0,21,0.29995885172416414,172.0,266.2406737809133,113.0,30,True
APP-19930,Apparel,ZenCraft,Zone C,GlobalTrade Ltd,contact738@globaltradeltd.com,2024-07-18,2025-06-28,2026-09-01,208.0,280,0.40690432357269934,6891.0,13211.79171597232,106.0,18,True
SPO-60431,Sports & Outdoors,AlphaEdge,Zone A,DirectImport,contact862@directimport.com,2024-10-28,2025-10-07,2026-06-13,417.0,225,0.1413727534590863,1827197.0,4721735.478975539,113.0,40,True
APP-46991,Apparel,ZenCraft,ZONE B,QuickStock,contact348@quickstock.com,2024-08-01,2025-11-06,2026-08-03,471.0,147,0.22739230256465892,6896.0,16702.776986234152,143.0,8,False
HOM-42017,Home & Kitchen,CorePeak,ZONE A,PrimeParts,contact642@primeparts.com,2024-11-14,2025-04-12,2026-07-30,38.0,156,0.5761602541754883,2663.0,4850.003374597153,159.0,13,True
TOY-79540,Toys,AlphaEdge,Zone B,DirectImport,contact302@directimport.com,2024-08-15,,2026-08-22,366.0,133,0.9310581329297146,4158.0,6522.849858729897,31.0,3,True
APP-75430,Apparel,UrbanWave,Zone A,PrimeParts,contact497@primeparts.com,2024-06-06,2025-04-03,2026-08-24,474.0,60,0.31317430827049264,7377.0,5553.652883057491,0.8296200599636185,18,True
ELE-61480,Electronics,AlphaEdge,Zone C,PrimeParts,contact404@primeparts.com,2024-04-28,2025-09-26,2026-08-18,189.0,25,0.8063859858027677,1880.0,3209.069728181164,89.0,30,True
APP-14342,Apparel,GenericPlus,zone b,QuickStock,contact890@quickstock.com,2024-05-15,2025-05-18,2026-07-04,405.0,35,0.03621529199603668,7770.0,17111.63722683947,25.0,31,True
APP-91247,Apparel,UrbanWave,Zone C,LocalSource,,2024-09-27,2025-04-18,2026-05-30,88.0,248,0.9257249873701823,1104.0,1462.8761107151477,93.0,27,True
STA-28254,Stationery,NovaLine,Zone B,SupplyCo India,,2024-04-05,2025-04-26,2026-07-29,214.0,11,0.43024099378354663,1773.0,3595.676319767853,76.0,25,True
APP-84012,Apparel,UrbanWave,Zone C,FastShip Pvt,contact142@fastshippvt.com,2024-05-05,2025-12-12,2026-08-28,389.0,2,0.4462518690053202,603.0,521.6351241589753,40.0,40,True
TOY-26123,Toys,NovaLine,Zone D,GlobalTrade Ltd,,2024-11-13,2026-03-14,2026-07-26,88.0,52,0.7446052556380546,1359.0,4263.040932062628,146.0,28,True
HOM-77377,Home & Kitchen,NovaLine,Zone A,DirectImport,contact440@directimport.com,2024-08-25,,2026-08-23,380.0,122,0.553306193167724,1975.0,5365.562044181552,110.0,25,True
HOM-87460,Home & Kitchen,CorePeak,Zone B,DirectImport,contact262@directimport.com,2024-06-07,2025-10-23,2026-06-23,453.0,245,0.08319929810506954,7591.0,25103.249625556324,13.0,43,True
APP-47157,Apparel,NovaLine,zone b,FastShip Pvt,,2024-11-04,2025-05-05,2026-08-04,357.0,245,0.61294895400732,7365.0,11394.59263366898,,14,True
ELE-54460,Electronics,CorePeak,Zone A,FastShip Pvt,contact254@fastshippvt.com,2024-11-14,,2026-09-14,415.0,49,0.5297172754834039,6350.0,10695.464446781629,78.0,8,True
HOM-95553,Home & Kitchen,SwiftBrand,Zone C,PrimeParts,contact159@primeparts.com,2024-07-29,2025-11-09,2026-09-01,167.0,1,0.4748288823799036,7140.0,16878.495425862504,0.1757933914664762,42,True
APP-30964,Apparel,ZenCraft,Zone C,FastShip Pvt,contact894@fastshippvt.com,2024-08-22,2025-11-16,2026-07-28,144.0,255,,1972.0,4608.91286487172,12.0,24,True
TOY-85764,Toys,NovaLine,ZONE D,FastShip Pvt,contact433@fastshippvt.com,2024-09-01,2026-02-04,2026-06-20,449.0,64,0.5133651953770951,4350.0,10599.284798516997,173.0,27,True
APP-42072,Apparel,SwiftBrand,Zone A,GlobalTrade Ltd,contact434@globaltradeltd.com,2024-06-11,2025-04-04,2026-09-18,484.0,259,0.39319810633469177,1847.0,3393.5631163478415,160.0,29,True
HOM-67855,Home & Kitchen,NovaLine,Zone B,PrimeParts,contact368@primeparts.com,2024-09-26,2025-10-03,2026-08-15,327.0,115,0.6394190846012385,3064.0,1777.2640461942221,34.0,10,False
APP-16189,Apparel,AlphaEdge,Zone C,PrimeParts,,2024-04-19,,2026-08-08,71.0,57,0.2980647986635666,4769.0,12334.694813165193,,766,True
AUT-87228,Automotive,AlphaEdge,Zone A,FastShip Pvt,contact555@fastshippvt.com,2024-05-08,2026-01-25,2026-09-11,132.0,106,0.11141420136326263,3528.0,7535.086200367187,141.0,26,True
STA-67505,Stationery,NovaLine,Zone D,DirectImport,contact964@directimport.com,2024-10-12,2025-09-24,2026-08-28,265.0,191,0.3019820479148805,1650418.0,2376082.2669527526,105.0,8,True
HOM-99847,Home & Kitchen,NovaLine,ZONE B,FastShip Pvt,contact494@fastshippvt.com,2024-04-24,2025-08-28,2026-08-15,80.0,209,0.12560994015131954,7579.0,11545.091413925305,48.0,4,False
APP-93665,Apparel,TrueForm,ZONE C,QuickStock,,2024-11-18,2026-01-31,2026-09-01,279.0,43,0.8794894342121292,3806.0,11432.70431094789,,19,True
BEA-70193,Beauty,ZenCraft,Zone B,PrimeParts,contact443@primeparts.com,2024-08-12,2025-11-08,2026-08-11,73.0,154,0.7119773745242436,2043.0,3928.882946731323,165.0,6,True
APP-66679,Apparel,CorePeak,Zone A,DirectImport,,2024-09-18,2026-01-06,2026-09-01,101.0,46,0.2654786976692102,1231.0,3558.0497609797317,,8,True
SPO-48942,Sports & Outdoors,UrbanWave,zone c,FastShip Pvt,contact827@fastshippvt.com,2024-10-30,2025-08-29,2026-07-30,292.0,252,0.318293579522533,1923.0,6094.14901415634,87.0,16,True
SPO-65662,Sports & Outdoors,GenericPlus,Zone D,SupplyCo India,contact393@supplycoindia.com,2024-06-24,2025-12-04,2026-06-20,-17.0,220,0.2234980503341475,7189.0,11776.19384612131,,22,True
ELE-90531,Electronics,CorePeak,Zone B,PrimeParts,contact114@primeparts.com,2024-11-21,2025-12-09,2026-08-27,114.0,160,0.19762365763781475,1149.0,2191.651132814646,174.0,38,True
APP-57259,Apparel,SwiftBrand,Zone D,QuickStock,contact580@quickstock.com,2024-09-06,2025-10-14,2026-05-25,119.0,188,0.5290025763146322,2214.0,3094.5349547295205,164.0,17,False
APP-76331,Apparel,TrueForm,Zone C,SupplyCo India,contact681@supplycoindia.com,2024-06-20,,2026-08-08,30.0,171,0.3857192898146945,6712.0,10400.632333865224,112.0,22,True
ELE-31964,Electronics,UrbanWave,ZONE A,QuickStock,contact770@quickstock.com,2024-07-09,2025-05-21,2026-08-07,204.0,150,0.962429204505786,7757.0,21023.682079895512,186.0,34,True
ELE-96407,Electronics,ZenCraft,Zone A,FastShip Pvt,,2024-09-13,2026-01-27,2026-07-22,276.0,56,0.9994135232983343,0.0,0.0,63.0,30,True
APP-52681,Apparel,ZenCraft,zone b,LocalSource,contact466@localsource.com,2024-09-15,2026-03-02,2026-06-25,385.0,285,0.3712873445821314,5188.0,10797.222419962925,114.0,44,True
BEA-92794,Beauty,SwiftBrand,Zone C,SupplyCo India,contact970@supplycoindia.com,2024-11-27,2025-08-09,2026-08-19,246.0,93,,5488.0,17809.353769009915,60.0,8,True
HOM-15484,Home & Kitchen,AlphaEdge,Zone C,QuickStock,contact268@quickstock.com,2024-05-11,2026-01-16,2026-07-19,133.0,188,0.6140680879598494,7390.0,24563.743771008434,189.0,16,True
BEA-44631,Beauty,AlphaEdge,ZONE B,QuickStock,contact408@quickstock.com,2024-06-18,,2026-06-25,325.0,22,0.86618183300473,649.0,1268.9341275984675,82.0,29,True
HOM-85028,Home & Kitchen,TrueForm,Zone D,GlobalTrade Ltd,,2024-08-02,2025-07-03,2026-07-14,197.0,218,0.03941669946570625,2470.0,5648.927288148544,27.0,36,True
HOM-55636,Home & Kitchen,SwiftBrand,Zone C,QuickStock,,2024-09-20,2026-01-30,2026-08-13,270.0,96,0.08820115126782735,1549.0,2546.071475751323,111.0,13,False
ELE-34886,Electronics,SwiftBrand,zone b,DirectImport,,2024-07-12,2025-10-31,2026-07-30,415.0,71,3.0325847161956596,104.0,127.54798051780098,179.0,32,True
ELE-63920,Electronics,CorePeak,Zone C,FastShip Pvt,contact357@fastshippvt.com,2024-06-17,2025-11-07,2026-07-07,423.0,248,0.8835741155777393,4279.0,6318.309769985531,38.0,419,True
HOM-37950,Home & Kitchen,UrbanWave,ZONE C,PrimeParts,contact186@primeparts.com,2024-04-24,,2026-08-31,212.0,24,0.8831026342435533,1307.0,1989.636504575395,33.0,24,True
SPO-74752,Sports & Outdoors,NovaLine,Zone B,PrimeParts,contact879@primeparts.com,2024-04-28,,2026-07-28,259.0,254,0.5899954775635817,1070.0,2706.5620928041553,112.0,17,True
HOM-63885,Home & Kitchen,AlphaEdge,Zone A,QuickStock,contact474@quickstock.com,2024-10-31,2026-02-17,2026-08-04,430.0,0,0.12611875047273047,3059.0,8652.16597487456,,39,True
STA-24044,Stationery,GenericPlus,Zone A,GlobalTrade Ltd,contact179@globaltradeltd.com,2024-08-02,2025-10-23,2026-09-13,121.0,289,,2911.0,4899.843649588286,84.0,33,False
HOM-69668,Home & Kitchen,GenericPlus,zone a,QuickStock,contact262@quickstock.com,2024-06-24,2026-02-02,2026-08-28,33.0,120,0.6466406483289094,3144.0,5779.099351946063,134.0,16,True
ELE-83740,Electronics,NovaLine,Zone A,FastShip Pvt,contact139@fastshippvt.com,2024-06-14,2025-08-15,2026-08-30,338.0,38,0.3811115447859268,197.0,130.40813833703876,,29,True
APP-56122,Apparel,ZenCraft,ZONE C,DirectImport,contact956@directimport.com,2024-09-24,2025-04-14,2026-05-31,44.0,282,0.6484388434510547,5216.0,17311.43315929115,107.0,17,True
ELE-33365,Electronics,GenericPlus,zone a,FastShip Pvt,contact704@fastshippvt.com,2024-09-27,2025-05-19,2026-09-06,111.0,152,0.4704634033894828,5081.0,13957.317090379787,45.0,33,True
HOM-21606,Home & Kitchen,TrueForm,Zone C,DirectImport,contact940@directimport.com,2024-07-21,2025-03-27,2026-09-14,272.0,232,,583.0,1488.9179754150591,106.0,13,True
BEA-99501,Beauty,UrbanWave,Zone C,PrimeParts,contact360@primeparts.com,2024-07-01,2025-12-13,2026-06-27,454.0,81,0.4468855750788068,3760.0,12847.18635078186,107.0,14,True
ELE-18780,Electronics,NovaLine,Zone D,SupplyCo India,contact471@supplycoindia.com,2024-04-21,2025-05-21,2026-09-16,214.0,38,0.4527767767905758,816.0,1326.5221345824723,,3,True
APP-14178,Apparel,TrueForm,zone a,QuickStock,contact691@quickstock.com,2024-08-05,2025-10-28,2026-06-03,177.0,80,0.5449067415721223,5989.0,13063.214057981235,111.0,33,True
HOM-13953,Home & Kitchen,AlphaEdge,Zone D,SupplyCo India,contact159@supplycoindia.com,2024-11-23,2025-07-19,2026-07-07,396.0,87,3.1833305035045965,7429.0,12321.398820600674,,20,True
BEA-62159,Beauty,ZenCraft,Zone C,SupplyCo India,contact843@supplycoindia.com,2024-06-05,,2026-07-03,15.0,277,,1404.0,3738.3273801611576,161.0,42,True
HOM-81857,Home & Kitchen,AlphaEdge,Zone B,DirectImport,,2024-06-11,2025-08-21,2026-07-28,243.0,170,0.16489539765716776,1664148.0,4574083.71557632,143.0,33,True
APP-48017,Apparel,CorePeak,Zone A,LocalSource,,2024-07-23,,2026-08-01,3.0,104,0.27473551907794636,6204.0,16671.822706124007,,16,True
SPO-29766,Sports & Outdoors,AlphaEdge,Zone D,SupplyCo India,contact733@supplycoindia.com,2024-09-13,2025-04-29,2026-06-10,490.0,112,0.2995471758585878,1396.0,4658.902955960577,25.0,15,True
APP-55824,Apparel,AlphaEdge,Zone A,GlobalTrade Ltd,contact649@globaltradeltd.com,2024-05-23,2026-03-03,2026-06-21,16.0,99,0.2016355751840131,4963.0,16080.44824735003,37.0,9,True
ELE-17765,Electronics,ZenCraft,ZONE A,QuickStock,contact195@quickstock.com,2024-08-28,2025-06-30,2026-07-04,257.0,62,0.5874251720974609,250.0,465.4780163105685,,21,False
TOY-30364,Toys,TrueForm,Zone C,FastShip Pvt,contact126@fastshippvt.com,2024-11-16,2025-08-11,2026-08-31,101.0,270,0.5105561805394889,7744.0,23129.848985660436,122.0,25,True
ELE-72925,Electronics,ZenCraft,Zone C,DirectImport,contact285@directimport.com,2024-07-13,2025-04-22,2026-06-01,243.0,268,0.44707202944114166,5967.0,7127.306710664672,117.0,8,True
APP-76019,Apparel,TrueForm,Zone A,PrimeParts,contact939@primeparts.com,2024-07-16,2025-12-31,2026-06-21,174.0,21,0.5581952972035217,3707382.0,4565673.833339216,42.0,14,True
AUT-72854,Automotive,UrbanWave,Zone A,LocalSource,contact836@localsource.com,2024-04-16,2025-06-11,2026-06-28,79.0,220,0.2985618640253864,4894.0,8351.893516218503,157.0,34,True
SPO-58270,Sports & Outdoors,NovaLine,Zone A,QuickStock,contact878@quickstock.com,2024-07-10,2025-06-12,2026-08-06,285.0,224,0.6778562511677089,0.0,0.0,21.0,39,False
APP-22824,Apparel,ZenCraft,Zone D,DirectImport,contact870@directimport.com,2024-11-29,2026-02-28,2026-06-09,149.0,255,0.1544878603270109,3819.0,9492.517386045914,134.0,10,True
APP-57264,Apparel,ZenCraft,zone a,DirectImport,contact481@directimport.com,2024-08-26,2025-04-20,2026-08-11,103.0,108,,3849.0,8355.337748339927,179.0,35,False
TOY-80699,Toys,NovaLine,Zone A,SupplyCo India,contact762@supplycoindia.com,2024-07-14,2025-05-17,2026-09-21,45.0,296,0.3913271945516704,7470.0,11435.580420672124,51.0,9,True
HOM-54634,Home & Kitchen,CorePeak,Zone B,FastShip Pvt,contact437@fastshippvt.com,2024-11-26,2025-07-11,2026-09-17,405.0,28,0.9418764910996799,768.0,1880.0150350836732,169.0,24,True
ELE-56897,Electronics,NovaLine,Zone B,GlobalTrade Ltd,contact111@globaltradeltd.com,2024-05-28,2025-10-11,2026-05-29,-24.0,171,0.27180119556248095,0.0,0.0,14.0,11,True
BEA-41851,Beauty,SwiftBrand,Zone B,GlobalTrade Ltd,,2024-09-20,2025-07-16,2026-08-27,253.0,251,0.6925606013928319,2319.0,3385.5944170236507,171.0,15,False
APP-12209,Apparel,TrueForm,Zone D,PrimeParts,contact257@primeparts.com,2024-11-23,,2026-06-05,50.0,101,0.2358970649926312,6284.0,10194.958876448456,105.0,3,True
SPO-51082,Sports & Outdoors,AlphaEdge,Zone C,GlobalTrade Ltd,contact145@globaltradeltd.com,2024-07-03,2026-02-26,2026-09-06,430.0,97,0.6293412868489883,6769.0,20333.789193645127,0.3170823428691069,37,True
ELE-83254,Electronics,AlphaEdge,Zone B,FastShip Pvt,contact609@fastshippvt.com,2024-09-06,2026-01-18,2026-08-30,397.0,57,0.1966217017388896,3771.0,12266.531102299225,31.0,TBD,False
TOY-58742,Toys,ZenCraft,zone a,QuickStock,,2024-10-04,2025-10-24,2026-06-15,189.0,291,,6453.0,19039.28010180832,42.0,39,True
ELE-62905,Electronics,UrbanWave,Zone D,SupplyCo India,contact350@supplycoindia.com,2024-05-02,2025-07-31,2026-09-21,357.0,65,,913.0,1243.1890624076289,123.0,27,True
STA-13995,Stationery,UrbanWave,Zone C,QuickStock,,2024-05-31,,2026-06-16,315.0,5,0.263488098246197,6860.0,22683.997262192697,35.0,24,True
APP-41394,Apparel,AlphaEdge,Zone B,LocalSource,contact205@localsource.com,2024-06-19,2025-07-18,2026-07-20,145.0,10,0.7943413013416575,943.0,2505.084229831737,0.1253181142456893,39,False
APP-66284,Apparel,ZenCraft,Zone A,FastShip Pvt,,2024-07-30,2025-11-23,2026-07-01,223.0,79,0.7066916272113007,2873.0,3861.2696490636067,24.0,on demand,True
SPO-79921,Sports & Outdoors,GenericPlus,ZONE B,PrimeParts,contact814@primeparts.com,2024-04-07,2026-03-06,2026-09-18,6.0,66,0.4751849713440802,2016.0,2652.500336162054,181.0,on demand,True
SPO-37394,Sports & Outdoors,AlphaEdge,zone a,DirectImport,contact443@directimport.com,2024-11-18,2025-12-01,2026-09-06,228.0,62,0.6942293989199356,0.0,0.0,199.0,42,True
APP-66788,Apparel,ZenCraft,Zone C,LocalSource,contact852@localsource.com,2024-11-26,2025-10-25,2026-09-09,301.0,288,0.6336594443318817,3869711.0,8442113.729379645,,207,False
ELE-61180,Electronics,SwiftBrand,zone a,SupplyCo India,contact899@supplycoindia.com,2024-10-21,2025-11-08,2026-09-16,334.0,181,0.4571829515975625,5139.0,8948.283482482804,107.0,24,True
HOM-38141,Home & Kitchen,TrueForm,Zone B,SupplyCo India,contact597@supplycoindia.com,2024-07-04,,2026-08-11,87.0,88,0.0524509324546657,2627.0,4606.936184770111,0.5032832022462177,41,True
AUT-28400,Automotive,UrbanWave,Zone C,PrimeParts,contact805@primeparts.com,2024-09-08,2025-08-30,2026-09-18,492.0,27,0.3751556566989859,5074.0,6017.8294903694705,106.0,814,True
APP-70221,Apparel,ZenCraft,Zone A,PrimeParts,contact331@primeparts.com,2024-10-12,2025-10-16,2026-09-03,431.0,23,,1178.0,3665.5685389024284,,33,True
APP-77118,Apparel,CorePeak,Zone A,SupplyCo India,contact992@supplycoindia.com,2024-08-30,,2026-06-19,107.0,59,0.26830821854918374,2067987.0,3187399.8035739404,,6,True
HOM-90600,Home & Kitchen,ZenCraft,Zone B,PrimeParts,contact681@primeparts.com,2024-07-14,2026-02-05,2026-07-31,216.0,200,0.030097148195075585,2561.0,8080.692747694575,117.0,43,True
TOY-95416,Toys,ZenCraft,zone a,DirectImport,contact110@directimport.com,2024-04-15,2025-05-25,2026-06-18,205.0,118,0.767093444477129,183.0,532.3713178343864,30.0,28,True
HOM-64614,Home & Kitchen,GenericPlus,Zone C,GlobalTrade Ltd,,2024-11-02,2025-09-04,2026-08-23,52.0,260,0.0724032419456796,2227.0,7083.236812128018,108.0,4,True
BEA-84120,Beauty,NovaLine,Zone A,DirectImport,contact840@directimport.com,2024-07-20,2025-04-15,2026-09-13,461.0,13,0.9431332008822488,4996.0,9132.895417932685,,14,True
HOM-58453,Home & Kitchen,AlphaEdge,zone d,LocalSource,contact584@localsource.com,2024-06-12,2026-01-13,2026-06-24,187.0,255,0.09354038991505853,6180.0,11360.524059057345,,27,True
TOY-37260,Toys,ZenCraft,zone c,LocalSource,contact306@localsource.com,2024-10-03,2025-10-17,2026-09-07,477.0,54,0.10299639184238207,6432.0,22031.495923316128,,25,True
SPO-24455,Sports & Outdoors,ZenCraft,zone b,FastShip Pvt,contact658@fastshippvt.com,2024-08-24,2025-07-12,2026-07-31,250.0,36,0.2890380052735052,2601.0,6653.761529535755,66.0,5,True
APP-18463,Apparel,SwiftBrand,Zone C,SupplyCo India,contact418@supplycoindia.com,2024-12-01,2025-04-03,2026-08-14,360.0,48,,7293.0,22979.21806261621,45.0,35,True
ELE-62875,Electronics,GenericPlus,Zone B,QuickStock,contact140@quickstock.com,2024-05-15,2025-04-29,2026-09-19,466.0,189,0.32146870863336263,1545.0,4902.167413393624,67.0,41,False
APP-72787,Apparel,TrueForm,Zone B,GlobalTrade Ltd,contact265@globaltradeltd.com,2024-05-29,2025-08-29,2026-06-09,138.0,131,0.8719341258370749,5741.0,19340.762180668182,15.0,7,True
BEA-77463,Beauty,NovaLine,Zone B,LocalSource,contact977@localsource.com,2024-09-08,2025-06-27,2026-06-14,242.0,66,0.9184074161411043,3055.0,5556.700262623336,138.0,348,True
APP-71316,Apparel,ZenCraft,Zone A,QuickStock,contact724@quickstock.com,2024-09-28,2025-06-10,2026-07-17,199.0,113,0.7170131382076028,2302.0,7607.0103364457555,0.808692948788986,13,True
APP-25639,Apparel,CorePeak,ZONE C,SupplyCo India,,2024-12-02,,2026-05-31,479.0,65,,1908.0,6349.765859888105,0.7388537976111801,25,True
BEA-48944,Beauty,ZenCraft,ZONE D,GlobalTrade Ltd,contact871@globaltradeltd.com,2024-04-17,2025-10-27,2026-08-22,268.0,127,0.4019387152785302,3408403.0,5282429.126604654,110.0,5,True
BEA-79455,Beauty,AlphaEdge,zone d,PrimeParts,contact128@primeparts.com,2024-05-02,2025-07-18,2026-08-05,357.0,217,0.2713074692256825,514.0,1088.103109511539,70.0,27,True
AUT-99199,Automotive,CorePeak,ZONE C,PrimeParts,contact725@primeparts.com,2024-08-27,2025-06-26,2026-07-28,320.0,264,0.3569245671623015,3019643.0,4604738.56758123,,12,True
BEA-87842,Beauty,NovaLine,Zone A,QuickStock,contact670@quickstock.com,2024-04-16,2025-11-28,2026-08-30,116.0,195,0.7071958379949437,7487.0,21697.84874712591,90.0,28,True
SPO-70469,Sports & Outdoors,TrueForm,ZONE D,SupplyCo India,contact558@supplycoindia.com,2024-09-30,2025-04-25,2026-07-24,48.0,200,0.758102648722481,225.0,132.50959907621498,179.0,32,True
ELE-26979,Electronics,SwiftBrand,Zone A,PrimeParts,,2024-07-11,2025-04-16,2026-06-03,303.0,31,0.9204641461156488,6070.0,17411.01388523924,134.0,42,True
APP-83507,Apparel,TrueForm,ZONE A,PrimeParts,contact757@primeparts.com,2024-11-26,2025-04-16,2026-06-29,450.0,179,0.14194634863108635,4203.0,9235.864158534021,91.0,17,True
STA-34937,Stationery,ZenCraft,Zone D,PrimeParts,contact559@primeparts.com,2024-07-15,2025-07-07,2026-08-09,368.0,27,0.8845971126437937,6133.0,20790.97283444813,61.0,27,True
ELE-53907,Electronics,ZenCraft,Zone B,GlobalTrade Ltd,,2024-08-24,2025-04-21,2026-08-18,465.0,96,,5423.0,7227.650789317929,103.0,19,True
SPO-19218,Sports & Outdoors,CorePeak,Zone A,FastShip Pvt,contact566@fastshippvt.com,2024-11-23,2025-05-03,2026-07-10,390.0,244,0.6053772068240126,4899.0,8971.267866889626,159.0,647,True
SPO-14420,Sports & Outdoors,UrbanWave,Zone C,PrimeParts,contact547@primeparts.com,2024-05-29,2025-11-16,2026-07-20,453.0,261,0.7157371271578071,6692.0,8535.934048637573,139.0,38,True
HOM-70968,Home & Kitchen,GenericPlus,Zone C,DirectImport,contact274@directimport.com,2024-07-23,2025-12-17,2026-05-28,374.0,27,0.926750095217251,5460.0,12751.040822139963,53.0,23,True
APP-84734,Apparel,SwiftBrand,Zone D,DirectImport,contact136@directimport.com,2024-11-05,2025-09-25,2026-07-22,384.0,166,0.3745390456914127,3101.0,10076.412431373032,116.0,19,True
ELE-47663,Electronics,NovaLine,Zone B,DirectImport,contact583@directimport.com,2024-09-17,2025-08-27,2026-07-08,437.0,37,0.15347713866453094,2918.0,6221.934199961404,138.0,36,True
HOM-44988,Home & Kitchen,NovaLine,Zone C,PrimeParts,contact152@primeparts.com,2024-10-27,2025-10-05,2026-06-25,278.0,138,0.4765492831419035,6171.0,10304.56160187278,169.0,23,False
BEA-62372,Beauty,SwiftBrand,Zone A,SupplyCo India,contact658@supplycoindia.com,2024-12-03,2025-06-11,2026-09-12,133.0,70,0.4632888499272517,2854.0,7742.387830492721,60.0,25,True
APP-11274,Apparel,ZenCraft,Zone A,PrimeParts,contact516@primeparts.com,2024-09-23,2025-04-04,2026-07-21,490.0,241,0.8845421153457922,7083.0,11906.970745110124,,19,True
HOM-70223,Home & Kitchen,AlphaEdge,zone c,DirectImport,contact745@directimport.com,2024-07-20,2026-01-01,2026-06-29,64.0,49,3.2835078085055214,4155.0,13883.964576670374,0.5020776665665093,25,False
HOM-96551,Home & Kitchen,ZenCraft,zone a,SupplyCo India,contact218@supplycoindia.com,2024-05-28,2025-06-05,2026-06-01,428.0,9,0.04144698228641763,2982.0,10316.204275291668,190.0,38,True
TOY-37577,Toys,GenericPlus,Zone B,FastShip Pvt,contact513@fastshippvt.com,2024-04-15,2025-06-23,2026-07-22,-11.0,250,0.7021176083234185,2197.0,4009.6539432387317,17.0,15,True
STA-24322,Stationery,GenericPlus,Zone B,LocalSource,contact606@localsource.com,2024-11-11,2026-02-06,2026-08-08,106.0,204,0.7586711510244412,633.0,1104.5962025795043,,16,True
HOM-22170,Home & Kitchen,AlphaEdge,Zone A,QuickStock,contact285@quickstock.com,2024-10-18,2025-12-09,2026-08-15,351.0,199,0.5377429047313841,3586.0,6339.625379131539,,43,True
APP-52154,Apparel,ZenCraft,Zone D,LocalSource,contact826@localsource.com,2024-05-16,2025-07-29,2026-05-27,119.0,44,0.506681817929471,1899.0,5197.29808958226,51.0,12,True
TOY-26237,Toys,SwiftBrand,zone a,PrimeParts,contact220@primeparts.com,2024-07-11,2026-01-05,2026-09-19,318.0,85,2.3873522061533645,3216.0,2489.1582743755016,82.0,5,True
BEA-13489,Beauty,TrueForm,Zone D,GlobalTrade Ltd,contact772@globaltradeltd.com,2024-07-31,2025-07-26,2026-07-26,193.0,79,0.6096550042117584,0.0,0.0,,8,False
SPO-50291,Sports & Outdoors,GenericPlus,zone b,PrimeParts,contact533@primeparts.com,2024-09-11,2025-10-13,2026-08-08,78.0,47,0.42506275395547655,0.0,0.0,,20,True
STA-77647,Stationery,CorePeak,Zone B,LocalSource,contact891@localsource.com,2024-05-29,2025-04-05,2026-05-30,290.0,219,0.6276878375460716,3738307.0,10907511.726444395,12.0,13,True
TOY-64503,Toys,GenericPlus,Zone A,QuickStock,contact917@quickstock.com,2024-04-06,2026-01-05,2026-06-23,198.0,109,0.9714658437587668,2294465.0,6525973.411867838,160.0,4-6 weeks,False
BEA-96654,Beauty,TrueForm,ZONE D,LocalSource,,2024-11-04,2026-03-12,2026-09-17,426.0,279,0.700317774405711,4369.0,5205.3940095507105,29.0,8,True
ELE-65792,Electronics,TrueForm,Zone A,PrimeParts,contact630@primeparts.com,2024-08-20,2025-11-09,2026-06-05,37.0,132,0.3152106693189184,4171.0,11681.426604457725,185.0,24,False
AUT-72608,Automotive,NovaLine,Zone A,QuickStock,contact968@quickstock.com,2024-04-19,2025-05-01,2026-07-07,181.0,113,0.5405795015477458,645.0,1402.1155702337574,104.0,20,True
ELE-75546,Electronics,GenericPlus,Zone D,LocalSource,contact115@localsource.com,2024-06-21,2025-07-24,2026-05-31,50.0,255,0.6813169235830041,5237.0,15786.456000702725,83.0,~1 month,True
ELE-48782,Electronics,GenericPlus,Zone C,SupplyCo India,contact317@supplycoindia.com,2024-08-21,2026-01-19,2026-07-18,294.0,207,0.5605056998363903,3252.0,1667.838603111712,44.0,33,True
TOY-77898,Toys,SwiftBrand,Zone A,QuickStock,contact172@quickstock.com,2024-05-11,2025-04-17,2026-06-10,2.0,155,0.7131114111033066,3526.0,7711.225699866011,25.0,11,True
ELE-95263,Electronics,TrueForm,Zone B,QuickStock,contact828@quickstock.com,2024-05-20,2025-11-29,2026-09-01,368.0,134,0.8217076178306628,7373.0,21578.008825478148,122.0,36,True
SPO-40577,Sports & Outdoors,AlphaEdge,ZONE C,QuickStock,,2024-07-24,2025-06-10,2026-06-07,20.0,299,0.1416723490332179,3655.0,6014.221131871196,141.0,27,True
HOM-27945,Home & Kitchen,TrueForm,ZONE C,FastShip Pvt,contact291@fastshippvt.com,2024-06-07,2025-07-22,2026-07-27,329.0,245,,7056.0,13445.481014929766,184.0,TBD,False
ELE-70008,Electronics,NovaLine,Zone A,FastShip Pvt,contact911@fastshippvt.com,2024-08-29,2026-01-31,2026-07-16,116.0,247,0.7749196889359737,3680.0,4520.21738969618,100.0,4,True
HOM-58313,Home & Kitchen,UrbanWave,Zone A,DirectImport,contact805@directimport.com,2024-08-09,,2026-08-17,476.0,59,0.6729800658669949,4830.0,7140.319501128304,0.12229669660687953,22,True
HOM-12120,Home & Kitchen,CorePeak,Zone B,GlobalTrade Ltd,contact778@globaltradeltd.com,2024-10-01,2026-02-22,2026-05-30,481.0,200,0.1721579434910927,7425.0,22016.012562728396,13.0,38,False
APP-44536,Apparel,UrbanWave,Zone D,QuickStock,contact643@quickstock.com,2024-11-25,2025-11-24,2026-08-28,488.0,188,0.631593439826497,6209.0,17387.51830182563,100.0,40,True
STA-74620,Stationery,NovaLine,Zone D,LocalSource,contact663@localsource.com,2024-09-02,2025-06-14,2026-07-16,304.0,23,0.7279495815855018,6785.0,14023.682257360386,,39,True
TOY-45009,Toys,TrueForm,Zone A,SupplyCo India,,2024-04-27,2026-03-12,2026-08-16,126.0,92,0.3033214047363264,4500.0,12456.302853368461,43.0,32,True
STA-66469,Stationery,UrbanWave,Zone D,SupplyCo India,contact625@supplycoindia.com,2024-07-07,2025-03-26,2026-07-13,404.0,187,0.7012231141229505,5572.0,12740.754798268179,112.0,37,True
BEA-72713,Beauty,SwiftBrand,ZONE A,PrimeParts,contact281@primeparts.com,2024-06-17,2026-01-28,2026-08-05,431.0,48,0.02662531330962803,815318.0,1083662.6709448728,151.0,18,True
APP-23405,Apparel,AlphaEdge,zone a,QuickStock,,2024-08-11,2025-12-07,2026-08-19,-77.0,118,0.9114123779681635,5771.0,17105.642495530337,63.0,23,True
APP-71938,Apparel,CorePeak,ZONE A,GlobalTrade Ltd,contact331@globaltradeltd.com,2024-10-23,2026-03-02,2026-07-17,213.0,290,0.508149308058764,3991.0,10385.915849572297,117.0,6,True
HOM-76027,Home & Kitchen,AlphaEdge,Zone B,FastShip Pvt,contact156@fastshippvt.com,2024-06-22,2025-04-08,2026-07-07,3.0,284,0.620659056629723,1206.0,2485.8687003544796,153.0,21,True
HOM-17216,Home & Kitchen,GenericPlus,ZONE A,SupplyCo India,contact784@supplycoindia.com,2024-11-17,2025-10-16,2026-07-03,125.0,80,0.7777981576044533,4039.0,8749.135959782725,148.0,26,True
HOM-27686,Home & Kitchen,TrueForm,Zone A,DirectImport,,2024-08-20,2025-04-21,2026-07-12,345.0,157,0.7586403886693883,6827.0,18176.42340899257,162.0,20,True
APP-45919,Apparel,SwiftBrand,Zone D,DirectImport,,2024-08-05,2025-06-27,2026-06-28,382.0,230,0.17893497190703822,6144.0,7853.4208475402775,29.0,26,True
AUT-46260,Automotive,UrbanWave,Zone C,DirectImport,contact125@directimport.com,2024-11-22,2025-04-17,2026-09-09,359.0,189,0.6981531052069427,3539336.0,7447712.689165766,148.0,16,True
ELE-21802,Electronics,SwiftBrand,Zone A,DirectImport,contact486@directimport.com,2024-06-19,2025-09-04,2026-06-20,69.0,202,0.7580785210932657,5021.0,6836.383401855111,155.0,25,True
SPO-80977,Sports & Outdoors,NovaLine,zone d,GlobalTrade Ltd,,2024-08-22,2026-01-30,2026-06-23,471.0,36,0.2590360600867362,2017.0,5699.374187868847,123.0,42,True
ELE-68089,Electronics,UrbanWave,Zone D,PrimeParts,contact846@primeparts.com,2024-10-24,2025-08-21,2026-06-01,382.0,50,0.10304930208024654,5238.0,15937.25970885707,,510,True
AUT-70810,Automotive,ZenCraft,Zone C,FastShip Pvt,contact170@fastshippvt.com,2024-04-12,2025-11-19,2026-07-01,263.0,45,0.05651460147854581,0.0,0.0,197.0,5,True
TOY-91894,Toys,TrueForm,Zone A,GlobalTrade Ltd,contact545@globaltradeltd.com,2024-05-06,,2026-06-08,124.0,24,0.33145368930976093,1799111.0,4393391.246605323,,43,True
TOY-57133,Toys,SwiftBrand,Zone B,LocalSource,,2024-08-05,2025-05-23,2026-09-04,133.0,165,1.988570936328794,3725.0,10932.410391343134,52.0,14,True
APP-47722,Apparel,ZenCraft,Zone B,QuickStock,,2024-11-10,2025-04-09,2026-07-19,100.0,153,0.6751358768253969,6665.0,17188.633360668886,127.0,29,True
ELE-22597,Electronics,AlphaEdge,ZONE A,PrimeParts,contact319@primeparts.com,2024-07-13,2025-07-08,2026-06-23,44.0,284,0.7195658194428973,2587.0,6071.315602583533,100.0,29,True
SPO-15608,Sports & Outdoors,TrueForm,ZONE A,GlobalTrade Ltd,,2024-07-26,,2026-06-10,289.0,293,0.11456923801769425,344.0,993.4458345030496,172.0,10,True
ELE-62096,Electronics,ZenCraft,ZONE D,DirectImport,contact367@directimport.com,2024-11-26,2025-10-25,2026-05-29,383.0,180,3.19541506144588,4921.0,12525.357792968529,89.0,39,True
HOM-59132,Home & Kitchen,GenericPlus,Zone C,DirectImport,,2024-04-06,2025-08-07,2026-08-18,173.0,162,0.9401445396057301,3130.0,7799.2078550529295,92.0,4-6 weeks,True
TOY-60287,Toys,SwiftBrand,Zone C,LocalSource,contact923@localsource.com,2024-04-07,2025-10-18,2026-07-12,260.0,57,0.4219084441599078,3262.0,5982.416781229161,74.0,9,True
APP-87548,Apparel,SwiftBrand,Zone A,DirectImport,,2024-10-23,2025-07-30,2026-09-18,284.0,18,0.38239916302050037,2790.0,5647.476571761588,33.0,43,True
HOM-20471,Home & Kitchen,TrueForm,Zone D,FastShip Pvt,contact906@fastshippvt.com,2024-05-30,2026-01-21,2026-06-11,171.0,7,0.1560874645505188,6494.0,22695.096167449497,179.0,34,True
TOY-37636,Toys,UrbanWave,Zone B,PrimeParts,contact574@primeparts.com,2024-07-13,2025-08-27,2026-08-31,166.0,110,0.12739241591783246,5980.0,8501.07651017631,39.0,34,True
BEA-31735,Beauty,UrbanWave,ZONE A,DirectImport,contact850@directimport.com,2024-07-05,2025-10-25,2026-07-28,433.0,149,0.17270186821505218,6501.0,12549.97248745347,130.0,38,True
ELE-94546,Electronics,UrbanWave,Zone D,PrimeParts,contact771@primeparts.com,2024-05-28,2026-01-10,2026-09-19,363.0,114,0.04566835373899836,3382.0,6780.2753204825585,197.0,34,True
SPO-31908,Sports & Outdoors,SwiftBrand,Zone B,PrimeParts,,2024-09-26,2025-05-17,2026-09-20,193.0,144,0.9907554889719821,1080.0,1334.4554243137468,39.0,38,True
APP-40036,Apparel,CorePeak,Zone A,SupplyCo India,contact125@supplycoindia.com,2024-11-05,2026-02-09,2026-06-19,362.0,286,0.04545842747656392,3611.0,7248.490208721286,192.0,21,True
AUT-82455,Automotive,UrbanWave,ZONE B,PrimeParts,contact637@primeparts.com,2024-07-21,2025-04-02,2026-09-14,484.0,269,0.6203765025278362,4657.0,14524.378806649205,,30,False
SPO-81549,Sports & Outdoors,CorePeak,zone b,SupplyCo India,contact866@supplycoindia.com,2024-06-15,2026-02-13,2026-09-05,14.0,256,0.2529106448403622,2503.0,2904.3600344909523,55.0,TBD,True
TOY-64268,Toys,CorePeak,Zone A,SupplyCo India,contact626@supplycoindia.com,2024-07-24,2026-02-19,2026-08-05,401.0,282,0.08448892996149915,3285.0,11456.254813433716,163.0,14,True
APP-55318,Apparel,UrbanWave,Zone C,FastShip Pvt,contact857@fastshippvt.com,2024-05-22,2025-05-20,2026-09-19,298.0,214,0.9160382539280674,7442.0,10105.149776804015,150.0,19,True
ELE-60482,Electronics,ZenCraft,Zone A,LocalSource,contact293@localsource.com,2024-06-11,2026-02-15,2026-07-30,339.0,285,0.48947988000300313,6186.0,12291.604836991755,174.0,12,True
ELE-56856,Electronics,AlphaEdge,Zone D,PrimeParts,contact623@primeparts.com,2024-06-04,2025-07-09,2026-06-27,124.0,157,0.8091105853114605,4893.0,10375.76240371693,175.0,16,True
ELE-55188,Electronics,NovaLine,Zone D,SupplyCo India,contact151@supplycoindia.com,2024-12-05,2025-11-22,2026-07-01,363.0,42,0.74503190730957,3567.0,4207.795585049771,142.0,32,True
BEA-50055,Beauty,ZenCraft,Zone A,FastShip Pvt,contact944@fastshippvt.com,2024-09-20,2025-11-25,2026-06-27,40.0,202,0.704140392226983,7641.0,13182.681625580333,45.0,5,True
APP-13862,Apparel,ZenCraft,Zone D,PrimeParts,contact762@primeparts.com,2024-07-10,2025-06-16,2026-06-14,405.0,259,0.7862288004100738,7365.0,22057.337141494616,53.0,30,True
STA-15550,Stationery,NovaLine,Zone C,GlobalTrade Ltd,contact425@globaltradeltd.com,2024-05-14,2025-05-30,2026-07-05,425.0,125,0.2559228636088313,7788.0,16660.99686797826,0.5993228047132216,36,True
HOM-82386,Home & Kitchen,TrueForm,Zone D,QuickStock,contact555@quickstock.com,2024-12-07,2025-06-08,2026-08-03,100.0,136,0.12702686164071175,3313.0,5112.113525951979,175.0,41,False
SPO-15119,Sports & Outdoors,UrbanWave,Zone D,DirectImport,contact100@directimport.com,2024-10-11,2026-03-10,2026-08-02,185.0,211,0.6077578845157737,3813176.0,12952464.311096612,64.0,7,True
HOM-96775,Home & Kitchen,SwiftBrand,Zone D,QuickStock,contact631@quickstock.com,2024-10-09,2025-03-29,2026-06-21,57.0,163,0.7895550002297296,1550.0,4879.340140047077,,~1 month,True
ELE-53794,Electronics,ZenCraft,Zone D,SupplyCo India,contact202@supplycoindia.com,2024-10-30,2026-01-03,2026-08-25,116.0,170,0.6673800536313813,5337.0,10075.137129167744,47.0,26,True
AUT-59656,Automotive,TrueForm,zone b,DirectImport,,2024-11-04,2025-09-19,2026-06-10,95.0,180,0.6020060298287995,2383.0,7794.513144375259,22.0,21,True
SPO-70469,Sports & Outdoors,TrueForm,ZONE D,SupplyCo India,contact558@supplycoindia.com,2024-09-30,2025-04-25,2026-07-24,48.0,200,0.758102648722481,225.0,132.50959907621498,179.0,32,True
SPO-46299,Sports & Outdoors,ZenCraft,Zone C,PrimeParts,contact952@primeparts.com,2024-05-27,2025-10-03,2026-07-10,72.0,86,0.5098434232870458,6254.0,8336.066727355432,156.0,12,True
ELE-15524,Electronics,NovaLine,Zone C,SupplyCo India,contact996@supplycoindia.com,2024-12-02,2025-10-23,2026-08-28,399.0,32,0.9011301581691041,1131624.0,1746831.4456576025,19.0,5,True
APP-50498,Apparel,CorePeak,Zone A,SupplyCo India,contact769@supplycoindia.com,2024-06-18,2025-09-07,2026-07-22,309.0,103,0.8168551633414,1410.0,3043.5990000029656,85.0,309,True
TOY-48803,Toys,CorePeak,ZONE B,QuickStock,contact253@quickstock.com,2024-05-27,,2026-06-14,206.0,39,0.04487082387669605,6923.0,22737.977723264237,27.0,30,True
HOM-82386,Home & Kitchen,TrueForm,Zone D,QuickStock,contact555@quickstock.com,2024-12-07,2025-06-08,2026-08-03,100.0,136,0.12702686164071175,3313.0,5112.113525951979,175.0,41,False
ELE-96091,Electronics,CorePeak,Zone B,PrimeParts,contact908@primeparts.com,2024-04-13,2025-07-06,2026-08-16,27.0,12,0.6695970535969085,1921.0,4985.805951718306,73.0,438,True
APP-50255,Apparel,SwiftBrand,zone b,LocalSource,contact550@localsource.com,2024-10-20,2025-10-27,2026-09-06,153.0,186,0.23119844391026712,4892.0,6310.738884933992,152.0,4,True
ELE-21095,Electronics,NovaLine,Zone C,DirectImport,contact388@directimport.com,2024-05-20,2025-04-10,2026-06-10,475.0,204,0.3259845961806104,3596.0,6587.558074412822,46.0,33,True
BEA-48031,Beauty,UrbanWave,Zone C,FastShip Pvt,contact919@fastshippvt.com,2024-06-25,2025-09-21,2026-06-27,442.0,137,0.7851685082375196,0.0,0.0,15.0,21,True
SPO-49946,Sports & Outdoors,GenericPlus,Zone B,FastShip Pvt,contact174@fastshippvt.com,2024-07-12,2025-10-11,2026-08-20,299.0,84,0.11113397871302755,6560.0,22510.731247751588,96.0,26,True
TOY-43391,Toys,AlphaEdge,Zone A,PrimeParts,contact806@primeparts.com,2024-05-31,2026-01-14,2026-05-28,99.0,153,0.2296399907883908,2477.0,4400.847922185801,125.0,27,True
APP-61995,Apparel,NovaLine,ZONE D,GlobalTrade Ltd,contact707@globaltradeltd.com,2024-10-31,2025-12-23,2026-08-26,338.0,108,0.8718716822800431,1615.0,5427.083087943394,95.0,28,False
BEA-14789,Beauty,TrueForm,ZONE B,PrimeParts,contact390@primeparts.com,2024-04-17,2025-12-11,2026-09-07,100.0,138,,5491.0,11371.604847870305,120.0,16,True
BEA-39090,Beauty,ZenCraft,Zone A,QuickStock,contact882@quickstock.com,2024-04-21,2026-01-16,2026-08-23,122.0,213,0.6816064711781538,4718.0,9125.601252480292,108.0,18,False
TOY-75079,Toys,NovaLine,ZONE B,SupplyCo India,contact603@supplycoindia.com,2024-09-23,2025-04-19,2026-09-08,19.0,111,0.04364021412479058,4783.0,3406.109782367145,20.0,3,True
TOY-26754,Toys,ZenCraft,Zone D,DirectImport,contact221@directimport.com,2024-12-04,2025-06-12,2026-08-26,405.0,157,0.7498745943409167,1104.0,2160.0626111770184,84.0,35,True
STA-28375,Stationery,NovaLine,Zone D,FastShip Pvt,contact445@fastshippvt.com,2024-04-27,2026-01-06,2026-08-11,410.0,33,0.6484687432842169,3914.0,13453.928554626567,15.0,30,False
AUT-47083,Automotive,CorePeak,Zone A,QuickStock,,2024-11-29,2026-01-13,2026-08-27,148.0,125,0.5607738110872764,5712.0,14636.111161018327,78.0,26,False
SPO-29405,Sports & Outdoors,ZenCraft,Zone D,PrimeParts,contact397@primeparts.com,2024-12-07,,2026-07-25,70.0,241,0.3554455694884796,3130.0,10696.73873808529,195.0,on demand,False
HOM-44887,Home & Kitchen,AlphaEdge,zone a,FastShip Pvt,contact544@fastshippvt.com,2024-04-24,2025-12-30,2026-07-07,48.0,158,0.08740397549098466,7992.0,27150.58185531791,164.0,4,True
APP-31347,Apparel,SwiftBrand,Zone D,LocalSource,contact893@localsource.com,2024-08-23,,2026-06-27,250.0,204,0.6265573065504826,5309.0,8376.089123159642,100.0,33,True
APP-57042,Apparel,ZenCraft,Zone B,SupplyCo India,,2024-11-12,2025-10-16,2026-05-31,263.0,104,0.18094677045075436,1819.0,3295.032138879166,,19,True
APP-32949,Apparel,GenericPlus,ZONE B,QuickStock,contact926@quickstock.com,2024-05-30,2025-12-20,2026-07-13,150.0,60,0.12420351736492585,5323.0,13959.625508725903,181.0,7,True
APP-53723,Apparel,AlphaEdge,Zone D,FastShip Pvt,,2024-05-12,,2026-08-19,396.0,162,0.5084855293489117,2708.0,8601.176072881426,44.0,13,True
BEA-88287,Beauty,AlphaEdge,Zone A,PrimeParts,contact186@primeparts.com,2024-10-31,2026-01-21,2026-09-14,440.0,273,0.8867509688704247,6783.0,8512.182499720973,156.0,38,True
BEA-23005,Beauty,UrbanWave,Zone C,DirectImport,contact707@directimport.com,2024-05-03,,2026-06-11,450.0,299,0.8342001111037554,6507.0,14121.29027865773,34.0,7,True
SPO-66740,Sports & Outdoors,TrueForm,ZONE A,SupplyCo India,contact724@supplycoindia.com,2024-04-26,2025-08-01,2026-09-14,29.0,261,0.5513871915954146,517.0,1707.8019247080745,,28,True
APP-42407,Apparel,CorePeak,Zone A,GlobalTrade Ltd,contact224@globaltradeltd.com,2024-08-30,2025-09-12,2026-07-28,152.0,243,0.8486639105677581,821850.0,1175199.9852199089,,35,True
ELE-27150,Electronics,AlphaEdge,zone d,SupplyCo India,contact260@supplycoindia.com,2024-10-07,2025-10-03,2026-05-31,291.0,38,0.5342735953653427,5291.0,17577.813972721542,,8,True
ELE-63799,Electronics,TrueForm,Zone A,LocalSource,,2024-08-30,2025-11-15,2026-07-06,30.0,251,0.11863204988616682,6699.0,9239.39069828949,121.0,6,True
HOM-82931,Home & Kitchen,NovaLine,Zone A,GlobalTrade Ltd,contact779@globaltradeltd.com,2024-08-21,2025-04-10,2026-05-30,-72.0,254,0.2484368304525577,2862.0,7073.9998488870615,161.0,20,True
APP-18869,Apparel,AlphaEdge,ZONE A,SupplyCo India,contact426@supplycoindia.com,2024-04-24,,2026-07-10,11.0,254,0.6952783630687774,1212.0,1449.7756087538257,,18,True
APP-73751,Apparel,AlphaEdge,Zone D,DirectImport,contact178@directimport.com,2024-07-08,2025-10-20,2026-07-28,78.0,26,0.21042338596947718,3639.0,11596.616320560233,0.6164612925638807,30,True
APP-17451,Apparel,NovaLine,ZONE A,FastShip Pvt,contact348@fastshippvt.com,2024-05-11,2025-10-22,2026-06-22,49.0,21,0.18608371445768424,2357.0,3313.22711185603,149.0,22,True
APP-48208,Apparel,SwiftBrand,ZONE D,LocalSource,contact721@localsource.com,2024-10-23,2025-06-04,2026-07-14,270.0,289,3.2376627347006277,922.0,2485.175660615364,68.0,31,True
APP-89036,Apparel,AlphaEdge,Zone A,FastShip Pvt,,2024-11-03,2025-06-18,2026-09-02,334.0,233,0.855728933813988,68.0,227.10432425169165,139.0,20,True
STA-58436,Stationery,TrueForm,Zone A,LocalSource,contact328@localsource.com,2024-10-06,2025-11-26,2026-06-23,80.0,153,0.23735379154161518,5237.0,9288.902353611398,198.0,42,True
HOM-44684,Home & Kitchen,NovaLine,zone a,PrimeParts,contact440@primeparts.com,2024-08-28,2025-05-11,2026-08-16,484.0,282,0.7797128338980915,4120.0,12585.772657163421,164.0,20,False
TOY-78923,Toys,ZenCraft,zone d,DirectImport,,2024-11-13,,2026-07-23,350.0,278,0.6760798503436619,5800.0,20230.926468088892,71.0,20,True
SPO-19853,Sports & Outdoors,SwiftBrand,ZONE A,GlobalTrade Ltd,,2024-05-11,2026-02-09,2026-06-22,23.0,247,0.8346885699094342,7014.0,13576.389283316856,194.0,19,True
AUT-73471,Automotive,SwiftBrand,ZONE B,GlobalTrade Ltd,contact987@globaltradeltd.com,2024-06-03,2025-10-01,2026-05-27,299.0,274,0.34915127112694677,6861.0,10456.591039988069,169.0,35,True
BEA-16830,Beauty,GenericPlus,Zone B,LocalSource,,2024-10-29,2025-07-17,2026-06-20,238.0,0,0.5012476443316163,7929.0,19795.33870060984,44.0,27,True
ELE-64078,Electronics,CorePeak,zone a,LocalSource,contact571@localsource.com,2024-08-02,2025-06-16,2026-06-30,271.0,26,0.8783431002714729,7159.0,5116.947451498927,81.0,11,True
APP-39917,Apparel,AlphaEdge,Zone B,PrimeParts,contact636@primeparts.com,2024-10-24,2025-08-18,2026-06-17,24.0,109,0.05361507089927453,4373.0,14435.571143954689,193.0,14,True
AUT-28400,Automotive,UrbanWave,Zone C,PrimeParts,contact805@primeparts.com,2024-09-08,2025-08-30,2026-09-18,492.0,27,0.3751556566989859,5074.0,6017.8294903694705,106.0,814,True
HOM-49468,Home & Kitchen,NovaLine,Zone C,LocalSource,contact320@localsource.com,2024-08-11,2025-06-09,2026-07-26,427.0,206,0.04225425114086079,7752.0,24013.34831523982,0.4251956949046113,43,True
ELE-85781,Electronics,CorePeak,Zone D,SupplyCo India,contact686@supplycoindia.com,2024-09-20,2025-06-01,2026-05-28,253.0,125,0.9766702151757196,4591.0,14901.40452851171,60.0,31,True
AUT-38953,Automotive,UrbanWave,zone b,GlobalTrade Ltd,contact364@globaltradeltd.com,2024-05-31,2026-03-08,2026-08-29,361.0,148,,6532.0,16757.880779939653,61.0,22,True
BEA-59766,Beauty,GenericPlus,zone d,QuickStock,contact698@quickstock.com,2024-12-07,2025-04-29,2026-06-07,370.0,56,0.02690790165632695,1479.0,2986.808357589412,28.0,39,True
ELE-11112,Electronics,SwiftBrand,Zone B,LocalSource,contact922@localsource.com,2024-04-27,2025-11-22,2026-07-31,376.0,210,0.9469843773531353,1580.0,3173.6547228278278,25.0,30,True
BEA-41715,Beauty,CorePeak,Zone A,FastShip Pvt,contact926@fastshippvt.com,2024-04-15,2025-06-19,2026-06-27,232.0,36,0.418042730241892,964.0,1637.0598069961864,,17,True
HOM-52705,Home & Kitchen,NovaLine,Zone A,DirectImport,contact816@directimport.com,2024-05-29,2025-07-25,2026-07-26,75.0,110,,1256.0,3014.166224272813,89.0,TBD,True
APP-40207,Apparel,ZenCraft,Zone C,QuickStock,contact260@quickstock.com,2024-08-28,2025-09-27,2026-07-13,442.0,154,0.3325413782132499,4616.0,12006.150047869418,121.0,23,True
SPO-59162,Sports & Outdoors,TrueForm,Zone D,FastShip Pvt,contact310@fastshippvt.com,2024-04-15,2025-07-29,2026-09-01,380.0,11,,6509.0,18395.49739815644,47.0,express,True
HOM-86042,Home & Kitchen,CorePeak,zone b,QuickStock,contact872@quickstock.com,2024-09-19,2026-01-31,2026-07-08,184.0,153,0.37533645075220234,5144.0,7843.896899516519,109.0,474,True
APP-44200,Apparel,AlphaEdge,Zone A,FastShip Pvt,contact593@fastshippvt.com,2024-08-12,2026-01-28,2026-06-08,70.0,143,0.769154871738768,3087.0,7592.211105174445,34.0,22,True
HOM-16293,Home & Kitchen,NovaLine,Zone C,DirectImport,,2024-10-13,2025-07-20,2026-09-04,67.0,262,0.03413323846194283,454.0,1225.5142909174413,73.0,6,True
SPO-26102,Sports & Outdoors,AlphaEdge,Zone A,DirectImport,contact521@directimport.com,2024-10-18,2025-10-09,2026-07-25,366.0,105,0.7396898636225477,3842.0,6344.612160062365,113.0,4-6 weeks,True
SPO-67415,Sports & Outdoors,TrueForm,Zone C,FastShip Pvt,,2024-08-07,2026-01-17,2026-08-04,391.0,141,0.031782034980090135,1789.0,3890.886206832188,,14,True
BEA-73271,Beauty,AlphaEdge,ZONE C,SupplyCo India,contact117@supplycoindia.com,2024-11-29,2026-01-01,2026-06-27,273.0,139,0.4972827346225077,1098.0,716.9063651562846,28.0,8,True
APP-87727,Apparel,TrueForm,Zone A,SupplyCo India,contact638@supplycoindia.com,2024-08-04,2025-07-04,2026-07-27,-21.0,114,0.2981211084518104,1009.0,3378.5142047987692,166.0,5,False
BEA-43577,Beauty,SwiftBrand,Zone A,DirectImport,contact994@directimport.com,2024-04-09,2025-07-09,2026-06-05,453.0,65,0.008880881522367878,4642.0,9463.621228703869,174.0,31,True
APP-57959,Apparel,ZenCraft,Zone C,SupplyCo India,,2024-09-15,2025-08-12,2026-08-11,193.0,231,0.1061105207654961,5480.0,9533.565904178991,,555,True
SPO-67786,Sports & Outdoors,NovaLine,zone b,DirectImport,contact128@directimport.com,2024-09-08,2026-02-15,2026-08-28,403.0,62,0.04458052348974051,5976.0,11530.587937168248,146.0,647,True
ELE-69460,Electronics,UrbanWave,Zone B,GlobalTrade Ltd,contact972@globaltradeltd.com,2024-08-10,2025-10-10,2026-08-14,203.0,189,0.4813784412280854,629.0,1751.1527586003683,95.0,37,True
HOM-97410,Home & Kitchen,CorePeak,ZONE A,FastShip Pvt,contact989@fastshippvt.com,2024-08-09,,2026-05-26,247.0,270,,1485.0,2307.738288090855,121.0,21,True
APP-72409,Apparel,GenericPlus,Zone C,QuickStock,contact608@quickstock.com,2024-09-23,2025-12-03,2026-08-21,248.0,294,0.4624072105898548,3540.0,10191.043603402963,,10,False
TOY-26909,Toys,AlphaEdge,Zone D,PrimeParts,contact102@primeparts.com,2024-10-07,2025-10-20,2026-06-11,325.0,75,2.6212075233491605,812.0,1377.8944788037022,73.0,22,True
APP-87205,Apparel,AlphaEdge,zone d,PrimeParts,contact876@primeparts.com,2024-11-06,2025-04-05,2026-08-09,148.0,176,0.11682729034773842,7460.0,22853.79462970541,124.0,32,True
HOM-34820,Home & Kitchen,CorePeak,zone d,FastShip Pvt,contact486@fastshippvt.com,2024-09-01,,2026-05-29,285.0,170,0.2922001601605895,6634.0,22645.740705140994,143.0,varies,True
SPO-20750,Sports & Outdoors,ZenCraft,Zone A,QuickStock,,2024-04-20,2025-12-17,2026-06-22,322.0,298,0.0603292397502041,5474.0,11721.093948472284,141.0,21,True
AUT-99308,Automotive,CorePeak,Zone B,PrimeParts,contact851@primeparts.com,2024-07-05,2025-07-16,2026-08-07,260.0,244,0.5557995318920013,7654.0,10016.288517357894,134.0,18,True
HOM-26539,Home & Kitchen,ZenCraft,zone b,SupplyCo India,contact130@supplycoindia.com,2024-04-21,2025-08-09,2026-06-10,41.0,228,0.8252504703331213,4427.0,6471.798291182537,190.0,9,True
HOM-44440,Home & Kitchen,ZenCraft,Zone B,QuickStock,contact220@quickstock.com,2024-05-20,2025-11-26,2026-06-15,326.0,110,0.1858493942816256,0.0,0.0,197.0,7,False
APP-91773,Apparel,AlphaEdge,Zone D,LocalSource,contact214@localsource.com,2024-06-22,2025-09-03,2026-09-08,276.0,48,0.22734879136725328,3404.0,9228.269743030658,119.0,19,True
AUT-34607,Automotive,NovaLine,Zone B,SupplyCo India,contact841@supplycoindia.com,2024-12-04,,2026-08-01,72.0,272,0.4501538849186216,4784.0,7927.800782261456,193.0,39,True
ELE-28179,Electronics,AlphaEdge,Zone A,FastShip Pvt,,2024-04-22,2025-11-24,2026-07-01,143.0,143,0.21175716578272807,7749.0,18284.838084281986,,2-3 weeks,True
BEA-77853,Beauty,AlphaEdge,Zone C,GlobalTrade Ltd,,2024-08-31,2025-10-20,2026-08-18,79.0,183,,2384.0,5745.739381362553,122.0,19,True
ELE-57973,Electronics,NovaLine,Zone D,GlobalTrade Ltd,contact186@globaltradeltd.com,2024-04-05,2025-12-14,2026-07-07,458.0,102,0.10039354751342977,0.0,0.0,116.0,14,True
APP-16759,Apparel,UrbanWave,ZONE B,LocalSource,contact432@localsource.com,2024-10-05,2025-12-05,2026-05-29,187.0,151,0.7000958749022755,871.0,1877.0070229963644,130.0,~3 weeks,True
TOY-96640,Toys,TrueForm,Zone C,PrimeParts,contact792@primeparts.com,2024-10-19,2026-02-03,2026-06-28,341.0,150,0.058136910200752845,4929.0,10505.92658404596,56.0,20,True
BEA-59965,Beauty,TrueForm,Zone A,LocalSource,contact325@localsource.com,2024-09-21,,2026-06-19,29.0,89,0.4791417370148423,3042.0,5183.740835265321,13.0,38,False
ELE-92522,Electronics,ZenCraft,ZONE A,FastShip Pvt,contact429@fastshippvt.com,2024-06-16,2026-02-12,2026-06-12,485.0,222,,4643.0,8898.146492011667,92.0,4,True
BEA-82646,Beauty,TrueForm,zone d,SupplyCo India,contact516@supplycoindia.com,2024-04-15,2025-07-03,2026-07-19,117.0,111,,510.0,1565.597992491494,102.0,10,True
BEA-76319,Beauty,TrueForm,Zone C,FastShip Pvt,contact532@fastshippvt.com,2024-06-22,2025-09-22,2026-08-10,-38.0,156,0.5042848445005393,4792.0,6098.444798362602,51.0,9,True
APP-85447,Apparel,ZenCraft,Zone A,LocalSource,,2024-09-06,,2026-06-19,155.0,75,0.1282568729172635,2862.0,5942.7954337130595,,27,True
AUT-17543,Automotive,GenericPlus,Zone C,FastShip Pvt,contact536@fastshippvt.com,2024-06-21,2025-12-02,2026-08-30,82.0,216,0.9742606676301738,3109.0,6961.3368312316015,160.0,28,True
BEA-53557,Beauty,AlphaEdge,ZONE C,PrimeParts,contact741@primeparts.com,2024-05-28,2025-06-07,2026-07-16,127.0,46,,6874.0,8456.98571562107,129.0,29,True
SPO-34550,Sports & Outdoors,ZenCraft,Zone A,GlobalTrade Ltd,contact905@globaltradeltd.com,2024-08-31,2025-11-19,2026-07-17,10.0,2,0.7183930226292055,600.0,1025.8973878933227,137.0,39,True
HOM-49399,Home & Kitchen,ZenCraft,Zone A,FastShip Pvt,,2024-09-24,2025-05-22,2026-08-01,-9.0,233,0.0222089631055139,6196.0,17273.81958972672,193.0,15,False
HOM-87802,Home & Kitchen,UrbanWave,Zone A,DirectImport,contact782@directimport.com,2024-05-15,2025-06-12,2026-05-28,159.0,282,0.7562339172894639,4818.0,3175.403892450869,0.7064174404098202,25,True
APP-79175,Apparel,CorePeak,Zone B,DirectImport,contact422@directimport.com,2024-11-02,2025-11-05,2026-09-17,490.0,243,0.5760762552672335,1966.0,6069.9339845846725,59.0,express,True
APP-92761,Apparel,ZenCraft,Zone B,DirectImport,,2024-07-08,2026-01-31,2026-07-23,270.0,19,0.6914587268957783,2029.0,5288.85887067342,16.0,26,True
TOY-97945,Toys,SwiftBrand,Zone D,LocalSource,contact870@localsource.com,2024-05-24,,2026-06-23,267.0,248,,207.0,283.50137482812636,145.0,42,True
HOM-93780,Home & Kitchen,ZenCraft,Zone A,SupplyCo India,contact700@supplycoindia.com,2024-11-28,2026-02-12,2026-08-30,416.0,283,0.6886562366373783,3336.0,10171.505022008765,131.0,9,True
STA-60736,Stationery,NovaLine,Zone D,DirectImport,,2024-06-27,2026-01-23,2026-07-17,299.0,92,0.10429306456239285,707.0,1978.9354456024807,,15,True
STA-84955,Stationery,AlphaEdge,ZONE B,PrimeParts,contact270@primeparts.com,2024-08-08,2025-07-20,2026-09-12,52.0,143,0.4009741554966816,7733.0,17901.916943236607,183.0,21,True
HOM-37043,Home & Kitchen,AlphaEdge,Zone B,LocalSource,contact664@localsource.com,2024-10-31,2026-02-10,2026-08-29,262.0,77,0.7033191549858179,7229.0,18999.430473803204,172.0,27,True
BEA-86879,Beauty,TrueForm,Zone C,DirectImport,contact179@directimport.com,2024-11-23,2025-05-24,2026-07-02,310.0,52,0.8736278477532573,2881434.0,4360859.508525552,28.0,34,True
SPO-93301,Sports & Outdoors,UrbanWave,Zone A,DirectImport,contact174@directimport.com,2024-09-15,2026-02-14,2026-07-10,423.0,92,0.4836090322516119,6696.0,14855.067955796942,,28,True
TOY-46494,Toys,AlphaEdge,zone a,DirectImport,contact757@directimport.com,2024-04-27,,2026-07-26,32.0,279,0.3271894923068782,601.0,1817.4612503101794,156.0,20,False
HOM-69209,Home & Kitchen,TrueForm,Zone B,PrimeParts,contact561@primeparts.com,2024-12-01,,2026-06-30,233.0,292,0.40919835617257794,1710.0,4349.699897564044,110.0,19,True
TOY-65244,Toys,GenericPlus,Zone A,SupplyCo India,contact660@supplycoindia.com,2024-08-02,2025-07-10,2026-06-04,341.0,176,1.4445215306113932,2375.0,6036.109375244389,34.0,19,True
APP-43045,Apparel,SwiftBrand,zone c,GlobalTrade Ltd,,2024-08-21,2025-08-15,2026-08-03,485.0,147,0.7474463675553538,5534.0,17422.019004751117,0.5986643789884869,15,True
APP-38515,Apparel,GenericPlus,Zone A,QuickStock,contact496@quickstock.com,2024-10-07,2026-03-17,2026-08-09,69.0,161,0.22735472410382374,7277.0,16014.001720280146,72.0,36,False
ELE-52102,Electronics,SwiftBrand,Zone A,DirectImport,contact676@directimport.com,2024-05-02,2025-11-01,2026-06-11,490.0,98,0.3386721140182236,6554.0,8309.854624395703,163.0,12,True
BEA-81712,Beauty,CorePeak,zone d,LocalSource,,2024-05-07,2025-08-13,2026-05-25,347.0,170,,2090.0,6790.116872358057,99.0,35,True
TOY-95869,Toys,AlphaEdge,ZONE B,SupplyCo India,contact304@supplycoindia.com,2024-05-05,2026-03-10,2026-09-16,496.0,165,0.2651519618522262,1441.0,4731.479500262312,153.0,32,True
HOM-99847,Home & Kitchen,NovaLine,ZONE B,FastShip Pvt,contact494@fastshippvt.com,2024-04-24,2025-08-28,2026-08-15,80.0,209,0.12560994015131954,7579.0,11545.091413925305,48.0,4,False
AUT-59656,Automotive,TrueForm,zone b,DirectImport,,2024-11-04,2025-09-19,2026-06-10,95.0,180,0.6020060298287995,2383.0,7794.513144375259,22.0,21,True
HOM-18345,Home & Kitchen,TrueForm,zone b,GlobalTrade Ltd,,2024-04-17,2025-11-11,2026-06-28,2.0,55,0.3039553568447725,728.0,1914.220641577488,91.0,41,True
APP-45587,Apparel,UrbanWave,Zone C,GlobalTrade Ltd,contact828@globaltradeltd.com,2024-06-30,2025-09-03,2026-06-05,322.0,158,0.8517246664561386,0.0,0.0,56.0,11,True
STA-88622,Stationery,CorePeak,Zone C,DirectImport,contact523@directimport.com,2024-12-05,2025-05-06,2026-07-20,408.0,51,,3988.0,6121.797539061454,73.0,3,True
HOM-46238,Home & Kitchen,NovaLine,zone d,SupplyCo India,contact815@supplycoindia.com,2024-11-10,2025-09-20,2026-06-20,400.0,25,,947.0,2853.0437228001706,70.0,33,True
TOY-80121,Toys,UrbanWave,Zone D,DirectImport,contact398@directimport.com,2024-05-19,2025-05-07,2026-05-31,351.0,114,0.37046632209595565,6678.0,9621.486690561016,0.592506849535928,35,True
BEA-13058,Beauty,AlphaEdge,zone a,GlobalTrade Ltd,contact997@globaltradeltd.com,2024-04-05,2025-12-24,2026-09-20,302.0,9,0.25458865275394305,2820.0,6754.593101219139,192.0,18,True
BEA-44691,Beauty,ZenCraft,Zone C,QuickStock,contact947@quickstock.com,2024-08-27,2025-12-27,2026-09-18,134.0,13,0.4968707201736685,3073163.0,9170993.91395042,,29,True
SPO-50904,Sports & Outdoors,SwiftBrand,Zone D,LocalSource,,2024-11-05,2025-09-06,2026-07-28,97.0,25,0.11456539936338883,1550.0,3736.079802045336,94.0,14,True
HOM-35707,Home & Kitchen,NovaLine,ZONE A,FastShip Pvt,contact921@fastshippvt.com,2024-05-19,,2026-08-30,243.0,107,0.4278492357847673,338.0,458.0857349505397,159.0,18,True
BEA-41702,Beauty,TrueForm,Zone D,FastShip Pvt,contact869@fastshippvt.com,2024-07-22,2025-12-22,2026-05-26,9.0,32,,7953.0,18742.77259956936,155.0,12,True
ELE-37110,Electronics,GenericPlus,zone d,FastShip Pvt,contact366@fastshippvt.com,2024-07-03,2026-02-06,2026-09-03,469.0,147,0.5438938897489658,1529798.0,2336111.5390797723,63.0,27,True
APP-76919,Apparel,ZenCraft,ZONE D,QuickStock,,2024-09-19,2025-04-16,2026-07-26,48.0,9,0.0826641717480101,2686676.0,7799542.550362002,17.0,11,True
STA-53242,Stationery,CorePeak,Zone C,FastShip Pvt,contact744@fastshippvt.com,2024-09-26,2025-09-12,2026-06-22,452.0,42,0.30936782433498167,6745.0,8306.202958265078,71.0,39,True
ELE-33061,Electronics,NovaLine,ZONE A,LocalSource,,2024-11-13,2025-11-21,2026-07-29,226.0,36,0.31171102183196775,5001.0,12518.524112558776,151.0,43,True
APP-90804,Apparel,NovaLine,ZONE D,LocalSource,contact921@localsource.com,2024-09-03,2025-11-01,2026-06-11,282.0,295,0.653217708481712,1609.0,1414.3783113420416,10.0,12,True
HOM-16635,Home & Kitchen,NovaLine,ZONE B,PrimeParts,contact270@primeparts.com,2024-05-26,2025-11-14,2026-09-03,-18.0,120,0.301185043119078,7840.0,17720.222784560683,108.0,14,True
STA-23697,Stationery,TrueForm,Zone D,PrimeParts,contact685@primeparts.com,2024-09-23,2026-02-04,2026-05-28,219.0,176,0.06367113917843681,3367.0,4333.382669976174,96.0,31,True
APP-52264,Apparel,NovaLine,Zone B,SupplyCo India,contact798@supplycoindia.com,2024-05-24,2026-03-13,2026-08-24,6.0,286,0.9149506086522904,222.0,611.1661242756347,75.0,42,True
HOM-88467,Home & Kitchen,GenericPlus,Zone D,SupplyCo India,contact711@supplycoindia.com,2024-10-17,2026-01-20,2026-08-11,169.0,58,0.21922643388734098,6346.0,15137.141428167231,,18,False
HOM-87904,Home & Kitchen,AlphaEdge,ZONE C,SupplyCo India,contact291@supplycoindia.com,2024-07-24,,2026-08-12,163.0,212,0.5745220629081836,1675.0,2590.2553753551088,44.0,16,True
ELE-11932,Electronics,CorePeak,Zone B,SupplyCo India,contact131@supplycoindia.com,2024-04-06,,2026-06-19,460.0,163,0.874419162285293,5882.0,11410.969869490202,174.0,25,True
TOY-77427,Toys,CorePeak,Zone C,FastShip Pvt,contact188@fastshippvt.com,2024-10-08,,2026-07-28,383.0,173,0.44673764605835364,3983105.0,9205745.135814272,22.0,5,True
TOY-47025,Toys,SwiftBrand,Zone A,SupplyCo India,contact915@supplycoindia.com,2024-08-14,2026-01-05,2026-07-19,405.0,179,0.7999112193672023,5116.0,5949.672036490041,66.0,35,True
HOM-12400,Home & Kitchen,GenericPlus,ZONE A,PrimeParts,contact587@primeparts.com,2024-04-18,2025-09-10,2026-06-16,156.0,157,0.3910920111463435,3791.0,11940.62683044255,89.0,7,True
HOM-43752,Home & Kitchen,UrbanWave,Zone C,DirectImport,contact917@directimport.com,2024-05-24,,2026-09-09,196.0,255,,4625.0,6855.496663970019,47.0,30,True
BEA-87857,Beauty,SwiftBrand,Zone B,LocalSource,contact555@localsource.com,2024-10-23,2026-01-27,2026-07-24,139.0,206,3.1325235788164907,4660.0,14117.300511261994,164.0,26,True
HOM-27994,Home & Kitchen,SwiftBrand,Zone C,DirectImport,contact681@directimport.com,2024-10-08,2025-04-23,2026-07-09,-22.0,290,1.159171261215438,7258.0,22437.90513215442,,37,True
HOM-70098,Home & Kitchen,UrbanWave,ZONE D,GlobalTrade Ltd,,2024-05-06,2025-06-26,2026-08-20,55.0,75,1.347086660377285,4501.0,13386.075247052402,86.0,26,True
ELE-90748,Electronics,SwiftBrand,ZONE C,SupplyCo India,contact802@supplycoindia.com,2024-09-22,2025-06-25,2026-07-08,141.0,79,0.9500081965113113,5209.0,16943.108954681597,184.0,~3 weeks,True
APP-83662,Apparel,ZenCraft,Zone A,PrimeParts,contact723@primeparts.com,2024-05-11,2025-09-18,2026-08-06,205.0,89,0.7627794389449989,6429.0,21563.62919372211,58.0,4,True
ELE-47274,Electronics,NovaLine,ZONE C,DirectImport,,2024-06-23,2025-10-12,2026-08-07,28.0,37,0.8288208170265521,6890.0,22025.30398509484,193.0,19,False
APP-93293,Apparel,GenericPlus,Zone C,FastShip Pvt,,2024-07-27,2025-12-14,2026-08-05,104.0,224,,7568.0,10289.511850833029,183.0,29,True
ELE-88028,Electronics,UrbanWave,ZONE C,FastShip Pvt,contact150@fastshippvt.com,2024-06-27,2026-03-25,2026-07-31,46.0,259,0.6038737339661883,3921.0,6288.806181644779,73.0,3,True
BEA-33650,Beauty,NovaLine,Zone C,DirectImport,,2024-05-27,2025-08-10,2026-07-29,345.0,32,0.2080823665869347,0.0,0.0,11.0,31,True
ELE-88112,Electronics,NovaLine,Zone D,FastShip Pvt,contact594@fastshippvt.com,2024-04-22,2025-05-06,2026-07-22,81.0,227,0.64142832449286,3257.0,4529.896041051162,33.0,35,True
BEA-75575,Beauty,SwiftBrand,Zone C,DirectImport,contact777@directimport.com,2024-04-28,2026-01-30,2026-05-27,124.0,189,0.14088025615344113,4003.0,5412.9208746523145,118.0,33,True
SPO-57796,Sports & Outdoors,CorePeak,ZONE B,SupplyCo India,contact821@supplycoindia.com,2024-04-11,2025-08-05,2026-07-18,64.0,16,0.39801009710041724,1553.0,5212.650765000773,181.0,8,True
HOM-55727,Home & Kitchen,UrbanWave,zone c,FastShip Pvt,contact703@fastshippvt.com,2024-08-27,2025-08-27,2026-05-25,-11.0,76,0.6550460257566308,6971.0,15155.313513923902,,38,True
SPO-32958,Sports & Outdoors,SwiftBrand,Zone B,QuickStock,contact498@quickstock.com,2024-07-25,2025-11-13,2026-09-20,8.0,264,1.362372090641448,4203.0,11657.951505809886,97.0,24,True
STA-45677,Stationery,ZenCraft,Zone D,DirectImport,contact374@directimport.com,2024-06-10,2025-04-13,2026-06-25,87.0,297,0.6871823016864999,6958.0,9804.668517810907,57.0,13,True
SPO-73232,Sports & Outdoors,UrbanWave,Zone A,DirectImport,,2024-09-09,2025-05-03,2026-06-12,397.0,132,0.8680614560086921,6905.0,12641.363823818381,94.0,40,True
ELE-85801,Electronics,AlphaEdge,Zone C,DirectImport,contact341@directimport.com,2024-06-03,2026-03-14,2026-08-21,391.0,53,0.9107861298767862,4487.0,11291.280823742369,191.0,23,True
TOY-57249,Toys,GenericPlus,Zone B,DirectImport,contact479@directimport.com,2024-05-16,2025-04-20,2026-09-06,358.0,125,0.6679371064962588,3972.0,9736.22020532154,179.0,37,True
SPO-86865,Sports & Outdoors,AlphaEdge,Zone A,FastShip Pvt,contact593@fastshippvt.com,2024-10-08,2026-01-05,2026-07-09,383.0,150,0.6546823810096165,4835.0,14715.66470711459,102.0,20,True
ELE-16036,Electronics,CorePeak,zone a,QuickStock,contact806@quickstock.com,2024-07-25,2025-05-30,2026-07-27,236.0,143,0.6927049478489634,3006.0,10426.092831364562,,13,True
ELE-72848,Electronics,TrueForm,Zone C,PrimeParts,contact802@primeparts.com,2024-11-06,2025-06-11,2026-06-18,28.0,13,0.6132506178968757,3786.0,9269.712397112806,43.0,28,True
HOM-17669,Home & Kitchen,ZenCraft,Zone B,GlobalTrade Ltd,,2024-09-26,2025-08-29,2026-08-09,370.0,60,0.5610295746171718,876.0,1323.5217455309719,27.0,40,True
STA-65836,Stationery,NovaLine,Zone A,LocalSource,,2024-11-20,2025-03-27,2026-08-19,466.0,172,0.1271915195764891,4031.0,2482.62413268151,80.0,on demand,True
STA-74430,Stationery,AlphaEdge,Zone C,SupplyCo India,contact172@supplycoindia.com,2024-07-21,2025-10-14,2026-08-29,394.0,284,0.7963218029526727,535.0,1153.448755777892,123.0,20,True
TOY-52152,Toys,UrbanWave,Zone B,DirectImport,contact143@directimport.com,2024-06-24,2025-08-05,2026-07-08,237.0,155,0.8506526353516525,7464.0,23264.134603781633,68.0,29,True
HOM-12308,Home & Kitchen,AlphaEdge,Zone A,FastShip Pvt,,2024-08-15,2026-01-04,2026-08-11,422.0,230,0.6517909287430067,260.0,435.20957061913805,,29,True
TOY-98978,Toys,AlphaEdge,Zone C,FastShip Pvt,contact302@fastshippvt.com,2024-07-17,2026-01-23,2026-06-17,429.0,269,0.6841696902419491,3305.0,5398.794263854096,,express,True
AUT-20515,Automotive,UrbanWave,Zone B,DirectImport,,2024-09-15,2025-05-27,2026-06-03,293.0,292,0.26760053660347805,7053.0,14354.81167616863,21.0,714,True
HOM-26898,Home & Kitchen,SwiftBrand,Zone D,DirectImport,contact371@directimport.com,2024-09-22,2025-08-08,2026-08-03,172.0,232,,4533.0,8002.07340298387,179.0,19,True
TOY-60819,Toys,TrueForm,zone d,QuickStock,contact681@quickstock.com,2024-05-27,2026-03-20,2026-08-23,-3.0,219,0.3058354095544342,630.0,1451.1959448549624,14.0,29,True
APP-28086,Apparel,AlphaEdge,zone d,QuickStock,contact874@quickstock.com,2024-11-27,2025-05-31,2026-08-07,-73.0,265,0.8160835456585835,2638.0,3357.0902327840786,101.0,31,True
STA-99628,Stationery,UrbanWave,Zone C,DirectImport,contact325@directimport.com,2024-08-22,2025-07-15,2026-06-27,459.0,289,0.4905504529588198,4169.0,12065.5025728755,70.0,44,True
APP-27711,Apparel,CorePeak,Zone D,FastShip Pvt,contact248@fastshippvt.com,2024-12-07,2025-09-08,2026-05-30,434.0,249,,5783.0,16208.438162016597,22.0,42,True
HOM-95030,Home & Kitchen,GenericPlus,Zone B,SupplyCo India,,2024-10-27,2025-07-23,2026-05-30,257.0,267,0.9252248047375781,409.0,855.4454603261981,12.0,9,True
ELE-64373,Electronics,NovaLine,Zone B,SupplyCo India,contact308@supplycoindia.com,2024-04-16,2025-05-18,2026-09-17,449.0,200,0.3936161470895517,2928.0,9517.51173793769,,22,False
SPO-71041,Sports & Outdoors,GenericPlus,Zone B,PrimeParts,contact171@primeparts.com,2024-06-04,,2026-07-02,163.0,159,0.9026728117986942,2082.0,4858.202499325375,139.0,23,True
TOY-88415,Toys,ZenCraft,Zone A,PrimeParts,contact442@primeparts.com,2024-04-27,2025-06-22,2026-09-10,143.0,203,0.9853800871558797,0.0,0.0,155.0,38,True
APP-32953,Apparel,AlphaEdge,Zone C,LocalSource,contact873@localsource.com,2024-07-08,2025-09-11,2026-06-14,342.0,121,0.2843048815094853,462.0,896.9295753754963,139.0,29,True
SPO-34806,Sports & Outdoors,ZenCraft,Zone D,SupplyCo India,contact969@supplycoindia.com,2024-07-26,,2026-08-12,483.0,80,0.20924311281537866,7745.0,17338.919374768095,173.0,43,True
BEA-42125,Beauty,UrbanWave,Zone D,DirectImport,contact806@directimport.com,2024-06-04,2026-03-10,2026-06-28,419.0,140,,7915.0,20609.52742168166,62.0,43,True
AUT-70937,Automotive,UrbanWave,Zone B,SupplyCo India,,2024-06-23,2025-09-22,2026-06-23,203.0,136,0.8598455977036086,4015.0,11565.157346619899,38.0,5,False
ELE-74846,Electronics,AlphaEdge,ZONE D,LocalSource,contact454@localsource.com,2024-09-04,2025-06-17,2026-06-08,158.0,113,0.4212428977816004,2466.0,7631.586358400603,102.0,29,True
ELE-94445,Electronics,ZenCraft,Zone C,GlobalTrade Ltd,contact714@globaltradeltd.com,2024-04-15,2025-11-01,2026-09-07,498.0,259,0.21701329158004345,3285.0,5605.619966832253,43.0,20,True
STA-48343,Stationery,CorePeak,Zone C,QuickStock,,2024-07-13,2026-03-04,2026-06-03,133.0,42,0.37988510581906054,7260.0,18878.761928879238,123.0,803,True
ELE-68686,Electronics,SwiftBrand,Zone C,DirectImport,contact281@directimport.com,2024-07-20,2025-05-09,2026-08-11,121.0,288,,370.0,451.19019926952467,59.0,23,True
APP-81250,Apparel,SwiftBrand,zone a,QuickStock,,2024-12-10,2025-04-12,2026-06-01,-48.0,9,0.938715696153786,4091.0,9920.369235101667,102.0,21,True
ELE-44424,Electronics,GenericPlus,Zone A,FastShip Pvt,contact275@fastshippvt.com,2024-10-20,2026-01-30,2026-09-16,470.0,86,0.0775533953499068,4859.0,6737.761625753291,182.0,10,True
BEA-46925,Beauty,CorePeak,zone d,QuickStock,contact717@quickstock.com,2024-09-16,2025-04-28,2026-07-26,464.0,118,0.2426561231161387,7783.0,11463.542262025543,25.0,17,True
ELE-43031,Electronics,CorePeak,Zone C,PrimeParts,contact549@primeparts.com,2024-10-18,2025-09-11,2026-08-12,144.0,126,0.32116714733478025,7116.0,15423.317923053442,118.0,23,True
ELE-36932,Electronics,UrbanWave,Zone A,SupplyCo India,contact665@supplycoindia.com,2024-09-27,,2026-09-14,84.0,133,,2235.0,7004.122970722383,154.0,26,True
STA-18924,Stationery,SwiftBrand,Zone C,DirectImport,contact927@directimport.com,2024-06-16,2025-05-23,2026-07-25,395.0,6,0.16715598500940398,7781.0,25560.429796091077,166.0,40,True
SPO-26102,Sports & Outdoors,AlphaEdge,Zone A,DirectImport,contact521@directimport.com,2024-10-18,2025-10-09,2026-07-25,366.0,105,0.7396898636225477,3842.0,6344.612160062365,113.0,4-6 weeks,True
BEA-47063,Beauty,GenericPlus,zone b,DirectImport,contact764@directimport.com,2024-06-28,2026-02-12,2026-07-19,351.0,202,0.032653816231013044,124.0,216.42341698339587,182.0,17,True
HOM-65030,Home & Kitchen,ZenCraft,Zone C,GlobalTrade Ltd,contact218@globaltradeltd.com,2024-05-05,2025-04-10,2026-09-04,26.0,210,0.5714900489231317,65.0,95.93818323298797,,8,True
ELE-68846,Electronics,SwiftBrand,ZONE B,SupplyCo India,contact951@supplycoindia.com,2024-07-21,2026-03-12,2026-09-07,265.0,207,1.455105540889142,1705.0,5115.266849009034,,43,True
APP-45919,Apparel,SwiftBrand,Zone D,DirectImport,,2024-08-05,2025-06-27,2026-06-28,382.0,230,0.17893497190703822,6144.0,7853.4208475402775,29.0,26,True
TOY-82140,Toys,NovaLine,Zone D,LocalSource,contact636@localsource.com,2024-12-09,2025-05-10,2026-07-04,204.0,200,0.9262599371796427,3691423.0,7113496.251287616,64.0,22,True
BEA-33006,Beauty,ZenCraft,zone d,GlobalTrade Ltd,contact167@globaltradeltd.com,2024-09-07,2026-02-16,2026-06-01,145.0,86,0.9195617942551132,1123.0,2489.86708384245,0.3684537011795752,39,True
HOM-59132,Home & Kitchen,GenericPlus,Zone C,DirectImport,,2024-04-06,2025-08-07,2026-08-18,173.0,162,0.9401445396057301,3130.0,7799.2078550529295,92.0,4-6 weeks,True
ELE-81476,Electronics,TrueForm,ZONE D,GlobalTrade Ltd,contact102@globaltradeltd.com,2024-08-16,2025-07-06,2026-08-26,437.0,126,3.4097384326222238,1226652.0,3669771.073700804,43.0,42,True
ELE-17457,Electronics,TrueForm,Zone B,FastShip Pvt,,2024-10-13,2025-07-20,2026-09-15,305.0,120,0.12471940646046098,6001.0,14715.47866985673,187.0,20,True
AUT-73427,Automotive,SwiftBrand,zone d,QuickStock,contact416@quickstock.com,2024-05-07,2025-05-18,2026-07-11,-51.0,252,0.6164685875973016,4463.0,9979.31552938902,85.0,11,True
SPO-46890,Sports & Outdoors,ZenCraft,Zone B,DirectImport,contact605@directimport.com,2024-06-12,2025-06-10,2026-09-06,273.0,5,0.4153134960833549,3601.0,9901.415350955429,180.0,24,True
APP-88518,Apparel,CorePeak,Zone A,LocalSource,contact828@localsource.com,2024-08-07,2025-12-21,2026-06-05,221.0,45,0.6907641941740796,2946.0,9628.9713628037,,12,True
ELE-57221,Electronics,AlphaEdge,Zone A,FastShip Pvt,contact719@fastshippvt.com,2024-09-12,2025-04-16,2026-07-24,241.0,282,0.8377808728232035,224.0,358.0415412086063,115.0,26,True
STA-89836,Stationery,ZenCraft,zone d,FastShip Pvt,contact809@fastshippvt.com,2024-07-06,2025-12-31,2026-09-13,457.0,136,0.4526741085799435,3351.0,9969.806130734394,,39,True
APP-42705,Apparel,ZenCraft,Zone C,LocalSource,,2024-09-09,,2026-07-11,116.0,13,0.061010341702416926,2367.0,2937.959682138855,165.0,34,True
SPO-53667,Sports & Outdoors,ZenCraft,Zone B,PrimeParts,contact218@primeparts.com,2024-06-10,2025-06-27,2026-06-17,348.0,224,1.419663296752707,7236.0,12852.585481342165,,16,True
AUT-59751,Automotive,SwiftBrand,Zone C,FastShip Pvt,,2024-11-30,2025-05-26,2026-08-02,155.0,260,0.6791265004932114,0.0,0.0,,35,True
TOY-12305,Toys,SwiftBrand,Zone D,FastShip Pvt,contact819@fastshippvt.com,2024-09-10,,2026-06-10,314.0,85,,6709.0,21770.569721271804,,2-3 weeks,True
ELE-92586,Electronics,UrbanWave,Zone D,LocalSource,contact269@localsource.com,2024-11-03,2025-07-14,2026-08-04,340.0,11,0.48243280686279943,3926.0,2528.1841303367896,120.0,20,True
APP-44513,Apparel,ZenCraft,Zone A,GlobalTrade Ltd,contact186@globaltradeltd.com,2024-06-07,2025-05-31,2026-07-04,42.0,162,0.6597589618946641,5761.0,14755.103829336293,0.7168688018052101,23,True
AUT-65464,Automotive,UrbanWave,Zone C,QuickStock,contact111@quickstock.com,2024-06-12,2025-07-10,2026-07-22,475.0,294,0.7010128185862756,4492.0,8971.324317595438,110.0,25,True
HOM-96183,Home & Kitchen,GenericPlus,Zone C,FastShip Pvt,contact178@fastshippvt.com,2024-11-15,2025-12-22,2026-06-24,324.0,207,0.9664287770865078,6158.0,20013.626992182344,55.0,42,True
APP-40084,Apparel,ZenCraft,Zone C,GlobalTrade Ltd,contact201@globaltradeltd.com,2024-05-21,2025-11-27,2026-07-22,152.0,108,,4960.0,10325.112099777185,42.0,40,False
APP-69378,Apparel,UrbanWave,ZONE C,SupplyCo India,contact427@supplycoindia.com,2024-09-10,2025-04-27,2026-08-25,0.0,255,0.7556112347887565,5825.0,7329.825354918338,114.0,800,True
SPO-80308,Sports & Outdoors,NovaLine,zone c,SupplyCo India,contact332@supplycoindia.com,2024-08-16,2025-04-02,2026-06-16,407.0,100,0.9683748055516794,5601.0,16296.62176536658,52.0,23,True
APP-34557,Apparel,UrbanWave,zone c,LocalSource,contact893@localsource.com,2024-10-20,2025-12-14,2026-06-20,338.0,90,0.6664495560013823,791.0,1771.7614577797833,26.0,20,True
AUT-94955,Automotive,NovaLine,Zone B,PrimeParts,,2024-09-27,2025-04-17,2026-07-06,424.0,0,0.34120895792230366,4420.0,11962.173458912932,88.0,530,True
STA-94633,Stationery,ZenCraft,Zone C,SupplyCo India,contact395@supplycoindia.com,2024-07-25,2025-08-14,2026-05-27,241.0,49,0.5628597159279461,7318.0,24846.564732797404,116.0,636,True
HOM-18090,Home & Kitchen,ZenCraft,Zone B,DirectImport,contact990@directimport.com,2024-12-08,,2026-07-12,148.0,239,0.12200277861113917,5406.0,12483.553593910878,47.0,32,True
AUT-32886,Automotive,ZenCraft,Zone A,PrimeParts,contact308@primeparts.com,2024-08-30,2026-02-25,2026-09-07,56.0,174,0.9593804204671064,3943170.0,4619178.322116929,0.1279672510227667,24,True
APP-81565,Apparel,SwiftBrand,Zone B,QuickStock,contact175@quickstock.com,2024-09-02,2026-01-20,2026-07-07,77.0,50,0.7362347553521287,5431.0,7104.980723134325,133.0,30,True
APP-51323,Apparel,UrbanWave,Zone A,GlobalTrade Ltd,contact699@globaltradeltd.com,2024-07-21,2025-09-09,2026-08-26,-54.0,56,0.10185362693661337,7465.0,14805.6189343852,88.0,41,True
SPO-14112,Sports & Outdoors,SwiftBrand,Zone B,PrimeParts,contact669@primeparts.com,2024-09-04,2025-12-07,2026-06-21,411.0,136,0.496599769470085,4562.0,6973.0022168752885,62.0,on demand,False
SPO-90747,Sports & Outdoors,CorePeak,Zone D,GlobalTrade Ltd,,2024-10-14,2025-07-24,2026-06-26,77.0,298,0.8881651020061798,7115.0,15306.238643958026,33.0,29,True
APP-67245,Apparel,CorePeak,ZONE D,DirectImport,contact737@directimport.com,2024-09-01,2025-12-09,2026-06-06,388.0,226,0.29940840081947073,110.0,363.9114594317878,162.0,26,True
APP-32061,Apparel,AlphaEdge,Zone A,GlobalTrade Ltd,contact609@globaltradeltd.com,2024-09-09,2025-04-29,2026-06-24,457.0,296,0.5560418052989069,7350.0,19953.332832417385,52.0,11,False
BEA-86633,Beauty,UrbanWave,ZONE D,DirectImport,contact904@directimport.com,2024-04-16,2026-02-21,2026-07-08,404.0,54,0.5461804091954622,690.0,2090.174654341085,22.0,16,True
HOM-87502,Home & Kitchen,CorePeak,Zone C,QuickStock,contact114@quickstock.com,2024-07-01,2025-08-24,2026-07-05,453.0,102,0.18504635959325444,6022.0,15186.824174520676,,17,True
BEA-13986,Beauty,NovaLine,ZONE B,PrimeParts,contact374@primeparts.com,2024-04-11,2026-01-26,2026-06-10,39.0,218,0.531332730435655,1381.0,2724.924178695198,90.0,14,True
AUT-72098,Automotive,GenericPlus,Zone D,GlobalTrade Ltd,contact345@globaltradeltd.com,2024-09-19,,2026-07-01,412.0,25,0.9257488130586619,811.0,1577.6074311491989,170.0,539,True
SPO-43792,Sports & Outdoors,TrueForm,ZONE A,PrimeParts,contact801@primeparts.com,2024-07-30,2025-04-09,2026-09-05,377.0,130,0.5084570770401499,595.0,1424.4755674028086,26.0,14,False
TOY-38047,Toys,AlphaEdge,Zone C,GlobalTrade Ltd,contact901@globaltradeltd.com,2024-10-23,2025-10-21,2026-06-13,181.0,171,0.4821317991305677,74.0,143.97149414313955,128.0,211,True
TOY-45889,Toys,NovaLine,ZONE A,FastShip Pvt,contact742@fastshippvt.com,2024-07-18,2026-03-24,2026-07-01,249.0,73,0.5018511311815852,5188.0,14305.682021089407,,42,True
APP-73771,Apparel,NovaLine,Zone C,LocalSource,contact613@localsource.com,2024-04-18,2025-09-08,2026-09-17,8.0,179,,3560.0,7722.783169000474,,13,True
AUT-29190,Automotive,ZenCraft,Zone B,LocalSource,contact377@localsource.com,2024-09-11,2025-12-19,2026-07-19,283.0,290,0.28878070025704083,0.0,0.0,25.0,15,True
STA-51136,Stationery,NovaLine,ZONE C,GlobalTrade Ltd,,2024-12-10,2026-02-21,2026-07-01,288.0,47,0.4801428435779196,145.0,304.1868193396428,173.0,36,True
AUT-56002,Automotive,ZenCraft,Zone D,QuickStock,contact929@quickstock.com,2024-11-25,2025-06-15,2026-07-29,401.0,143,0.7663246352659677,931.0,1284.6529490083383,129.0,410,True
SPO-66923,Sports & Outdoors,SwiftBrand,Zone A,FastShip Pvt,contact661@fastshippvt.com,2024-11-19,,2026-08-25,471.0,156,0.9563264501958276,6123.0,20753.046765100597,,22,False
HOM-52170,Home & Kitchen,TrueForm,ZONE D,LocalSource,contact499@localsource.com,2024-11-04,2026-03-05,2026-07-07,358.0,101,0.4548059714475109,4720.0,10380.088412176134,160.0,327,True
ELE-19669,Electronics,GenericPlus,zone a,FastShip Pvt,,2024-06-15,2025-07-04,2026-06-16,268.0,65,0.5662561209439178,2298.0,6258.643314024633,,14,True
APP-17165,Apparel,ZenCraft,Zone B,SupplyCo India,contact950@supplycoindia.com,2024-10-27,2025-10-31,2026-08-15,154.0,236,0.1171176623786172,2867.0,9965.0760519608,67.0,32,True
ELE-93357,Electronics,ZenCraft,zone c,GlobalTrade Ltd,,2024-11-13,2025-07-11,2026-08-15,232.0,290,0.6190218980897195,3904.0,6738.522067970607,178.0,26,True
SPO-17714,Sports & Outdoors,AlphaEdge,zone c,LocalSource,contact802@localsource.com,2024-07-13,2025-07-11,2026-05-30,231.0,74,0.09639006214262136,1944.0,5019.891902922648,118.0,39,False
APP-68151,Apparel,UrbanWave,Zone C,PrimeParts,contact760@primeparts.com,2024-06-01,2025-08-31,2026-08-26,313.0,132,0.4499299235833579,5824.0,12761.933838402598,74.0,32,True
APP-59004,Apparel,ZenCraft,Zone A,DirectImport,contact167@directimport.com,2024-09-03,2026-03-02,2026-07-21,288.0,82,0.5043693513423098,2850538.0,9605215.350437341,0.8612487072636461,820,True
AUT-36935,Automotive,AlphaEdge,Zone D,LocalSource,contact125@localsource.com,2024-08-05,,2026-09-20,113.0,243,0.9862058196190224,4715.0,14416.779252151142,157.0,37,True
AUT-77961,Automotive,CorePeak,Zone A,SupplyCo India,contact546@supplycoindia.com,2024-06-25,2026-02-20,2026-08-27,375.0,2,0.627607524367871,2437.0,7248.487204971866,,7,True
APP-36247,Apparel,TrueForm,Zone A,GlobalTrade Ltd,contact374@globaltradeltd.com,2024-09-26,2025-11-13,2026-05-25,190.0,230,0.7126828230636714,3107.0,10758.373587937294,94.0,10,True
APP-88222,Apparel,SwiftBrand,Zone C,FastShip Pvt,,2024-07-12,2025-04-25,2026-08-03,321.0,253,0.6884971611189509,1597.0,3885.7511438832335,168.0,21,True
APP-90667,Apparel,GenericPlus,ZONE C,PrimeParts,contact687@primeparts.com,2024-11-01,2025-06-02,2026-07-24,366.0,12,0.035844450967792874,166.0,462.6637577099892,113.0,9,True
APP-76330,Apparel,TrueForm,zone d,SupplyCo India,contact421@supplycoindia.com,2024-10-20,2026-03-13,2026-06-01,-8.0,231,,4390.0,11310.810193284855,90.0,13,True
ELE-23001,Electronics,CorePeak,Zone B,QuickStock,contact985@quickstock.com,2024-08-25,,2026-06-07,295.0,73,0.7069483858650143,5172.0,13798.460068981096,,20,True
ELE-16037,Electronics,CorePeak,Zone C,DirectImport,contact579@directimport.com,2024-05-15,2025-08-18,2026-08-29,124.0,128,0.8671546226717132,6799.0,10301.32062968153,26.0,28,True
TOY-69633,Toys,AlphaEdge,Zone B,GlobalTrade Ltd,contact352@globaltradeltd.com,2024-05-18,2026-01-21,2026-07-22,411.0,182,0.9063409379448472,2653.0,4135.391339121231,187.0,13,True
BEA-71584,Beauty,CorePeak,Zone D,DirectImport,contact782@directimport.com,2024-06-01,2026-01-21,2026-07-11,479.0,161,0.269976391922922,3172165.0,11052459.326867217,159.0,22,True
HOM-32179,Home & Kitchen,NovaLine,Zone C,LocalSource,contact921@localsource.com,2024-05-11,2025-12-24,2026-09-13,387.0,167,0.40554459228615536,1279.0,3079.341580406127,,TBD,True
HOM-35131,Home & Kitchen,NovaLine,Zone B,DirectImport,contact952@directimport.com,2024-11-11,2025-12-12,2026-08-23,246.0,156,0.9982767449827286,4390.0,8973.16380755116,47.0,30,False
HOM-90104,Home & Kitchen,AlphaEdge,Zone A,GlobalTrade Ltd,contact605@globaltradeltd.com,2024-05-27,2025-11-16,2026-07-23,474.0,44,0.9026880615328332,4467.0,13906.658810599509,77.0,5,True
HOM-87394,Home & Kitchen,TrueForm,Zone D,FastShip Pvt,,2024-06-01,2025-08-26,2026-08-25,81.0,211,0.7619519554882576,1627.0,5207.191725130112,28.0,41,True
APP-84984,Apparel,UrbanWave,Zone A,LocalSource,contact143@localsource.com,2024-08-10,2025-12-10,2026-08-28,281.0,39,0.6131655483101741,4223.0,10489.725833533956,112.0,on demand,True
APP-79464,Apparel,NovaLine,Zone B,SupplyCo India,contact515@supplycoindia.com,2024-04-15,2025-11-13,2026-07-04,246.0,17,0.3278140444168438,7324.0,12964.580193660418,,27,True
HOM-70439,Home & Kitchen,ZenCraft,Zone A,DirectImport,contact931@directimport.com,2024-11-15,2025-11-07,2026-08-04,362.0,220,0.015328999909014263,1245.0,2667.4433308023777,,20,True
TOY-35452,Toys,UrbanWave,Zone D,QuickStock,contact857@quickstock.com,2024-07-10,2025-04-28,2026-08-15,260.0,88,,2518.0,3206.97799466411,84.0,35,True
STA-53070,Stationery,UrbanWave,Zone B,GlobalTrade Ltd,contact852@globaltradeltd.com,2024-10-21,2026-01-08,2026-05-25,111.0,277,0.014362211894367594,203.0,597.4524990463904,106.0,~1 month,False
HOM-81544,Home & Kitchen,NovaLine,ZONE A,FastShip Pvt,contact400@fastshippvt.com,2024-09-19,2026-02-13,2026-08-07,412.0,77,0.3901380848205548,6311.0,4738.169259289355,58.0,21,True
APP-81236,Apparel,ZenCraft,Zone C,SupplyCo India,contact385@supplycoindia.com,2024-12-08,2025-07-09,2026-08-09,15.0,23,0.21635111584866085,3596.0,7148.1943312642225,188.0,17,True
HOM-56407,Home & Kitchen,CorePeak,Zone D,FastShip Pvt,contact944@fastshippvt.com,2024-07-23,2025-11-19,2026-08-31,162.0,273,0.26557663775202056,7906.0,23277.578786585433,121.0,42,True
BEA-50726,Beauty,AlphaEdge,Zone A,FastShip Pvt,,2024-10-06,2025-05-26,2026-07-08,302.0,175,0.985926984693267,3529106.0,10347208.042916225,139.0,20,False
TOY-84721,Toys,NovaLine,Zone D,GlobalTrade Ltd,,2024-11-02,2025-11-28,2026-06-27,391.0,27,0.43618866077755525,4157.0,14128.999534984487,119.0,8,True
ELE-70018,Electronics,SwiftBrand,Zone B,QuickStock,contact228@quickstock.com,2024-07-24,2025-07-22,2026-07-29,391.0,242,0.5620608726712566,6685.0,17477.114108931662,,25,True
APP-92969,Apparel,UrbanWave,Zone A,DirectImport,,2024-07-01,2025-08-31,2026-07-04,421.0,255,0.7764545443967458,6714.0,4599.145272375687,20.0,12,True
TOY-97847,Toys,NovaLine,Zone C,QuickStock,contact134@quickstock.com,2024-05-19,2025-08-02,2026-09-20,-67.0,177,0.3166423266550721,4532.0,15398.090554643652,,15,True
ELE-81562,Electronics,TrueForm,zone d,GlobalTrade Ltd,,2024-10-01,2026-01-03,2026-09-10,28.0,99,0.7750830684578625,3223.0,4851.727688073075,42.0,23,True
SPO-87826,Sports & Outdoors,AlphaEdge,Zone C,LocalSource,contact199@localsource.com,2024-06-30,2025-07-11,2026-06-03,228.0,92,0.13200646232926172,7472.0,20861.868577942798,127.0,43,True
ELE-58746,Electronics,AlphaEdge,Zone D,FastShip Pvt,,2024-05-21,2025-07-09,2026-09-02,228.0,222,0.7480145705636285,0.0,0.0,162.0,24,True
TOY-37928,Toys,NovaLine,Zone D,QuickStock,contact151@quickstock.com,2024-05-17,2026-03-14,2026-07-30,-55.0,9,0.2689967851642473,1747.0,1037.4117471588725,,42,True
BEA-48031,Beauty,UrbanWave,Zone C,FastShip Pvt,contact919@fastshippvt.com,2024-06-25,2025-09-21,2026-06-27,442.0,137,0.7851685082375196,0.0,0.0,15.0,21,True
ELE-50761,Electronics,ZenCraft,Zone C,PrimeParts,contact711@primeparts.com,2024-11-26,2026-01-03,2026-05-28,161.0,216,0.01843177447838329,5288.0,3053.6510933802015,,13,True
BEA-50756,Beauty,NovaLine,ZONE B,SupplyCo India,contact284@supplycoindia.com,2024-10-08,2025-11-20,2026-06-07,61.0,126,0.9626592114535949,7811.0,22213.7508081575,,11,True
BEA-41048,Beauty,ZenCraft,Zone D,GlobalTrade Ltd,contact187@globaltradeltd.com,2024-04-14,2025-05-29,2026-08-22,372.0,287,0.27544516459724966,2416.0,4512.09049482338,60.0,2-3 weeks,True
AUT-95374,Automotive,ZenCraft,Zone A,FastShip Pvt,contact311@fastshippvt.com,2024-06-02,2025-10-02,2026-08-28,195.0,176,0.9347521012292672,1164.0,1089.2285003156544,50.0,31,True
SPO-16686,Sports & Outdoors,ZenCraft,Zone C,PrimeParts,contact772@primeparts.com,2024-08-02,2025-06-11,2026-08-12,371.0,63,0.8627621138536209,2146907.0,4463303.0107304165,153.0,32,True
ELE-68052,Electronics,NovaLine,zone b,PrimeParts,contact146@primeparts.com,2024-06-01,2025-07-27,2026-06-29,90.0,110,0.5551160733661472,5690.0,7643.878806308889,,40,True
SPO-46396,Sports & Outdoors,CorePeak,zone d,SupplyCo India,contact112@supplycoindia.com,2024-10-20,2025-11-04,2026-09-20,495.0,34,0.9629955229970514,1790.0,4862.358421404857,56.0,6,True
HOM-83063,Home & Kitchen,AlphaEdge,Zone C,LocalSource,,2024-08-13,2025-09-01,2026-08-13,232.0,29,0.4683659418486247,4025.0,5028.4266985648355,0.30445847766406664,40,True
ELE-91857,Electronics,ZenCraft,ZONE B,SupplyCo India,contact728@supplycoindia.com,2024-11-11,2025-05-19,2026-06-12,217.0,217,0.35478586737800166,4930.0,12822.90690105822,50.0,6,True
APP-94473,Apparel,UrbanWave,Zone C,LocalSource,contact773@localsource.com,2024-08-22,2025-10-09,2026-09-16,429.0,226,0.6653200464101199,2014.0,2490.9274982426296,0.15179171789772053,37,True
APP-28579,Apparel,AlphaEdge,Zone B,SupplyCo India,contact424@supplycoindia.com,2024-06-15,2025-09-18,2026-09-13,453.0,230,0.6435867572150832,1854365.0,3702112.2769990447,111.0,4,True
SPO-45089,Sports & Outdoors,CorePeak,Zone B,LocalSource,contact183@localsource.com,2024-07-26,2026-02-13,2026-09-03,438.0,76,0.5877657707361141,6068.0,13144.065475549694,133.0,7,True
ELE-56778,Electronics,SwiftBrand,Zone A,GlobalTrade Ltd,contact323@globaltradeltd.com,2024-07-17,2025-06-08,2026-06-30,216.0,205,0.12309069301825115,6595.0,22763.04781985044,148.0,30,True
TOY-48723,Toys,CorePeak,Zone B,QuickStock,,2024-10-16,2025-05-23,2026-07-12,152.0,287,0.3611250338658719,7875.0,22019.29357170537,30.0,18,False
BEA-72807,Beauty,UrbanWave,Zone C,LocalSource,contact669@localsource.com,2024-06-05,2025-09-14,2026-08-12,128.0,218,0.13970969729243166,2826.0,6793.122086866964,157.0,18,True
APP-28354,Apparel,SwiftBrand,Zone D,PrimeParts,contact918@primeparts.com,2024-06-11,2025-09-12,2026-07-25,-27.0,8,0.055599053470820725,7461.0,22032.71282634877,33.0,10,True
HOM-40755,Home & Kitchen,AlphaEdge,zone d,DirectImport,,2024-04-17,,2026-09-14,7.0,89,0.2193526326249442,5295.0,11859.694614842467,70.0,18,True
APP-81143,Apparel,GenericPlus,Zone D,LocalSource,,2024-05-27,2025-12-26,2026-09-12,423.0,164,0.8287121869180971,6785.0,20732.78334921752,149.0,32,False
ELE-81765,Electronics,GenericPlus,Zone B,SupplyCo India,contact850@supplycoindia.com,2024-09-09,2025-12-24,2026-07-13,231.0,58,0.8276513086510578,7421.0,23916.465975379968,0.3656268981012559,44,True
ELE-10487,Electronics,SwiftBrand,Zone A,SupplyCo India,contact596@supplycoindia.com,2024-09-01,2025-06-11,2026-09-20,-30.0,39,0.8468217867895923,1165.0,3694.302994241711,21.0,40,False
HOM-52917,Home & Kitchen,SwiftBrand,Zone D,FastShip Pvt,,2024-09-09,2026-01-10,2026-08-18,45.0,104,0.11337898388075607,4136.0,12648.689902929933,102.0,18,True
ELE-11251,Electronics,AlphaEdge,Zone B,GlobalTrade Ltd,contact823@globaltradeltd.com,2024-05-23,2025-03-28,2026-07-03,218.0,257,0.2348212142664371,5345.0,11273.546835501722,77.0,9,True
SPO-87359,Sports & Outdoors,NovaLine,ZONE C,GlobalTrade Ltd,contact415@globaltradeltd.com,2024-10-25,2025-09-12,2026-08-27,434.0,38,0.4463643360278493,1347.0,2694.480037539165,98.0,44,True
BEA-81993,Beauty,NovaLine,Zone B,QuickStock,,2024-08-25,2025-09-12,2026-07-07,455.0,34,0.6094241306607625,6646.0,13954.148092875119,43.0,11,True
APP-30187,Apparel,ZenCraft,ZONE B,DirectImport,,2024-09-06,2025-10-05,2026-08-31,267.0,122,0.03933373157166542,1784.0,4480.706232913971,98.0,13,True
STA-65614,Stationery,CorePeak,Zone B,PrimeParts,contact872@primeparts.com,2024-07-05,2025-07-18,2026-08-23,394.0,51,0.7673355910212242,2467.0,6854.201620637658,,28,True
SPO-37276,Sports & Outdoors,SwiftBrand,Zone C,LocalSource,contact672@localsource.com,2024-10-15,2025-04-25,2026-08-20,72.0,167,0.8041610787859897,7944.0,4872.635429677486,69.0,19,True
BEA-11557,Beauty,NovaLine,Zone C,QuickStock,,2024-04-27,2025-11-28,2026-08-05,396.0,144,0.9020007475101001,0.0,0.0,149.0,22,True
ELE-75699,Electronics,SwiftBrand,ZONE C,LocalSource,contact500@localsource.com,2024-04-06,,2026-08-22,343.0,126,0.9547572445644051,3038.0,4909.139432263474,173.0,TBD,True
SPO-66861,Sports & Outdoors,ZenCraft,zone c,DirectImport,contact368@directimport.com,2024-07-18,2025-12-17,2026-07-05,263.0,64,0.8427763230272375,1701.0,1971.881664749421,0.4860860082944103,6,True
ELE-39373,Electronics,AlphaEdge,Zone D,SupplyCo India,,2024-12-06,2026-03-03,2026-06-03,52.0,258,,2742.0,5357.43365728151,64.0,4-6 weeks,True
ELE-33104,Electronics,CorePeak,Zone B,SupplyCo India,contact802@supplycoindia.com,2024-07-16,2025-06-29,2026-08-28,93.0,42,0.43090935009963016,3222.0,7905.6612250807875,42.0,25,True
AUT-16806,Automotive,UrbanWave,ZONE A,LocalSource,contact384@localsource.com,2024-09-05,2025-10-03,2026-08-29,399.0,0,0.3732281016140525,4251.0,12179.10308693917,176.0,18,True
HOM-87752,Home & Kitchen,ZenCraft,Zone A,SupplyCo India,,2024-09-26,2025-08-01,2026-07-11,452.0,274,0.6658375331836011,1827984.0,4161167.1046719975,0.7043369495562279,~3 weeks,True
TOY-64693,Toys,GenericPlus,zone d,GlobalTrade Ltd,contact460@globaltradeltd.com,2024-10-19,,2026-07-22,410.0,66,0.4173314840448019,0.0,0.0,0.1859100410805967,12,True
APP-23040,Apparel,TrueForm,Zone C,QuickStock,contact995@quickstock.com,2024-06-02,2025-04-11,2026-08-14,309.0,68,0.877399184629434,7444.0,10380.575820873777,,43,True
HOM-15840,Home & Kitchen,GenericPlus,Zone D,DirectImport,contact718@directimport.com,2024-09-18,2025-08-21,2026-06-23,33.0,245,0.3506487218883898,6165.0,13387.51015222928,117.0,17,True
APP-69262,Apparel,UrbanWave,Zone A,FastShip Pvt,contact344@fastshippvt.com,2024-10-21,2025-10-07,2026-06-25,494.0,130,0.5050131738463062,2324.0,4348.196427088236,,9,True
BEA-46269,Beauty,UrbanWave,Zone B,SupplyCo India,contact581@supplycoindia.com,2024-08-14,2025-09-20,2026-07-05,124.0,254,0.14618757960553463,5223.0,12198.205152783941,,22,False
SPO-73834,Sports & Outdoors,ZenCraft,Zone A,SupplyCo India,contact793@supplycoindia.com,2024-11-08,2025-08-06,2026-05-27,-11.0,90,,4031.0,2955.4019566335387,195.0,9,True
ELE-47434,Electronics,NovaLine,Zone D,FastShip Pvt,contact870@fastshippvt.com,2024-12-03,2025-03-26,2026-06-26,148.0,219,0.48525868173409814,3105.0,9262.121991101843,168.0,43,True
APP-92863,Apparel,ZenCraft,Zone C,QuickStock,contact695@quickstock.com,2024-11-02,,2026-07-04,218.0,150,0.7589877230051546,1782.0,2645.0929933543334,103.0,19,True
HOM-72071,Home & Kitchen,ZenCraft,Zone A,PrimeParts,,2024-09-28,2025-06-24,2026-06-14,333.0,279,0.5801956674440917,5910.0,10518.77245204684,38.0,34,True
APP-19258,Apparel,TrueForm,Zone D,LocalSource,contact668@localsource.com,2024-08-25,2025-11-16,2026-09-17,-4.0,256,0.4845935795168148,7495.0,13484.907524717646,55.0,33,False
BEA-26907,Beauty,AlphaEdge,Zone C,GlobalTrade Ltd,contact124@globaltradeltd.com,2024-11-01,,2026-06-26,422.0,36,0.26267140091203944,1465368.0,796426.2952621474,17.0,27,True
SPO-18350,Sports & Outdoors,TrueForm,Zone A,LocalSource,contact680@localsource.com,2024-06-10,2025-06-18,2026-09-14,217.0,280,0.4296656794399981,245.0,326.52964049760413,150.0,33,True
ELE-22110,Electronics,SwiftBrand,zone a,LocalSource,contact140@localsource.com,2024-06-02,2025-12-05,2026-06-24,194.0,72,0.1406695849099603,1991567.0,4050011.980252279,168.0,36,True
AUT-29454,Automotive,TrueForm,Zone A,LocalSource,contact751@localsource.com,2024-10-31,2025-05-04,2026-09-21,324.0,280,0.1574111887227262,7940.0,11509.300530069593,107.0,24,True
SPO-96383,Sports & Outdoors,ZenCraft,Zone C,PrimeParts,contact952@primeparts.com,2024-04-05,,2026-08-17,308.0,225,0.7269055682674421,3216.0,9461.474687082242,0.3841529129842174,44,False
AUT-35673,Automotive,NovaLine,Zone B,DirectImport,contact520@directimport.com,2024-06-19,2025-05-15,2026-07-30,388.0,268,0.8760608404627072,2394.0,3774.6325247694203,19.0,3,False
ELE-41853,Electronics,AlphaEdge,Zone D,PrimeParts,contact869@primeparts.com,2024-12-07,2025-05-23,2026-08-25,16.0,151,1.659942413877667,6914.0,17427.858990237604,,33,True
SPO-48319,Sports & Outdoors,NovaLine,Zone A,DirectImport,contact661@directimport.com,2024-10-06,2025-11-06,2026-06-07,275.0,97,0.32455495749408003,4152.0,2494.061978990845,92.0,29,False
HOM-34107,Home & Kitchen,NovaLine,Zone A,DirectImport,,2024-07-22,2025-07-10,2026-07-18,188.0,188,0.5010849801965919,4423.0,9684.791112085903,161.0,40,False
ELE-98541,Electronics,AlphaEdge,ZONE D,LocalSource,contact701@localsource.com,2024-07-21,2026-02-11,2026-08-05,404.0,137,0.3440692172456299,998.0,3226.7770365649317,83.0,29,True
HOM-84108,Home & Kitchen,AlphaEdge,Zone C,FastShip Pvt,contact429@fastshippvt.com,2024-10-04,2025-05-16,2026-09-21,348.0,173,0.9444359006960587,0.0,0.0,98.0,6,False
AUT-73950,Automotive,SwiftBrand,zone c,FastShip Pvt,contact375@fastshippvt.com,2024-11-07,2025-08-21,2026-07-27,198.0,125,0.9967409218603179,6440.0,19244.494282434483,32.0,43,True
BEA-61422,Beauty,UrbanWave,Zone A,FastShip Pvt,contact216@fastshippvt.com,2024-11-01,2026-03-20,2026-09-01,230.0,130,0.27641923057805184,4309.0,8392.931533146073,,552,True
SPO-20650,Sports & Outdoors,CorePeak,ZONE D,PrimeParts,contact524@primeparts.com,2024-08-23,2025-12-21,2026-05-30,350.0,148,0.7011519590580306,984.0,2278.412866602118,88.0,TBD,True
SPO-97658,Sports & Outdoors,NovaLine,Zone A,DirectImport,contact239@directimport.com,2024-11-12,2025-04-25,2026-06-14,32.0,108,0.5395894105897877,3209478.0,10480565.717944086,35.0,33,True
ELE-31328,Electronics,GenericPlus,ZONE D,LocalSource,contact255@localsource.com,2024-05-03,,2026-07-05,4.0,12,0.297616919094966,2883314.0,5359636.466850127,180.0,4-6 weeks,True
SPO-14252,Sports & Outdoors,TrueForm,Zone D,QuickStock,contact286@quickstock.com,2024-05-28,2025-05-27,2026-06-25,186.0,296,0.8948893809970984,3496.0,5650.902118527204,,842,False
TOY-65640,Toys,NovaLine,Zone B,GlobalTrade Ltd,contact709@globaltradeltd.com,2024-08-16,2025-11-11,2026-06-17,83.0,233,0.9301532493908884,6523.0,14872.845648778764,57.0,16,True
APP-91853,Apparel,ZenCraft,Zone A,SupplyCo India,contact969@supplycoindia.com,2024-08-21,2025-12-20,2026-08-29,58.0,123,0.5236064736076018,1499.0,4093.686990779459,147.0,41,True
APP-25693,Apparel,ZenCraft,ZONE C,DirectImport,,2024-07-10,2025-12-10,2026-08-27,39.0,111,0.3642027920124742,6026.0,3723.2450757617826,96.0,8,False
APP-85538,Apparel,ZenCraft,Zone A,PrimeParts,contact969@primeparts.com,2024-07-15,2025-04-30,2026-08-12,206.0,144,,7255.0,23410.41711451874,144.0,38,True
ELE-14010,Electronics,AlphaEdge,Zone D,PrimeParts,,2024-07-11,2025-04-23,2026-06-22,323.0,88,0.705173460587695,6972.0,10101.182653328924,87.0,34,True
SPO-71232,Sports & Outdoors,AlphaEdge,ZONE C,GlobalTrade Ltd,contact486@globaltradeltd.com,2024-11-24,2025-05-04,2026-06-15,199.0,48,0.9861108639124763,7487.0,11853.32187069608,40.0,40,True
BEA-28222,Beauty,TrueForm,Zone B,GlobalTrade Ltd,,2024-07-25,2025-12-06,2026-05-30,485.0,159,0.3104689156056387,5760.0,16168.597214250834,35.0,7,True
AUT-58633,Automotive,GenericPlus,ZONE A,SupplyCo India,contact246@supplycoindia.com,2024-08-01,2025-04-28,2026-07-12,306.0,249,0.9919073996132175,0.0,0.0,145.0,14,True
SPO-59162,Sports & Outdoors,TrueForm,Zone D,FastShip Pvt,contact310@fastshippvt.com,2024-04-15,2025-07-29,2026-09-01,380.0,11,,6509.0,18395.49739815644,47.0,express,True
HOM-17561,Home & Kitchen,AlphaEdge,Zone B,QuickStock,,2024-09-21,2025-03-28,2026-09-19,220.0,182,0.903062536542461,6713.0,22180.161348676247,109.0,44,True
ELE-79016,Electronics,UrbanWave,Zone A,GlobalTrade Ltd,,2024-05-24,2025-10-03,2026-06-15,441.0,55,0.7029131055242642,3321.0,10518.969747228484,172.0,30,True
HOM-77965,Home & Kitchen,NovaLine,Zone C,GlobalTrade Ltd,,2024-04-25,2025-09-03,2026-08-05,196.0,1,0.9951773883143875,7682.0,18425.844324824957,11.0,on demand,True
SPO-61327,Sports & Outdoors,TrueForm,Zone B,QuickStock,,2024-09-04,2025-12-19,2026-09-04,336.0,18,0.261726235493004,6663.0,9344.321480281638,116.0,31,True
HOM-71910,Home & Kitchen,UrbanWave,Zone A,GlobalTrade Ltd,,2024-05-25,,2026-06-04,172.0,170,3.11931832894964,1049.0,1743.8115767682905,99.0,18,True
SPO-75792,Sports & Outdoors,NovaLine,Zone D,LocalSource,contact391@localsource.com,2024-05-09,2026-02-14,2026-07-08,174.0,168,0.36583995838012373,2209.0,3965.8314005717784,79.0,8,False
HOM-71226,Home & Kitchen,NovaLine,ZONE B,SupplyCo India,contact962@supplycoindia.com,2024-11-09,2026-01-30,2026-09-18,81.0,281,1.3301283179120547,4537.0,9241.553757160706,60.0,34,True
SPO-85043,Sports & Outdoors,NovaLine,Zone D,FastShip Pvt,contact974@fastshippvt.com,2024-04-26,2025-12-14,2026-07-08,29.0,13,,2951923.0,2003578.5576567461,132.0,4,False
HOM-62925,Home & Kitchen,AlphaEdge,zone c,PrimeParts,,2024-09-06,2025-06-14,2026-08-02,19.0,131,0.0969163503925794,7844.0,18631.832852788288,110.0,4,True
APP-14686,Apparel,NovaLine,Zone B,SupplyCo India,contact825@supplycoindia.com,2024-09-21,2025-06-14,2026-07-24,359.0,98,0.8513975738317918,1776.0,2965.5890141266486,,30,True
BEA-57516,Beauty,GenericPlus,Zone C,DirectImport,contact253@directimport.com,2024-05-05,2025-12-06,2026-08-20,408.0,292,0.568525781261401,0.0,0.0,197.0,varies,True
APP-52419,Apparel,AlphaEdge,ZONE A,PrimeParts,contact177@primeparts.com,2024-05-11,2025-10-08,2026-07-09,8.0,165,0.9091940109724588,3341159.0,6576109.937392707,,32,True
SPO-38743,Sports & Outdoors,NovaLine,Zone A,FastShip Pvt,contact779@fastshippvt.com,2024-07-27,2025-07-29,2026-07-08,66.0,101,0.6949316593461694,3422.0,10686.77392554359,191.0,476,True
HOM-12449,Home & Kitchen,TrueForm,Zone B,QuickStock,contact640@quickstock.com,2024-10-28,2025-07-14,2026-07-07,229.0,82,1.0798315671554208,193.0,610.2080115569169,26.0,29,True
TOY-49144,Toys,CorePeak,Zone D,DirectImport,contact341@directimport.com,2024-04-05,2026-02-14,2026-08-17,72.0,227,,7605.0,15460.058886310035,190.0,27,True
HOM-87512,Home & Kitchen,NovaLine,Zone D,FastShip Pvt,,2024-04-21,,2026-08-18,31.0,172,0.4248944498943501,6961.0,15097.31895034541,146.0,28,True
APP-99256,Apparel,AlphaEdge,Zone D,LocalSource,contact997@localsource.com,2024-11-09,2026-01-09,2026-09-17,19.0,201,0.5152782191424973,7042.0,18790.648718969704,158.0,11,False
HOM-62657,Home & Kitchen,AlphaEdge,Zone B,QuickStock,contact296@quickstock.com,2024-06-08,,2026-06-09,348.0,158,0.7051348862103186,3158316.0,4693431.214350605,157.0,10,False
APP-17596,Apparel,AlphaEdge,Zone D,LocalSource,contact408@localsource.com,2024-12-06,2025-07-20,2026-06-17,61.0,99,0.6987175351062332,2393.0,5247.06593766124,38.0,34,True
TOY-42147,Toys,TrueForm,Zone D,GlobalTrade Ltd,contact605@globaltradeltd.com,2024-09-10,2025-08-23,2026-07-12,351.0,47,0.5929547650657313,1487.0,3979.425237897147,65.0,43,True
SPO-97658,Sports & Outdoors,NovaLine,Zone A,DirectImport,contact239@directimport.com,2024-11-12,2025-04-25,2026-06-14,32.0,108,0.5395894105897877,3209478.0,10480565.717944086,35.0,33,True
ELE-49223,Electronics,SwiftBrand,Zone D,LocalSource,contact633@localsource.com,2024-05-03,2025-11-24,2026-09-01,425.0,85,0.7375966833122193,2849.0,7040.352540387164,75.0,16,True
HOM-80785,Home & Kitchen,TrueForm,Zone D,DirectImport,contact426@directimport.com,2024-04-18,2025-09-21,2026-07-23,137.0,293,0.7289010534213922,7389.0,9479.841069434022,112.0,7,True
BEA-39269,Beauty,NovaLine,Zone A,SupplyCo India,contact776@supplycoindia.com,2024-10-13,2025-11-13,2026-07-29,360.0,103,0.9752498090938491,7591.0,17715.842534801173,153.0,17,False
BEA-64722,Beauty,TrueForm,Zone A,SupplyCo India,contact364@supplycoindia.com,2024-09-15,,2026-09-18,-70.0,255,0.9513228946212683,6653.0,21084.3431160312,,11,True
APP-16759,Apparel,UrbanWave,ZONE B,LocalSource,contact432@localsource.com,2024-10-05,2025-12-05,2026-05-29,187.0,151,0.7000958749022755,871.0,1877.0070229963644,130.0,~3 weeks,True
SPO-82063,Sports & Outdoors,UrbanWave,Zone D,DirectImport,contact686@directimport.com,2024-11-23,2025-09-07,2026-06-08,-61.0,11,0.2062814075462751,2427.0,3487.8976568251524,141.0,22,True
HOM-61547,Home & Kitchen,CorePeak,Zone B,DirectImport,contact251@directimport.com,2024-10-27,2025-04-19,2026-07-16,284.0,243,0.9931800831550522,1718.0,4707.28643045784,141.0,41,True
TOY-83204,Toys,CorePeak,Zone B,PrimeParts,,2024-06-27,2025-12-21,2026-07-22,402.0,294,0.7447607715380932,6972.0,18151.425640692425,62.0,11,True
HOM-35444,Home & Kitchen,AlphaEdge,Zone C,PrimeParts,contact885@primeparts.com,2024-05-21,2025-05-03,2026-08-28,495.0,241,0.03747554276411291,5486.0,8119.123108682762,26.0,26,True
HOM-38725,Home & Kitchen,ZenCraft,Zone A,PrimeParts,contact343@primeparts.com,2024-11-27,2025-07-22,2026-07-23,256.0,98,0.9382132536292055,7622.0,11746.72539134881,62.0,23,True
APP-87917,Apparel,TrueForm,Zone B,QuickStock,contact255@quickstock.com,2024-06-16,2025-12-14,2026-09-19,5.0,84,0.597731380614797,1939149.0,6583664.735476656,186.0,778,True
HOM-35444,Home & Kitchen,AlphaEdge,Zone C,PrimeParts,contact885@primeparts.com,2024-05-21,2025-05-03,2026-08-28,495.0,241,0.03747554276411291,5486.0,8119.123108682762,26.0,26,True
HOM-47326,Home & Kitchen,NovaLine,Zone A,DirectImport,contact282@directimport.com,2024-11-19,2025-09-16,2026-07-31,403.0,135,0.8517022376256307,3348.0,7986.524264984859,15.0,11,True
BEA-75969,Beauty,GenericPlus,Zone B,QuickStock,contact884@quickstock.com,2024-07-18,,2026-09-14,103.0,57,0.1374038964475387,6099.0,19463.98288417961,138.0,43,True
ELE-48434,Electronics,AlphaEdge,Zone C,GlobalTrade Ltd,contact617@globaltradeltd.com,2024-06-28,2026-03-12,2026-07-09,241.0,269,0.935265428743329,2021.0,5464.895210421492,,732,True
AUT-38619,Automotive,NovaLine,Zone C,QuickStock,contact632@quickstock.com,2024-09-16,2026-02-03,2026-09-17,102.0,150,0.2759037099051528,2339.0,3609.400643180415,176.0,TBD,False
HOM-72891,Home & Kitchen,AlphaEdge,Zone A,FastShip Pvt,,2024-06-29,,2026-08-11,58.0,30,0.35561752584224915,861.0,2342.007382645852,22.0,28,True
BEA-86025,Beauty,NovaLine,ZONE A,DirectImport,contact377@directimport.com,2024-05-24,2025-04-17,2026-06-06,46.0,246,0.6934721751982095,7556.0,18123.18719576996,112.0,3,True
TOY-34204,Toys,GenericPlus,Zone D,PrimeParts,,2024-04-24,,2026-06-01,124.0,130,0.18477342135196362,2998.0,2736.2842551328035,49.0,22,True
STA-75776,Stationery,CorePeak,Zone B,PrimeParts,contact498@primeparts.com,2024-12-07,2025-09-14,2026-07-06,444.0,227,0.976352403040475,7213.0,13089.978635793039,85.0,11,True
ELE-50298,Electronics,CorePeak,Zone D,QuickStock,contact863@quickstock.com,2024-06-08,2025-07-13,2026-08-28,244.0,92,0.5184518264297943,247.0,499.0792424831663,166.0,20,True
BEA-35545,Beauty,SwiftBrand,zone b,LocalSource,contact975@localsource.com,2024-07-29,2025-09-30,2026-07-02,485.0,116,0.007834491115497944,1772.0,2268.8277072920355,151.0,38,True
ELE-15785,Electronics,GenericPlus,Zone C,DirectImport,contact927@directimport.com,2024-08-13,2025-12-21,2026-09-21,428.0,122,0.45462065453680633,3535.0,11683.621029249549,103.0,TBD,True
TOY-66553,Toys,NovaLine,zone a,FastShip Pvt,contact993@fastshippvt.com,2024-11-28,2025-09-11,2026-09-05,403.0,92,0.16058727706573983,2698.0,4132.592627521843,,10,True
BEA-35412,Beauty,UrbanWave,Zone A,FastShip Pvt,contact431@fastshippvt.com,2024-08-17,2025-06-02,2026-06-28,274.0,197,0.1143530840236,3903.0,12527.636301962932,21.0,13,True
APP-81375,Apparel,UrbanWave,zone d,FastShip Pvt,,2024-04-13,2025-06-13,2026-06-05,-75.0,203,0.8266763764943219,4423.0,5359.391049270381,62.0,858,True
SPO-70629,Sports & Outdoors,UrbanWave,zone c,DirectImport,contact963@directimport.com,2024-07-20,2025-10-26,2026-06-27,288.0,147,0.21920579729663037,664.0,2025.2842341881365,25.0,39,True
ELE-90531,Electronics,CorePeak,Zone B,PrimeParts,contact114@primeparts.com,2024-11-21,2025-12-09,2026-08-27,114.0,160,0.19762365763781475,1149.0,2191.651132814646,174.0,38,True
TOY-71590,Toys,GenericPlus,Zone B,LocalSource,contact397@localsource.com,2024-07-12,2025-10-27,2026-07-20,298.0,215,0.5514972832231421,5012.0,15880.820243281161,140.0,34,True
HOM-70723,Home & Kitchen,ZenCraft,ZONE D,GlobalTrade Ltd,contact422@globaltradeltd.com,2024-06-06,2025-11-12,2026-07-01,110.0,171,0.33362521217377683,4576.0,10624.306955888998,0.564221405517152,~3 weeks,True
HOM-50416,Home & Kitchen,UrbanWave,Zone B,SupplyCo India,contact198@supplycoindia.com,2024-07-10,2025-11-20,2026-07-29,23.0,106,0.6899487165825637,2019070.0,4737481.685286727,86.0,6,True
HOM-48639,Home & Kitchen,TrueForm,Zone A,SupplyCo India,contact209@supplycoindia.com,2024-06-12,2025-07-06,2026-07-29,81.0,35,0.35622283806125776,826.0,473.0909617013442,126.0,on demand,True
STA-35291,Stationery,ZenCraft,Zone D,GlobalTrade Ltd,contact909@globaltradeltd.com,2024-10-21,,2026-07-01,-10.0,186,0.9300362077978753,1528.0,4891.229103610076,,35,True
HOM-58673,Home & Kitchen,ZenCraft,zone b,SupplyCo India,,2024-12-06,2025-05-05,2026-07-14,447.0,145,0.12427379140200101,495.0,1288.197442419589,124.0,16,True
AUT-20773,Automotive,ZenCraft,ZONE A,LocalSource,,2024-12-04,2025-09-18,2026-08-16,454.0,109,0.4951127432884277,2867.0,5630.835581430809,43.0,31,True
APP-45829,Apparel,ZenCraft,ZONE A,FastShip Pvt,,2024-08-02,2025-07-07,2026-08-16,428.0,137,0.7582623333736346,1936.0,2374.5576443673126,43.0,34,True
SPO-96323,Sports & Outdoors,NovaLine,Zone B,GlobalTrade Ltd,,2024-07-03,2025-04-19,2026-07-05,81.0,251,0.23837596035507447,4478.0,6615.971634950853,110.0,26,True
ELE-36167,Electronics,NovaLine,Zone D,QuickStock,contact211@quickstock.com,2024-07-25,2026-01-12,2026-09-08,293.0,209,,1043.0,3347.0025372044115,122.0,5,False
SPO-46826,Sports & Outdoors,SwiftBrand,Zone B,FastShip Pvt,contact772@fastshippvt.com,2024-04-08,2026-01-29,2026-07-18,247.0,164,0.08373157870839787,4319.0,11386.852414749797,,36,True
BEA-56177,Beauty,TrueForm,Zone D,FastShip Pvt,contact432@fastshippvt.com,2024-07-19,2025-10-08,2026-05-31,191.0,285,0.289624765848958,6733.0,12659.740283753383,17.0,729,False
HOM-20605,Home & Kitchen,NovaLine,Zone B,PrimeParts,,2024-04-15,2025-05-03,2026-08-02,194.0,157,0.8276322514589382,5568.0,14266.916346383641,42.0,3,False
HOM-25423,Home & Kitchen,SwiftBrand,Zone D,GlobalTrade Ltd,,2024-11-25,2025-08-11,2026-06-27,79.0,210,0.7972110717877373,6002.0,9300.5702001407,176.0,21,True
BEA-79491,Beauty,ZenCraft,Zone D,PrimeParts,,2024-12-09,2025-08-23,2026-06-26,408.0,278,0.9497330717524731,7811.0,20200.410243555318,171.0,36,False
APP-17893,Apparel,SwiftBrand,Zone D,LocalSource,contact149@localsource.com,2024-10-25,2025-12-05,2026-07-01,5.0,129,0.024442513272142863,2842.0,2044.318913917838,112.0,9,True
BEA-39221,Beauty,AlphaEdge,Zone D,SupplyCo India,contact241@supplycoindia.com,2024-08-01,2025-09-26,2026-07-30,316.0,234,0.07999669320302749,6939.0,9668.47160800643,86.0,27,True
TOY-80037,Toys,ZenCraft,zone a,LocalSource,contact846@localsource.com,2024-12-10,2025-04-10,2026-07-06,253.0,133,2.4996035949217696,679.0,1119.6906290119837,,7,True
ELE-50321,Electronics,NovaLine,Zone A,LocalSource,contact762@localsource.com,2024-09-03,2025-08-11,2026-08-31,98.0,149,0.3574491369467534,4526.0,10202.18094939782,185.0,23,True
TOY-54909,Toys,UrbanWave,Zone A,LocalSource,contact663@localsource.com,2024-04-12,2025-12-23,2026-07-10,315.0,281,0.2250877764911141,4219.0,5515.3252903620505,53.0,~1 month,False
SPO-66464,Sports & Outdoors,AlphaEdge,Zone B,QuickStock,,2024-07-31,2026-02-02,2026-05-31,398.0,76,0.7910877130935837,6084.0,13946.7902911674,133.0,19,True
TOY-13688,Toys,SwiftBrand,Zone B,DirectImport,contact363@directimport.com,2024-11-02,2025-09-02,2026-07-25,243.0,42,0.2112306309043127,1532.0,4485.88399326788,,~3 weeks,True
APP-89295,Apparel,SwiftBrand,Zone D,LocalSource,contact736@localsource.com,2024-09-10,2025-08-07,2026-07-14,475.0,151,0.609114875771694,1533.0,2177.906063664949,80.0,31,True
SPO-92454,Sports & Outdoors,UrbanWave,ZONE B,SupplyCo India,contact797@supplycoindia.com,2024-12-04,2025-11-05,2026-09-12,51.0,253,1.3663901614897311,191.0,246.53815317354645,13.0,8,True
AUT-88113,Automotive,NovaLine,Zone B,DirectImport,contact887@directimport.com,2024-08-01,2025-08-10,2026-07-09,47.0,195,0.31959216081200836,6104.0,11221.098523682398,,38,True
APP-79399,Apparel,SwiftBrand,ZONE D,PrimeParts,contact480@primeparts.com,2024-11-23,2026-02-19,2026-06-17,210.0,94,0.25248774094043447,0.0,0.0,102.0,3,True
AUT-76352,Automotive,AlphaEdge,ZONE C,DirectImport,contact702@directimport.com,2024-07-24,,2026-07-11,417.0,159,0.8077916922902381,3332.0,9186.592514823056,147.0,37,True
TOY-51841,Toys,NovaLine,Zone A,PrimeParts,contact711@primeparts.com,2024-09-15,2025-10-29,2026-07-29,240.0,8,0.6943890061301793,5265.0,11178.855591471789,143.0,3,True
APP-73751,Apparel,AlphaEdge,Zone D,DirectImport,contact178@directimport.com,2024-07-08,2025-10-20,2026-07-28,78.0,26,0.21042338596947718,3639.0,11596.616320560233,0.6164612925638807,30,True
HOM-40525,Home & Kitchen,AlphaEdge,Zone A,GlobalTrade Ltd,,2024-05-11,2025-07-13,2026-06-06,267.0,68,0.8906957599782653,2573.0,4448.799119700229,0.8884293016141606,40,True
APP-11126,Apparel,CorePeak,Zone C,SupplyCo India,,2024-07-22,2025-11-24,2026-08-14,81.0,179,0.7402029713162407,3978.0,8108.546579015158,128.0,16,True
APP-50601,Apparel,NovaLine,zone d,SupplyCo India,contact334@supplycoindia.com,2024-10-28,,2026-07-09,281.0,181,1.871490451616485,3217.0,8758.359823017921,81.0,40,True
APP-16721,Apparel,NovaLine,Zone C,LocalSource,contact548@localsource.com,2024-10-13,,2026-07-02,278.0,7,0.06513549171535638,2192738.0,4232671.48597514,84.0,17,True
BEA-12118,Beauty,NovaLine,Zone D,PrimeParts,,2024-06-23,2026-02-21,2026-08-19,2.0,142,0.5386679549870276,6971.0,12401.859117325517,127.0,41,True
APP-74161,Apparel,SwiftBrand,Zone A,FastShip Pvt,contact551@fastshippvt.com,2024-10-23,2025-11-12,2026-05-29,3.0,65,0.12454370784040714,5897.0,12192.998231302085,,6,False
TOY-89259,Toys,NovaLine,ZONE A,GlobalTrade Ltd,contact420@globaltradeltd.com,2024-12-02,2025-04-26,2026-06-28,481.0,190,0.094635463243538,2072.0,6611.777359184891,153.0,30,True
TOY-71202,Toys,GenericPlus,Zone A,PrimeParts,contact784@primeparts.com,2024-04-06,2025-04-18,2026-07-03,248.0,83,0.8802262740304612,227.0,729.0917031487273,73.0,7,True
TOY-20632,Toys,GenericPlus,Zone A,QuickStock,contact732@quickstock.com,2024-11-18,2026-03-15,2026-07-21,309.0,87,0.18444849112835704,1058.0,2753.46579944406,138.0,495,True
BEA-52073,Beauty,NovaLine,Zone B,LocalSource,,2024-06-21,2025-06-08,2026-06-04,434.0,12,0.3757794735122638,5279.0,10990.84808705074,156.0,39,True
TOY-37601,Toys,TrueForm,Zone B,DirectImport,contact788@directimport.com,2024-07-13,2025-11-13,2026-09-10,175.0,57,0.38372430725161477,2868.0,7656.024236180125,57.0,15,True
TOY-46659,Toys,ZenCraft,ZONE B,GlobalTrade Ltd,contact963@globaltradeltd.com,2024-07-10,2025-07-25,2026-05-30,60.0,123,0.4323363289398736,5257.0,16671.762986121554,73.0,14,True
AUT-13441,Automotive,AlphaEdge,Zone A,GlobalTrade Ltd,contact746@globaltradeltd.com,2024-09-06,2025-06-03,2026-08-26,-44.0,166,0.8631445799443418,1409.0,2359.3348369886553,126.0,4,True
AUT-29773,Automotive,SwiftBrand,Zone A,DirectImport,contact355@directimport.com,2024-07-01,2026-01-09,2026-06-09,401.0,109,0.04027421762571637,6262.0,20888.11449281144,170.0,31,True
ELE-55384,Electronics,AlphaEdge,Zone B,QuickStock,contact972@quickstock.com,2024-04-08,2025-11-03,2026-08-07,403.0,193,0.05481580838942146,1615.0,3858.525554513339,172.0,33,True
SPO-92454,Sports & Outdoors,UrbanWave,ZONE B,SupplyCo India,contact797@supplycoindia.com,2024-12-04,2025-11-05,2026-09-12,51.0,253,1.3663901614897311,191.0,246.53815317354645,13.0,8,True
TOY-97592,Toys,SwiftBrand,Zone B,DirectImport,contact670@directimport.com,2024-04-30,2025-11-25,2026-05-26,104.0,51,0.35441643452730587,5677.0,4288.197337873729,127.0,41,True
HOM-26217,Home & Kitchen,ZenCraft,Zone C,FastShip Pvt,,2024-09-22,2025-08-14,2026-07-30,467.0,155,0.5666659059033645,3782.0,9201.153248569364,80.0,19,True
AUT-92094,Automotive,ZenCraft,Zone D,DirectImport,contact792@directimport.com,2024-12-03,2026-01-01,2026-06-24,70.0,56,0.6737209377921795,3409288.0,4845551.692948702,150.0,12,True
AUT-29830,Automotive,AlphaEdge,ZONE C,FastShip Pvt,contact517@fastshippvt.com,2024-04-30,2025-04-30,2026-08-01,354.0,121,0.7033990732955457,4983.0,7286.566384759798,61.0,16,True
STA-23988,Stationery,AlphaEdge,ZONE C,FastShip Pvt,contact173@fastshippvt.com,2024-08-28,2025-06-11,2026-06-08,142.0,44,0.5617377649838406,5350.0,11460.835930252677,190.0,38,True
BEA-24373,Beauty,UrbanWave,ZONE A,DirectImport,contact664@directimport.com,2024-09-24,2025-07-21,2026-09-17,331.0,284,0.2492200793188124,6073.0,19561.187080491676,65.0,42,True
ELE-19190,Electronics,GenericPlus,Zone A,FastShip Pvt,,2024-08-13,2025-05-20,2026-06-04,101.0,155,0.2117622132750775,2846.0,5796.255514120326,178.0,38,True
SPO-71870,Sports & Outdoors,ZenCraft,ZONE C,PrimeParts,contact330@primeparts.com,2024-07-01,2025-11-14,2026-08-03,248.0,178,0.684165334003433,3483.0,8658.034850835407,71.0,9,True
HOM-23696,Home & Kitchen,ZenCraft,Zone D,PrimeParts,contact519@primeparts.com,2024-10-06,2025-09-02,2026-07-24,75.0,1,0.7600633753482954,6740.0,11695.126774152564,51.0,11,True
ELE-29272,Electronics,AlphaEdge,Zone B,PrimeParts,contact450@primeparts.com,2024-08-05,2025-05-31,2026-07-11,88.0,78,0.13374962692805037,6788.0,3904.9643046410297,123.0,21,True
APP-56358,Apparel,TrueForm,Zone D,DirectImport,contact997@directimport.com,2024-09-28,2025-03-29,2026-08-16,311.0,163,0.022568547608532774,610.0,962.3024491257632,199.0,32,True
BEA-26697,Beauty,ZenCraft,zone d,DirectImport,,2024-11-17,2025-05-28,2026-08-03,121.0,246,0.9363203045559217,3381.0,9801.546532214667,45.0,20,False
AUT-35259,Automotive,UrbanWave,zone b,DirectImport,contact313@directimport.com,2024-07-29,,2026-07-18,108.0,233,0.014471620831488452,7441.0,20075.511340691155,185.0,37,True
SPO-38272,Sports & Outdoors,NovaLine,zone b,SupplyCo India,contact511@supplycoindia.com,2024-08-23,2026-02-27,2026-06-25,465.0,54,0.006163082797770669,3444708.0,6268829.194712177,127.0,6,True
STA-18924,Stationery,SwiftBrand,Zone C,DirectImport,contact927@directimport.com,2024-06-16,2025-05-23,2026-07-25,395.0,6,0.16715598500940398,7781.0,25560.429796091077,166.0,40,True
BEA-74286,Beauty,ZenCraft,zone d,FastShip Pvt,contact912@fastshippvt.com,2024-09-29,2025-06-29,2026-09-04,396.0,58,0.7276210115264218,7959.0,15098.516819250897,198.0,14,False
AUT-21652,Automotive,ZenCraft,Zone C,QuickStock,contact626@quickstock.com,2024-05-12,2026-02-11,2026-09-07,37.0,184,0.775878742909255,379.0,448.62038229393045,56.0,40,True
HOM-93956,Home & Kitchen,CorePeak,zone d,FastShip Pvt,contact953@fastshippvt.com,2024-05-20,2025-08-28,2026-08-01,474.0,157,0.13560131451784196,4907.0,8182.183599253381,95.0,26,True
BEA-50221,Beauty,SwiftBrand,zone b,QuickStock,,2024-06-16,2025-08-05,2026-08-15,124.0,236,0.47479367570070774,5628.0,9679.534707978604,124.0,6,True
ELE-45110,Electronics,TrueForm,Zone C,DirectImport,contact912@directimport.com,2024-07-23,2026-01-09,2026-06-06,144.0,205,1.691697420267118,852.0,1205.3066870399787,,19,True
AUT-97465,Automotive,CorePeak,Zone D,LocalSource,contact335@localsource.com,2024-11-01,,2026-08-01,404.0,70,0.48397127934772066,5345.0,15781.005556978871,111.0,38,True
SPO-19240,Sports & Outdoors,ZenCraft,Zone C,GlobalTrade Ltd,contact574@globaltradeltd.com,2024-10-09,2025-12-12,2026-08-07,105.0,163,0.7808893775027619,7078.0,19816.050299478295,107.0,22,True
APP-14598,Apparel,SwiftBrand,Zone B,SupplyCo India,,2024-11-07,2025-10-04,2026-09-15,5.0,21,0.770432572811325,1365.0,2791.386522842997,,13,True
APP-20382,Apparel,NovaLine,Zone B,DirectImport,contact325@directimport.com,2024-07-29,2025-12-21,2026-07-05,380.0,31,0.841872856433056,3489.0,10171.86966668602,131.0,41,True
ELE-61000,Electronics,NovaLine,zone d,FastShip Pvt,contact276@fastshippvt.com,2024-08-17,,2026-07-26,207.0,140,0.4814378053499262,2330.0,3510.5587833655827,169.0,22,True
SPO-62988,Sports & Outdoors,AlphaEdge,Zone D,FastShip Pvt,contact515@fastshippvt.com,2024-07-28,2025-11-08,2026-06-11,93.0,158,0.8078992376814842,6669.0,11075.134350241522,67.0,20,True
BEA-41139,Beauty,ZenCraft,Zone A,FastShip Pvt,,2024-10-18,2025-10-14,2026-08-18,321.0,88,0.8006091837107676,184.0,265.4670584731949,142.0,~1 month,True
APP-75268,Apparel,AlphaEdge,Zone B,FastShip Pvt,contact111@fastshippvt.com,2024-10-21,2025-12-09,2026-07-25,326.0,38,0.8658314681255022,6258.0,18668.299396499144,173.0,37,True
AUT-82482,Automotive,GenericPlus,Zone C,SupplyCo India,contact945@supplycoindia.com,2024-09-17,2025-07-15,2026-05-28,398.0,260,1.1885761220402256,7783.0,14098.134536884934,59.0,4,True
ELE-28757,Electronics,GenericPlus,Zone D,LocalSource,contact894@localsource.com,2024-07-12,2025-09-27,2026-05-27,174.0,148,0.8950639305834078,673.0,1530.910245781917,115.0,19,True
BEA-65281,Beauty,GenericPlus,Zone C,PrimeParts,contact848@primeparts.com,2024-10-11,2025-10-20,2026-06-27,83.0,30,0.8484285217496328,7419.0,12405.397332732833,56.0,23,False
TOY-67422,Toys,AlphaEdge,zone d,FastShip Pvt,,2024-04-14,2025-07-24,2026-08-24,372.0,90,0.06397931749066654,6981.0,17682.86282444893,186.0,9,True
APP-43045,Apparel,SwiftBrand,zone c,GlobalTrade Ltd,,2024-08-21,2025-08-15,2026-08-03,485.0,147,0.7474463675553538,5534.0,17422.019004751117,0.5986643789884869,15,True
TOY-13064,Toys,SwiftBrand,Zone B,DirectImport,contact968@directimport.com,2024-09-19,2025-04-17,2026-06-06,326.0,230,0.8437813865039979,3249.0,7001.568223283724,138.0,7,False
AUT-74811,Automotive,AlphaEdge,zone b,QuickStock,contact921@quickstock.com,2024-07-26,2025-04-14,2026-07-19,283.0,253,0.05856626995551584,7053.0,23442.559611641034,117.0,express,True
STA-87997,Stationery,GenericPlus,Zone D,GlobalTrade Ltd,,2024-10-08,,2026-08-10,-26.0,202,0.48145786711240346,2934.0,1998.5885333426863,49.0,36,True
APP-15939,Apparel,NovaLine,Zone D,SupplyCo India,contact278@supplycoindia.com,2024-04-17,2025-07-07,2026-06-17,111.0,113,,7319.0,11721.340617732214,136.0,4,True
APP-78725,Apparel,ZenCraft,Zone B,PrimeParts,contact617@primeparts.com,2024-12-09,2025-10-16,2026-08-25,278.0,240,0.4138885960104196,4944.0,12657.172509846081,0.309549387834394,7,True
TOY-15539,Toys,GenericPlus,Zone C,SupplyCo India,contact327@supplycoindia.com,2024-06-04,2025-10-08,2026-06-04,402.0,20,0.4671696715778899,5456.0,6553.516122910813,0.6570417384610179,216,True
AUT-17083,Automotive,ZenCraft,Zone A,PrimeParts,contact702@primeparts.com,2024-09-19,2025-04-28,2026-06-28,-31.0,43,2.2778553589005646,0.0,0.0,177.0,14,False
SPO-18878,Sports & Outdoors,ZenCraft,zone b,LocalSource,contact423@localsource.com,2024-12-08,2025-08-25,2026-08-03,33.0,144,0.6585159458925909,5667.0,11752.309638473016,152.0,39,True
BEA-73045,Beauty,SwiftBrand,ZONE A,PrimeParts,contact245@primeparts.com,2024-08-01,2026-01-15,2026-07-21,393.0,142,0.6056865427265961,430.0,871.5974761969094,153.0,on demand,True
APP-31455,Apparel,ZenCraft,Zone A,DirectImport,,2024-04-07,2026-01-15,2026-08-31,215.0,241,0.8970962738758538,2242.0,2988.938628992555,43.0,42,True
ELE-69561,Electronics,UrbanWave,Zone D,QuickStock,contact440@quickstock.com,2024-10-20,2026-02-25,2026-07-02,72.0,299,0.9797535508858582,7278.0,23462.77530403201,,9,True
SPO-89253,Sports & Outdoors,ZenCraft,Zone C,DirectImport,contact216@directimport.com,2024-10-01,2025-07-26,2026-06-11,22.0,150,0.5949868048538296,2262.0,3713.339650176952,57.0,35,True
APP-27561,Apparel,CorePeak,Zone B,PrimeParts,,2024-07-13,2025-05-08,2026-05-28,402.0,88,0.6697504749867421,7279.0,13526.565211424744,140.0,19,False
AUT-17854,Automotive,AlphaEdge,Zone B,LocalSource,contact230@localsource.com,2024-06-10,2026-01-26,2026-08-14,10.0,98,0.3670274552395344,2290.0,7323.068136224707,143.0,15,True
ELE-40648,Electronics,ZenCraft,zone b,LocalSource,contact442@localsource.com,2024-05-04,,2026-07-23,17.0,230,0.7435865447160691,5373.0,7825.559473625566,112.0,14,True
AUT-98039,Automotive,CorePeak,Zone C,GlobalTrade Ltd,contact339@globaltradeltd.com,2024-04-09,2025-09-25,2026-07-03,242.0,292,0.3363810144189292,694.0,2357.599668782129,197.0,38,True
APP-91622,Apparel,AlphaEdge,Zone A,QuickStock,contact951@quickstock.com,2024-04-08,2025-06-25,2026-08-17,183.0,91,0.8073920527250406,5540.0,15232.694834385307,,32,False
ELE-13638,Electronics,ZenCraft,Zone B,GlobalTrade Ltd,contact759@globaltradeltd.com,2024-07-02,2025-08-01,2026-08-19,279.0,220,,2201.0,6264.067104160386,0.4269960929776464,34,True
TOY-39634,Toys,AlphaEdge,Zone D,LocalSource,contact103@localsource.com,2024-04-30,2025-09-11,2026-06-01,483.0,272,0.133743628850148,4535.0,13432.869159199005,72.0,23,True
HOM-36864,Home & Kitchen,UrbanWave,Zone A,FastShip Pvt,contact469@fastshippvt.com,2024-06-02,2025-06-29,2026-08-09,468.0,2,0.845451944013187,1906.0,4334.126541848733,,850,True
SPO-41009,Sports & Outdoors,ZenCraft,zone c,PrimeParts,contact965@primeparts.com,2024-09-29,2025-07-15,2026-08-02,361.0,14,0.6618754618586108,0.0,0.0,152.0,33,True
HOM-22257,Home & Kitchen,SwiftBrand,Zone A,DirectImport,,2024-11-18,2026-03-02,2026-06-13,14.0,107,0.6002536370916056,1796.0,5490.445584342077,,29,True
ELE-55585,Electronics,ZenCraft,Zone C,PrimeParts,contact408@primeparts.com,2024-10-25,2025-06-26,2026-08-04,120.0,63,0.7904879351135132,942.0,1794.1784135381022,156.0,40,True
TOY-13579,Toys,ZenCraft,Zone B,GlobalTrade Ltd,contact292@globaltradeltd.com,2024-08-14,2025-09-13,2026-09-03,300.0,63,0.060013512427527504,934762.0,3034686.144536899,48.0,5,False
ELE-48697,Electronics,UrbanWave,Zone C,QuickStock,contact432@quickstock.com,2024-04-28,2025-07-14,2026-09-05,153.0,270,0.8613350129138,6106.0,18094.385764595103,160.0,38,True
ELE-70541,Electronics,SwiftBrand,Zone D,QuickStock,,2024-06-26,2026-02-05,2026-08-21,123.0,122,2.588912644685148,7040.0,23391.112868211465,137.0,4,True
APP-52180,Apparel,AlphaEdge,Zone A,QuickStock,,2024-08-09,2026-03-13,2026-07-07,15.0,183,0.9496905498145121,1218.0,3754.5260201835904,157.0,27,True
HOM-15185,Home & Kitchen,SwiftBrand,Zone C,LocalSource,contact375@localsource.com,2024-09-09,2026-01-20,2026-07-13,331.0,273,0.9927157885294865,3940.0,7680.834892033206,190.0,39,True
APP-82240,Apparel,CorePeak,Zone D,DirectImport,contact365@directimport.com,2024-07-06,2025-04-02,2026-08-13,-23.0,81,0.3212893955524486,6684.0,8076.226603832485,190.0,21,True
STA-46243,Stationery,GenericPlus,Zone A,QuickStock,contact753@quickstock.com,2024-10-24,2026-01-20,2026-06-04,135.0,158,0.863512862903254,4554.0,12510.196979205994,,14,True
HOM-55978,Home & Kitchen,CorePeak,ZONE A,FastShip Pvt,contact643@fastshippvt.com,2024-06-06,2025-09-24,2026-06-12,192.0,89,0.06013975260335869,4170.0,8805.710560251697,28.0,5,False
BEA-78163,Beauty,AlphaEdge,Zone D,LocalSource,contact118@localsource.com,2024-04-09,2025-09-18,2026-07-01,218.0,219,0.8801492548801705,612.0,1738.4868571702448,100.0,TBD,True
AUT-85026,Automotive,ZenCraft,ZONE A,PrimeParts,contact409@primeparts.com,2024-04-29,2025-10-01,2026-07-02,447.0,148,0.522575365993751,3764.0,6063.005790660982,176.0,39,True
APP-14264,Apparel,GenericPlus,Zone B,SupplyCo India,contact715@supplycoindia.com,2024-11-21,2025-08-01,2026-09-18,235.0,160,0.69158652968138,3193.0,5598.338817780805,,21,True
STA-84577,Stationery,CorePeak,Zone D,DirectImport,contact657@directimport.com,2024-11-07,2025-10-01,2026-08-10,153.0,40,0.21066320006641936,7634.0,25143.330122860094,44.0,11,True
HOM-70992,Home & Kitchen,NovaLine,Zone B,SupplyCo India,contact197@supplycoindia.com,2024-10-15,2025-09-19,2026-06-15,347.0,37,0.29542411648043276,6824.0,12565.907409826195,0.297689785287979,17,True
ELE-77123,Electronics,AlphaEdge,Zone A,DirectImport,contact860@directimport.com,2024-06-03,2025-11-05,2026-08-20,277.0,42,0.5023238042570011,467.0,1242.1914231937092,,40,True
SPO-65293,Sports & Outdoors,TrueForm,ZONE D,PrimeParts,contact675@primeparts.com,2024-09-11,2025-12-01,2026-06-14,119.0,284,0.014888112970899314,2579.0,4203.135861833089,38.0,26,True
ELE-23285,Electronics,AlphaEdge,Zone D,PrimeParts,contact981@primeparts.com,2024-08-30,2025-07-09,2026-08-20,-26.0,40,2.771563588678657,2900.0,5753.652561932051,100.0,12,False
APP-29203,Apparel,SwiftBrand,Zone D,SupplyCo India,contact678@supplycoindia.com,2024-06-23,2025-12-02,2026-05-31,269.0,5,0.10494697844896084,405.0,922.3928975379647,28.0,32,False
STA-91118,Stationery,CorePeak,Zone A,FastShip Pvt,,2024-05-14,2025-12-16,2026-06-01,467.0,278,0.8913287202127754,6082.0,14981.701707476279,37.0,28,True
TOY-25005,Toys,GenericPlus,ZONE A,FastShip Pvt,contact913@fastshippvt.com,2024-05-18,2025-05-23,2026-09-20,214.0,160,0.844157533790402,1236.0,2556.871185536737,185.0,25,True
ELE-26377,Electronics,UrbanWave,Zone D,FastShip Pvt,contact202@fastshippvt.com,2024-08-03,2025-12-15,2026-08-27,399.0,77,0.15021009660460027,533.0,1780.3742567084619,59.0,31,True
BEA-71751,Beauty,ZenCraft,zone b,SupplyCo India,,2024-08-07,2025-08-29,2026-06-11,217.0,287,0.369137236297975,6198.0,13132.895579714794,,9,True
BEA-13058,Beauty,AlphaEdge,zone a,GlobalTrade Ltd,contact997@globaltradeltd.com,2024-04-05,2025-12-24,2026-09-20,302.0,9,0.25458865275394305,2820.0,6754.593101219139,192.0,18,True
ELE-31938,Electronics,ZenCraft,zone b,SupplyCo India,contact280@supplycoindia.com,2024-04-18,,2026-06-15,152.0,176,0.8123506405765499,947.0,1162.3389923919738,81.0,19,True
TOY-99649,Toys,UrbanWave,Zone C,PrimeParts,contact326@primeparts.com,2024-06-17,2025-11-12,2026-07-18,385.0,145,0.3537535856352,6509.0,4290.539994858015,48.0,4,True
APP-44143,Apparel,UrbanWave,Zone B,LocalSource,contact694@localsource.com,2024-10-21,2026-02-26,2026-07-06,334.0,16,0.8369885216466916,1367.0,2018.9965940144878,157.0,36,True
APP-92654,Apparel,GenericPlus,Zone B,LocalSource,contact197@localsource.com,2024-10-06,2025-07-12,2026-07-03,408.0,19,0.5057060503423952,6390.0,18199.58095479866,,3,True
ELE-63754,Electronics,SwiftBrand,Zone B,GlobalTrade Ltd,contact334@globaltradeltd.com,2024-04-16,2025-10-24,2026-08-25,87.0,81,0.7972699866808073,3593699.0,7509362.02782489,,33,True
SPO-44935,Sports & Outdoors,NovaLine,Zone C,LocalSource,contact111@localsource.com,2024-09-14,2025-09-30,2026-06-07,368.0,232,0.7396132830503807,3401.0,8896.269259048951,35.0,28,True
TOY-36114,Toys,ZenCraft,Zone D,QuickStock,contact319@quickstock.com,2024-07-28,2025-04-03,2026-07-20,176.0,92,0.2890276428925578,3152.0,4183.373047254491,185.0,25,True
HOM-25786,Home & Kitchen,AlphaEdge,Zone D,SupplyCo India,contact684@supplycoindia.com,2024-10-14,,2026-08-06,398.0,243,0.7930181847624254,1202.0,3944.420673312873,153.0,28,True
HOM-25062,Home & Kitchen,ZenCraft,zone d,FastShip Pvt,contact742@fastshippvt.com,2024-08-08,,2026-06-23,149.0,219,0.20544604991747395,0.0,0.0,,42,True
BEA-53557,Beauty,AlphaEdge,ZONE C,PrimeParts,contact741@primeparts.com,2024-05-28,2025-06-07,2026-07-16,127.0,46,,6874.0,8456.98571562107,129.0,29,True
SPO-65993,Sports & Outdoors,AlphaEdge,ZONE D,SupplyCo India,contact155@supplycoindia.com,2024-09-07,2026-02-21,2026-06-12,-14.0,58,0.19703059809010304,6914.0,15576.333636464979,154.0,4-6 weeks,True
BEA-40967,Beauty,TrueForm,Zone D,DirectImport,contact280@directimport.com,2024-08-02,2025-04-01,2026-08-09,53.0,163,0.8407344761996121,3935.0,7679.675869252533,11.0,36,True
HOM-25180,Home & Kitchen,ZenCraft,ZONE D,GlobalTrade Ltd,contact195@globaltradeltd.com,2024-04-08,2025-06-19,2026-06-16,481.0,62,0.31317385741125847,579.0,1093.4128608485541,0.2648849896908068,42,True
SPO-98270,Sports & Outdoors,AlphaEdge,Zone B,SupplyCo India,contact263@supplycoindia.com,2024-05-02,,2026-07-28,435.0,184,0.10657305022314845,3817.0,12190.850749798781,,3,True
HOM-62023,Home & Kitchen,GenericPlus,ZONE A,GlobalTrade Ltd,contact595@globaltradeltd.com,2024-10-02,2025-05-13,2026-08-23,371.0,205,0.8086993158637769,5032.0,8330.544786188464,187.0,16,True
APP-31948,Apparel,TrueForm,Zone B,FastShip Pvt,contact807@fastshippvt.com,2024-06-28,2025-07-07,2026-08-15,411.0,39,0.21522258439412267,279.0,789.9859648434884,137.0,41,True
APP-12067,Apparel,CorePeak,Zone B,DirectImport,contact724@directimport.com,2024-04-21,2025-10-14,2026-07-03,488.0,233,0.2430359284481104,5753.0,14848.369557292837,,27,False
HOM-65633,Home & Kitchen,NovaLine,Zone D,SupplyCo India,contact632@supplycoindia.com,2024-09-20,2025-04-26,2026-07-13,-54.0,201,0.3512882235388506,1957679.0,6625877.743768063,158.0,23,True
APP-67899,Apparel,NovaLine,Zone C,DirectImport,contact203@directimport.com,2024-10-09,2025-03-31,2026-08-23,372.0,121,0.11523987314303952,4676.0,13002.308487590557,27.0,30,True
SPO-20125,Sports & Outdoors,GenericPlus,Zone D,LocalSource,,2024-05-26,2025-04-04,2026-08-22,102.0,142,0.01227032223666391,7537.0,20096.740969009807,0.4171336373387178,35,True
BEA-35517,Beauty,CorePeak,Zone B,SupplyCo India,contact849@supplycoindia.com,2024-12-08,2025-04-02,2026-08-05,13.0,94,0.9847888540882899,7217.0,12732.043295782461,0.15029350652567866,8,True
BEA-81918,Beauty,CorePeak,zone d,SupplyCo India,contact227@supplycoindia.com,2024-12-05,2025-11-17,2026-06-05,463.0,125,0.6785822520086902,4666.0,8486.916672234322,122.0,9,True
STA-30974,Stationery,AlphaEdge,ZONE D,LocalSource,contact829@localsource.com,2024-06-01,2025-05-19,2026-07-02,194.0,59,0.4459867977984969,4011.0,11552.908600077757,26.0,27,True
BEA-12729,Beauty,SwiftBrand,Zone B,GlobalTrade Ltd,contact673@globaltradeltd.com,2024-06-18,2025-04-28,2026-06-06,187.0,54,0.31886774446624544,4383.0,9946.438059196425,105.0,express,True
APP-58139,Apparel,ZenCraft,Zone B,FastShip Pvt,contact779@fastshippvt.com,2024-09-08,2026-02-26,2026-07-28,20.0,106,0.5720188084922118,4073.0,13693.570639935771,,44,True
SPO-21565,Sports & Outdoors,ZenCraft,Zone B,QuickStock,contact996@quickstock.com,2024-05-07,2025-07-07,2026-05-26,216.0,71,0.5391628961365282,0.0,0.0,134.0,13,True
BEA-63173,Beauty,SwiftBrand,Zone C,PrimeParts,contact599@primeparts.com,2024-08-03,2026-01-12,2026-05-30,-34.0,296,,824.0,453.4308955305514,,26,True
HOM-60940,Home & Kitchen,TrueForm,Zone B,QuickStock,contact634@quickstock.com,2024-04-10,2025-11-17,2026-08-27,220.0,118,0.1458572552998404,966.0,2933.987608094392,0.4694083195095726,228,True
HOM-65042,Home & Kitchen,CorePeak,Zone C,PrimeParts,contact884@primeparts.com,2024-06-16,2025-12-24,2026-08-09,139.0,95,0.02468810109787034,7996.0,24707.079273282478,20.0,on demand,True
TOY-81722,Toys,AlphaEdge,zone d,LocalSource,contact777@localsource.com,2024-05-13,2025-08-19,2026-08-11,-66.0,132,0.9119428255920409,7973.0,25238.236251511586,58.0,3,True
AUT-79627,Automotive,NovaLine,ZONE C,SupplyCo India,,2024-09-14,2026-01-31,2026-08-28,112.0,226,0.6002964349600683,7051.0,9766.184639565463,118.0,28,True
APP-57848,Apparel,UrbanWave,ZONE C,FastShip Pvt,,2024-06-14,2025-06-23,2026-06-02,380.0,123,0.6724856375807972,5353.0,9743.743740024214,49.0,12,True
APP-46423,Apparel,AlphaEdge,Zone B,LocalSource,contact826@localsource.com,2024-07-21,2025-11-04,2026-07-02,121.0,71,0.21717478407731972,2376.0,7147.130613549808,140.0,12,True
SPO-83378,Sports & Outdoors,TrueForm,zone a,GlobalTrade Ltd,contact541@globaltradeltd.com,2024-07-09,2025-04-09,2026-05-27,19.0,266,0.13313078581299975,5644.0,18790.014165393644,,21,False
HOM-26294,Home & Kitchen,GenericPlus,zone c,FastShip Pvt,,2024-07-17,2026-02-10,2026-07-17,-11.0,272,0.2201305278665775,5943.0,13774.909635031503,139.0,29,True
APP-21744,Apparel,SwiftBrand,Zone D,FastShip Pvt,contact916@fastshippvt.com,2024-08-13,2025-11-06,2026-05-30,465.0,9,0.7148478498381169,170.0,223.25064886309312,160.0,41,True
APP-96105,Apparel,AlphaEdge,Zone B,QuickStock,contact540@quickstock.com,2024-04-13,2025-05-03,2026-06-21,352.0,31,0.9124102290631738,6162.0,7629.2594665372235,,8,True
ELE-46106,Electronics,TrueForm,Zone D,LocalSource,contact499@localsource.com,2024-05-12,2025-10-23,2026-06-25,208.0,17,,1834.0,3034.253351127652,12.0,640,True
APP-32388,Apparel,TrueForm,Zone D,PrimeParts,contact273@primeparts.com,2024-08-12,2025-08-19,2026-06-26,479.0,268,0.6792439353636719,0.0,0.0,18.0,40,True
AUT-30733,Automotive,ZenCraft,ZONE A,SupplyCo India,contact362@supplycoindia.com,2024-08-25,2025-05-11,2026-07-20,66.0,96,0.4067560522864454,5858.0,9730.869725586452,,288,True
STA-60527,Stationery,AlphaEdge,Zone D,LocalSource,,2024-06-07,,2026-06-09,140.0,75,0.9248677039234866,3130.0,8218.667067245666,16.0,28,True
TOY-79650,Toys,TrueForm,Zone D,SupplyCo India,contact173@supplycoindia.com,2024-07-17,2025-06-08,2026-08-09,312.0,150,0.978903017321683,2140.0,6161.557265426161,198.0,32,True
SPO-15158,Sports & Outdoors,ZenCraft,Zone A,LocalSource,,2024-06-17,2025-06-22,2026-08-25,70.0,197,0.2389985875230053,2773702.0,7412980.170708364,0.7973927990808208,5,True
ELE-36074,Electronics,SwiftBrand,Zone C,QuickStock,,2024-10-16,2025-04-29,2026-07-08,198.0,50,0.7343846218067435,654.0,1137.3385438939324,89.0,43,True
ELE-83491,Electronics,AlphaEdge,Zone A,PrimeParts,,2024-08-02,2026-02-05,2026-07-05,228.0,291,0.953613385243534,1524.0,4505.024344864835,163.0,15,True
APP-29493,Apparel,ZenCraft,Zone B,LocalSource,contact359@localsource.com,2024-08-27,2025-10-12,2026-09-16,241.0,241,0.43885582829040093,7348.0,20906.51097610873,,14,True
TOY-68400,Toys,GenericPlus,Zone A,FastShip Pvt,contact880@fastshippvt.com,2024-07-13,2025-12-16,2026-06-09,444.0,101,0.026700288264819405,689.0,1422.192852075881,28.0,40,True
AUT-69524,Automotive,GenericPlus,Zone A,GlobalTrade Ltd,contact140@globaltradeltd.com,2024-11-14,2025-12-29,2026-06-10,-76.0,57,0.22692914415022492,3668.0,8947.308988551476,51.0,34,True
APP-71913,Apparel,UrbanWave,Zone B,GlobalTrade Ltd,contact714@globaltradeltd.com,2024-05-21,,2026-05-26,74.0,177,0.6728817039957462,7121.0,14545.11432197196,114.0,15,True
ELE-67751,Electronics,CorePeak,ZONE B,FastShip Pvt,,2024-05-16,2026-01-18,2026-08-16,473.0,216,0.7906053792761535,1457.0,4378.499141884719,,42,True
SPO-67106,Sports & Outdoors,TrueForm,Zone B,GlobalTrade Ltd,contact359@globaltradeltd.com,2024-10-15,,2026-07-13,399.0,161,0.46411444671035196,6151.0,16023.633418793326,,33,True
APP-11982,Apparel,TrueForm,Zone B,GlobalTrade Ltd,contact510@globaltradeltd.com,2024-10-23,2025-09-20,2026-08-17,306.0,11,0.5587413557413826,710.0,1605.0251429711057,0.5025335851311213,3,False
APP-79535,Apparel,GenericPlus,Zone B,PrimeParts,,2024-10-15,2025-09-10,2026-07-12,180.0,77,0.8120628092388917,6571.0,9996.211268168987,116.0,varies,True
AUT-37942,Automotive,SwiftBrand,Zone C,GlobalTrade Ltd,contact538@globaltradeltd.com,2024-10-14,2025-10-10,2026-06-29,326.0,237,0.13065388821564894,2972.0,9127.895744426889,158.0,6,True
ELE-52100,Electronics,TrueForm,Zone D,SupplyCo India,contact245@supplycoindia.com,2024-05-15,2026-01-23,2026-08-24,358.0,204,0.19248956143295337,3111.0,10149.612088475815,,30,True
AUT-96132,Automotive,AlphaEdge,Zone D,SupplyCo India,contact854@supplycoindia.com,2024-08-15,2025-05-04,2026-08-20,374.0,231,0.2386102363273388,6930.0,15287.302367288261,115.0,4-6 weeks,True
SPO-77392,Sports & Outdoors,ZenCraft,zone b,DirectImport,contact157@directimport.com,2024-08-29,2025-11-25,2026-06-01,85.0,207,0.4047230449487389,395.0,1171.2430982747906,153.0,40,True
TOY-73676,Toys,SwiftBrand,ZONE A,FastShip Pvt,contact476@fastshippvt.com,2024-09-29,2026-02-07,2026-06-07,197.0,299,0.8745018984478007,4085.0,7396.291131580612,62.0,34,True
SPO-75995,Sports & Outdoors,AlphaEdge,Zone B,GlobalTrade Ltd,,2024-07-28,2025-04-29,2026-06-05,-61.0,90,0.2668545384231781,965.0,1534.6137609929451,118.0,36,True
APP-58084,Apparel,CorePeak,zone a,SupplyCo India,,2024-05-20,2026-03-07,2026-06-26,-48.0,222,0.22598305591788215,2092.0,2696.7951029516207,102.0,24,True
ELE-91045,Electronics,TrueForm,Zone A,PrimeParts,contact897@primeparts.com,2024-05-01,2025-03-31,2026-08-30,46.0,237,0.7051432751369907,2446.0,5958.890969588486,36.0,22,True
ELE-72978,Electronics,TrueForm,Zone A,SupplyCo India,contact155@supplycoindia.com,2024-10-01,2025-07-25,2026-08-10,380.0,119,0.47649430204584375,2293.0,7741.52551139986,0.8748521093539003,9,True
BEA-75345,Beauty,AlphaEdge,Zone D,FastShip Pvt,,2024-07-23,2025-07-22,2026-05-25,222.0,149,,4762.0,10912.825187938302,141.0,15,True
AUT-98525,Automotive,CorePeak,Zone C,FastShip Pvt,contact208@fastshippvt.com,2024-12-07,2025-10-03,2026-08-15,201.0,254,0.5605190277100845,4186.0,11140.017815105377,168.0,42,True
SPO-95054,Sports & Outdoors,CorePeak,ZONE B,FastShip Pvt,contact463@fastshippvt.com,2024-08-08,2025-05-04,2026-05-27,121.0,282,,5377.0,14168.455132662835,128.0,38,True
STA-41369,Stationery,TrueForm,Zone D,FastShip Pvt,,2024-05-01,2025-11-28,2026-06-13,9.0,149,0.8951323491517302,1848.0,3822.1911450978396,162.0,33,True
ELE-22315,Electronics,UrbanWave,Zone B,FastShip Pvt,contact614@fastshippvt.com,2024-12-08,2025-11-12,2026-07-11,341.0,186,,7061.0,13524.719016472447,112.0,17,True
APP-60949,Apparel,CorePeak,zone c,LocalSource,contact367@localsource.com,2024-07-02,2025-04-30,2026-07-28,283.0,70,0.9896496208368459,2791352.0,8990447.328723198,126.0,8,True
ELE-65139,Electronics,CorePeak,zone c,FastShip Pvt,,2024-04-19,2025-04-24,2026-07-15,410.0,57,0.856441318653152,3248.0,6911.8957016039385,98.0,37,True
SPO-40355,Sports & Outdoors,AlphaEdge,ZONE A,GlobalTrade Ltd,contact516@globaltradeltd.com,2024-08-03,2025-07-20,2026-06-13,124.0,244,0.9684348109221159,3716.0,6139.583730430398,83.0,6,False
BEA-67009,Beauty,UrbanWave,ZONE B,DirectImport,contact727@directimport.com,2024-06-15,2025-07-26,2026-08-16,240.0,173,0.7989610787843455,1938.0,2555.80169167586,0.42627307967085315,12,True
HOM-87733,Home & Kitchen,SwiftBrand,ZONE D,LocalSource,,2024-06-10,2026-03-18,2026-08-11,407.0,5,0.09434932222715708,541.0,656.6265623192076,132.0,29,True
HOM-58678,Home & Kitchen,CorePeak,Zone A,PrimeParts,,2024-12-03,2025-06-05,2026-06-06,247.0,275,0.46420678062916165,6815.0,14175.490400881,0.40208660885673436,7,True
HOM-86042,Home & Kitchen,CorePeak,zone b,QuickStock,contact872@quickstock.com,2024-09-19,2026-01-31,2026-07-08,184.0,153,0.37533645075220234,5144.0,7843.896899516519,109.0,474,True
HOM-92861,Home & Kitchen,NovaLine,Zone A,FastShip Pvt,,2024-04-14,2025-12-01,2026-05-29,472.0,264,,2441.0,3329.8570640616626,95.0,12,False
TOY-21900,Toys,NovaLine,zone c,SupplyCo India,contact722@supplycoindia.com,2024-09-08,,2026-07-22,384.0,85,0.9961856922396887,5790.0,15241.50697165086,,20,True
SPO-53275,Sports & Outdoors,TrueForm,ZONE A,PrimeParts,contact835@primeparts.com,2024-07-28,2026-01-17,2026-08-20,284.0,134,0.6220462945293554,5190.0,4470.812133922598,,752,True
APP-15313,Apparel,AlphaEdge,Zone A,LocalSource,contact113@localsource.com,2024-05-07,2025-11-15,2026-08-08,355.0,282,0.43985386907373036,7197.0,12677.043924006426,0.3157711369015929,28,True
SPO-67786,Sports & Outdoors,NovaLine,zone b,DirectImport,contact128@directimport.com,2024-09-08,2026-02-15,2026-08-28,403.0,62,0.04458052348974051,5976.0,11530.587937168248,146.0,647,True
HOM-92832,Home & Kitchen,AlphaEdge,Zone A,PrimeParts,contact754@primeparts.com,2024-11-16,2025-04-13,2026-06-19,150.0,181,0.4366753533163493,2434.0,3285.765280120719,46.0,30,True
HOM-35889,Home & Kitchen,AlphaEdge,Zone B,GlobalTrade Ltd,contact669@globaltradeltd.com,2024-05-23,2025-10-06,2026-07-08,476.0,109,0.5534635486246959,2118.0,3923.174910654721,42.0,23,True
STA-57233,Stationery,TrueForm,Zone C,DirectImport,contact890@directimport.com,2024-05-16,2025-08-07,2026-06-12,328.0,133,0.8584182448102393,6808.0,12965.318077168029,101.0,8,False
ELE-34174,Electronics,NovaLine,Zone C,QuickStock,contact188@quickstock.com,2024-05-10,2025-08-01,2026-09-13,276.0,263,0.4636511754402908,6926.0,9721.66440518076,121.0,7,True
TOY-59801,Toys,AlphaEdge,ZONE C,QuickStock,contact964@quickstock.com,2024-07-06,,2026-06-11,480.0,123,,3295.0,6218.696582512534,30.0,18,False
HOM-31150,Home & Kitchen,ZenCraft,Zone B,GlobalTrade Ltd,,2024-09-24,2026-03-16,2026-08-09,154.0,122,0.0948248461481237,2187.0,3229.199353731692,89.0,express,False
AUT-72639,Automotive,GenericPlus,Zone A,FastShip Pvt,contact933@fastshippvt.com,2024-07-26,2025-05-20,2026-06-28,331.0,20,0.08024975977010418,6417.0,15750.381133711891,25.0,25,True
AUT-53359,Automotive,AlphaEdge,Zone D,DirectImport,contact332@directimport.com,2024-04-25,2025-09-23,2026-06-25,379.0,131,0.7821421291528625,7852.0,20490.52175728028,123.0,41,True
SPO-73810,Sports & Outdoors,SwiftBrand,Zone B,QuickStock,contact459@quickstock.com,2024-09-14,2026-02-04,2026-06-25,457.0,189,,2376.0,4002.422735688047,102.0,6,True
AUT-58074,Automotive,ZenCraft,ZONE B,DirectImport,contact511@directimport.com,2024-12-05,2025-06-28,2026-07-08,392.0,13,0.24510219531349542,3622.0,12515.70172674795,54.0,28,True
APP-58053,Apparel,ZenCraft,Zone A,SupplyCo India,,2024-04-05,2025-07-29,2026-09-06,302.0,93,0.762818058114535,1024.0,2371.850147840219,159.0,8,False
HOM-99058,Home & Kitchen,TrueForm,Zone D,SupplyCo India,contact980@supplycoindia.com,2024-09-22,2025-10-02,2026-09-13,-21.0,87,0.8189465548299727,7329.0,11477.407914942927,126.0,7,True
HOM-20047,Home & Kitchen,AlphaEdge,Zone A,LocalSource,contact285@localsource.com,2024-08-02,2026-03-08,2026-08-29,84.0,66,0.8998205556239476,685.0,1590.1285259191575,22.0,460,True
APP-44896,Apparel,AlphaEdge,Zone A,PrimeParts,,2024-04-12,2026-03-11,2026-07-03,-48.0,279,0.04959137910923672,0.0,0.0,176.0,20,True
AUT-82205,Automotive,AlphaEdge,Zone B,PrimeParts,contact771@primeparts.com,2024-11-12,2025-12-17,2026-07-29,-10.0,229,0.4533882147917434,7309.0,24551.34392814365,130.0,32,True
APP-55303,Apparel,TrueForm,Zone C,PrimeParts,contact339@primeparts.com,2024-09-17,2025-08-12,2026-09-19,-17.0,260,,4831.0,12706.242511718952,16.0,11,True
AUT-82311,Automotive,SwiftBrand,Zone C,DirectImport,contact408@directimport.com,2024-06-30,2025-08-10,2026-06-15,132.0,193,0.10858881982005442,294.0,764.4274494557521,41.0,~1 month,True
TOY-88889,Toys,TrueForm,Zone B,FastShip Pvt,contact913@fastshippvt.com,2024-06-10,,2026-08-19,-29.0,161,0.6571247863191826,1899.0,4279.984599063474,40.0,36,False
BEA-41028,Beauty,SwiftBrand,ZONE B,SupplyCo India,contact743@supplycoindia.com,2024-08-08,2025-08-29,2026-08-14,95.0,291,0.7651276492193781,7989.0,13722.694216077203,,4-6 weeks,True
TOY-80652,Toys,ZenCraft,Zone D,PrimeParts,contact528@primeparts.com,2024-04-15,2025-08-02,2026-06-20,189.0,70,0.8909176597667343,3924964.0,5517666.065741059,28.0,20,True
APP-27552,Apparel,AlphaEdge,ZONE A,SupplyCo India,contact679@supplycoindia.com,2024-10-06,2025-11-21,2026-06-19,436.0,181,0.06834680621125822,1451.0,2346.275957587713,193.0,19,True
APP-47261,Apparel,UrbanWave,Zone A,QuickStock,contact179@quickstock.com,2024-09-19,,2026-07-21,-46.0,294,2.784745645464002,552.0,729.2915851036108,45.0,18,True
ELE-62251,Electronics,ZenCraft,Zone D,PrimeParts,contact448@primeparts.com,2024-10-24,,2026-07-08,10.0,58,0.8083682726766673,1073.0,1552.767418228718,50.0,33,True
AUT-14312,Automotive,TrueForm,Zone A,LocalSource,contact677@localsource.com,2024-07-18,2025-11-05,2026-07-08,66.0,267,,3215988.0,11165450.443132298,176.0,30,True
SPO-91605,Sports & Outdoors,SwiftBrand,Zone B,QuickStock,contact465@quickstock.com,2024-06-14,2026-01-31,2026-06-12,227.0,84,0.8935951574905551,65.0,224.34110415906667,140.0,38,True
AUT-29514,Automotive,AlphaEdge,zone c,PrimeParts,contact321@primeparts.com,2024-06-12,2025-12-01,2026-07-31,279.0,176,,1989.0,4204.401842512979,,41,True
APP-74657,Apparel,AlphaEdge,Zone C,SupplyCo India,contact960@supplycoindia.com,2024-08-17,2025-08-26,2026-06-06,70.0,231,0.4931952385118814,6028.0,11504.039280804023,76.0,11,True
SPO-96616,Sports & Outdoors,NovaLine,ZONE B,QuickStock,contact932@quickstock.com,2024-06-11,2025-11-19,2026-08-20,343.0,167,0.07822759065111329,4846.0,15118.347419100714,142.0,39,True
TOY-24470,Toys,SwiftBrand,Zone A,PrimeParts,,2024-10-17,2025-03-27,2026-08-28,194.0,11,0.41739141843063043,1875.0,3349.896852634807,125.0,39,True
BEA-99484,Beauty,ZenCraft,ZONE A,SupplyCo India,contact414@supplycoindia.com,2024-09-04,,2026-08-01,329.0,29,0.8092097797223105,3402.0,8806.779265250903,0.7693739847101934,18,True
TOY-15938,Toys,NovaLine,Zone A,LocalSource,contact813@localsource.com,2024-06-24,2026-02-19,2026-07-07,421.0,210,0.7635809766817104,6586.0,16063.666025720122,62.0,8,True
APP-81134,Apparel,GenericPlus,Zone A,FastShip Pvt,contact520@fastshippvt.com,2024-07-12,2025-06-01,2026-08-12,28.0,219,0.2151779743521448,6013.0,4334.995472299821,148.0,219,True
SPO-92540,Sports & Outdoors,TrueForm,Zone A,FastShip Pvt,contact495@fastshippvt.com,2024-11-02,2025-09-08,2026-08-11,159.0,283,0.47506433866517506,6473.0,12106.116912009616,,3,False
BEA-34746,Beauty,NovaLine,zone a,GlobalTrade Ltd,contact266@globaltradeltd.com,2024-09-13,2025-07-18,2026-07-19,271.0,170,0.3392247413610493,571.0,1055.0259518493679,179.0,42,True
ELE-73909,Electronics,SwiftBrand,Zone D,QuickStock,contact291@quickstock.com,2024-06-25,2026-01-19,2026-06-24,222.0,102,0.5092638934948597,0.0,0.0,10.0,23,True
SPO-56645,Sports & Outdoors,CorePeak,Zone C,DirectImport,,2024-06-20,2025-06-14,2026-09-09,12.0,275,0.3546223244784551,787.0,2664.8972851424137,174.0,38,True
TOY-77433,Toys,NovaLine,Zone B,SupplyCo India,contact793@supplycoindia.com,2024-10-01,,2026-09-07,360.0,257,0.22677937900251055,987.0,1880.011911652896,177.0,31,True
SPO-59615,Sports & Outdoors,UrbanWave,ZONE C,SupplyCo India,contact189@supplycoindia.com,2024-11-23,2025-09-03,2026-09-12,230.0,223,0.6884045387200038,6618.0,22062.88746680783,125.0,22,True
ELE-96720,Electronics,ZenCraft,Zone A,LocalSource,contact916@localsource.com,2024-12-05,2026-02-08,2026-07-19,310.0,102,,1811.0,4871.515274749694,71.0,21,True
APP-23936,Apparel,ZenCraft,ZONE A,GlobalTrade Ltd,contact209@globaltradeltd.com,2024-10-08,2025-09-12,2026-06-27,292.0,185,,4546.0,7190.066116284993,90.0,4-6 weeks,True
TOY-20512,Toys,SwiftBrand,Zone B,DirectImport,contact231@directimport.com,2024-07-17,2025-06-23,2026-09-17,298.0,106,0.5983721594593019,0.0,0.0,80.0,3,True
SPO-76477,Sports & Outdoors,TrueForm,Zone A,PrimeParts,,2024-07-02,2025-04-28,2026-07-26,25.0,164,0.41231688071728223,1274783.0,3775425.8331139293,121.0,41,True
SPO-68774,Sports & Outdoors,UrbanWave,Zone A,PrimeParts,contact501@primeparts.com,2024-07-26,2025-06-10,2026-09-13,26.0,11,3.231742885740276,2107750.0,6273787.848177502,,29,True
TOY-78767,Toys,SwiftBrand,Zone A,FastShip Pvt,contact311@fastshippvt.com,2024-08-09,2025-08-04,2026-06-22,395.0,214,0.31067231806747286,347.0,805.591791783417,156.0,13,True
APP-81718,Apparel,TrueForm,Zone D,FastShip Pvt,contact983@fastshippvt.com,2024-04-21,2025-05-15,2026-08-31,249.0,43,0.8002812738322581,6409.0,19905.051616857334,34.0,7,True
ELE-42153,Electronics,UrbanWave,Zone D,DirectImport,contact487@directimport.com,2024-10-07,2025-09-12,2026-07-27,284.0,220,0.8596587180660047,1647.0,5649.164811801859,138.0,11,True
ELE-96012,Electronics,NovaLine,Zone D,GlobalTrade Ltd,,2024-11-02,2025-10-18,2026-09-07,206.0,16,0.13011733024524796,1012.0,2883.094652520815,103.0,19,True
HOM-67716,Home & Kitchen,CorePeak,Zone C,SupplyCo India,,2024-06-10,2025-06-29,2026-06-17,465.0,106,0.22271749661479812,1288.0,2640.609742474776,69.0,19,True
APP-92863,Apparel,ZenCraft,Zone C,QuickStock,contact695@quickstock.com,2024-11-02,,2026-07-04,218.0,150,0.7589877230051546,1782.0,2645.0929933543334,103.0,19,True
APP-17408,Apparel,TrueForm,ZONE B,FastShip Pvt,contact471@fastshippvt.com,2024-04-19,2025-11-07,2026-07-19,125.0,189,0.4915677780495734,7492.0,9495.609605564085,,8,True
HOM-82356,Home & Kitchen,UrbanWave,Zone D,SupplyCo India,contact676@supplycoindia.com,2024-06-21,2025-07-11,2026-06-26,252.0,140,0.620933506505744,3916.0,8496.01392897394,0.8816884396273765,7,True
ELE-51640,Electronics,UrbanWave,Zone B,QuickStock,contact414@quickstock.com,2024-06-28,2025-10-31,2026-06-20,82.0,126,0.5080404041746738,6478.0,9094.13869713908,126.0,23,True
TOY-65836,Toys,ZenCraft,Zone B,PrimeParts,contact238@primeparts.com,2024-04-07,,2026-06-17,247.0,24,0.20026147422523455,3702.0,10073.27068821975,164.0,37,True
HOM-23667,Home & Kitchen,AlphaEdge,Zone C,SupplyCo India,contact875@supplycoindia.com,2024-06-06,2025-05-27,2026-08-15,167.0,121,0.9477518113674486,7010.0,8838.054149047342,148.0,41,False
TOY-77939,Toys,TrueForm,Zone B,DirectImport,contact549@directimport.com,2024-06-09,2025-10-29,2026-09-16,298.0,124,,1460.0,2194.3890807000503,196.0,37,False
APP-35943,Apparel,GenericPlus,Zone C,PrimeParts,contact221@primeparts.com,2024-08-04,2025-12-13,2026-08-24,-77.0,268,0.6888317620937119,1878408.0,5662266.625466616,57.0,11,True
BEA-71811,Beauty,AlphaEdge,Zone C,DirectImport,,2024-05-25,2026-01-17,2026-08-06,348.0,5,0.39632783382040726,2585.0,6228.721111808887,163.0,9,True
AUT-17495,Automotive,TrueForm,ZONE D,FastShip Pvt,contact787@fastshippvt.com,2024-05-22,2025-06-22,2026-07-09,412.0,25,0.14045695368758004,7431.0,17958.49372351568,41.0,26,True
SPO-57228,Sports & Outdoors,SwiftBrand,ZONE A,GlobalTrade Ltd,,2024-11-05,2025-05-18,2026-06-10,164.0,216,,5328.0,7002.744687815341,105.0,5,True
HOM-60006,Home & Kitchen,AlphaEdge,zone a,PrimeParts,contact465@primeparts.com,2024-08-22,2025-04-25,2026-08-13,242.0,21,0.8323434654165222,7682.0,17272.417186506034,62.0,24,True
HOM-85788,Home & Kitchen,ZenCraft,Zone D,QuickStock,,2024-07-25,2025-05-04,2026-06-02,474.0,135,0.7929258479813021,3622.0,4271.381216984347,178.0,varies,True
HOM-54471,Home & Kitchen,ZenCraft,Zone A,GlobalTrade Ltd,contact993@globaltradeltd.com,2024-06-03,2025-12-10,2026-08-14,-48.0,17,0.5196227067110059,7037.0,18989.771535015472,75.0,38,True
HOM-92726,Home & Kitchen,CorePeak,Zone B,SupplyCo India,contact283@supplycoindia.com,2024-08-27,2025-05-25,2026-07-22,422.0,236,0.557973483587243,985.0,1465.6818513396822,173.0,on demand,False
HOM-41145,Home & Kitchen,NovaLine,zone b,QuickStock,contact451@quickstock.com,2024-12-01,,2026-06-08,230.0,220,0.653645506804485,4884.0,8624.201981253424,189.0,21,True
AUT-69670,Automotive,NovaLine,Zone C,PrimeParts,contact342@primeparts.com,2024-09-27,2025-09-27,2026-06-19,410.0,104,0.6059218084586337,5465.0,10708.986279041772,,38,True
ELE-47274,Electronics,NovaLine,ZONE C,DirectImport,,2024-06-23,2025-10-12,2026-08-07,28.0,37,0.8288208170265521,6890.0,22025.30398509484,193.0,19,False
TOY-94697,Toys,NovaLine,Zone D,QuickStock,contact606@quickstock.com,2024-06-19,2026-03-13,2026-09-05,341.0,195,0.01373247029803426,4652.0,3822.5160850737043,75.0,34,True
APP-86382,Apparel,NovaLine,Zone C,PrimeParts,contact207@primeparts.com,2024-11-06,2025-04-03,2026-07-30,139.0,157,0.4509638012253896,5184.0,7091.527834850212,171.0,8,False
BEA-74304,Beauty,UrbanWave,zone b,QuickStock,contact662@quickstock.com,2024-08-14,2026-03-08,2026-08-04,428.0,76,0.124093339587391,3169.0,8880.204354494257,39.0,6,True
STA-29528,Stationery,SwiftBrand,Zone C,GlobalTrade Ltd,contact370@globaltradeltd.com,2024-06-17,2026-03-08,2026-09-05,404.0,92,0.36100581595403813,1641.0,4687.386095063519,30.0,39,False
ELE-73578,Electronics,GenericPlus,zone a,LocalSource,contact110@localsource.com,2024-06-27,2025-04-30,2026-07-30,473.0,117,0.9236564312732103,2708.0,6187.016671510511,,33,True
APP-72719,Apparel,UrbanWave,zone a,SupplyCo India,contact567@supplycoindia.com,2024-06-24,2025-07-21,2026-07-04,331.0,16,0.8923652247395605,2959.0,2060.645107138693,,41,True
HOM-29093,Home & Kitchen,GenericPlus,Zone B,SupplyCo India,contact104@supplycoindia.com,2024-05-26,2026-02-24,2026-06-18,-71.0,130,0.07723590412546699,6973.0,19679.466823137427,94.0,42,True
BEA-97227,Beauty,ZenCraft,ZONE A,DirectImport,contact207@directimport.com,2024-10-30,2025-05-24,2026-06-01,61.0,246,0.6439968900827918,7918.0,13426.988300584402,0.8893215012071551,3,True
AUT-29629,Automotive,ZenCraft,ZONE A,FastShip Pvt,,2024-11-19,2026-03-13,2026-08-17,495.0,187,0.9817308908452044,2384.0,3687.999081402978,162.0,23,True
STA-19696,Stationery,SwiftBrand,Zone C,DirectImport,,2024-06-25,2026-01-25,2026-07-25,78.0,59,0.521185436923443,5339.0,16988.735629401912,17.0,6,True
ELE-35620,Electronics,CorePeak,Zone B,LocalSource,,2024-04-20,2025-08-04,2026-08-04,201.0,64,,542.0,1087.302861039371,92.0,13,True
ELE-82290,Electronics,GenericPlus,Zone B,GlobalTrade Ltd,,2024-04-06,2026-02-22,2026-05-31,87.0,52,0.6954750582281588,7104.0,4123.611080390146,62.0,43,True
BEA-79498,Beauty,ZenCraft,Zone B,GlobalTrade Ltd,contact400@globaltradeltd.com,2024-11-12,2025-09-10,2026-07-04,61.0,247,0.30575603749012104,6953.0,12737.040059135665,39.0,24,False
STA-83238,Stationery,TrueForm,Zone B,SupplyCo India,contact403@supplycoindia.com,2024-08-06,2025-12-25,2026-06-12,403.0,87,0.7590203957426647,7746.0,12291.359945039412,0.4824877022385845,17,False
HOM-95553,Home & Kitchen,SwiftBrand,Zone C,PrimeParts,contact159@primeparts.com,2024-07-29,2025-11-09,2026-09-01,167.0,1,0.4748288823799036,7140.0,16878.495425862504,0.1757933914664762,42,True
BEA-79165,Beauty,AlphaEdge,ZONE C,PrimeParts,contact394@primeparts.com,2024-09-05,2026-03-10,2026-05-27,467.0,227,0.3909425400643224,6441.0,22414.567861231542,165.0,42,True
AUT-51795,Automotive,NovaLine,Zone D,SupplyCo India,contact717@supplycoindia.com,2024-07-28,,2026-08-19,149.0,298,0.5749243077342475,514.0,731.7501583938487,,34,True
HOM-67122,Home & Kitchen,AlphaEdge,Zone B,GlobalTrade Ltd,contact772@globaltradeltd.com,2024-05-19,2025-04-27,2026-07-31,339.0,87,0.41319776807533104,6586.0,20148.853529412274,79.0,12,True
TOY-21900,Toys,NovaLine,zone c,SupplyCo India,contact722@supplycoindia.com,2024-09-08,,2026-07-22,384.0,85,0.9961856922396887,5790.0,15241.50697165086,,20,True
HOM-17938,Home & Kitchen,CorePeak,Zone A,SupplyCo India,,2024-10-22,2025-09-28,2026-08-23,356.0,182,0.17848909073748354,921.0,1354.5546613400222,51.0,12,True
TOY-57295,Toys,NovaLine,Zone D,DirectImport,contact558@directimport.com,2024-12-01,,2026-09-16,78.0,245,1.6633629844655202,6226.0,10825.866399744706,93.0,12,True
APP-75458,Apparel,GenericPlus,zone c,PrimeParts,contact865@primeparts.com,2024-10-12,2026-01-21,2026-06-14,81.0,222,0.020158565102706083,5840.0,16846.003938942948,164.0,17,True
TOY-80767,Toys,ZenCraft,Zone D,FastShip Pvt,,2024-11-10,2025-12-04,2026-07-05,281.0,16,0.6842781485340164,2145.0,3284.688311788118,44.0,37,True
BEA-42051,Beauty,AlphaEdge,ZONE C,GlobalTrade Ltd,,2024-08-19,2026-03-01,2026-07-12,249.0,30,0.0010967742170101547,428.0,1277.9318060083717,,22,True
HOM-44251,Home & Kitchen,ZenCraft,Zone A,DirectImport,contact682@directimport.com,2024-07-26,2026-02-08,2026-07-08,301.0,171,0.07148643610118777,3436.0,6525.722575476956,0.4628478397162198,3,True
BEA-33875,Beauty,AlphaEdge,Zone C,SupplyCo India,contact438@supplycoindia.com,2024-06-24,2025-07-22,2026-06-22,80.0,173,0.5001606660125235,5979.0,7833.1720695714,170.0,3,True
TOY-38575,Toys,UrbanWave,Zone B,FastShip Pvt,contact319@fastshippvt.com,2024-08-25,2025-07-20,2026-06-11,109.0,120,0.7383055902692569,1501.0,2103.935321754373,69.0,9,True
APP-90773,Apparel,NovaLine,Zone A,PrimeParts,contact448@primeparts.com,2024-04-26,2025-06-15,2026-09-09,155.0,191,0.9421723368206734,5066.0,4338.0507673939355,27.0,31,True
APP-41675,Apparel,UrbanWave,zone b,GlobalTrade Ltd,contact749@globaltradeltd.com,2024-09-05,2025-06-29,2026-06-23,171.0,31,0.3358369763053104,2519.0,5255.055229434268,,26,True
TOY-98340,Toys,ZenCraft,Zone C,PrimeParts,contact643@primeparts.com,2024-06-28,2025-11-24,2026-07-04,367.0,106,0.39807026758790154,2581.0,8208.97060520347,94.0,29,True
HOM-95107,Home & Kitchen,SwiftBrand,Zone B,FastShip Pvt,,2024-08-01,,2026-07-24,424.0,2,0.6184997309881042,7591.0,25417.26809861979,0.31566070053440615,35,True
APP-74385,Apparel,NovaLine,Zone B,DirectImport,contact762@directimport.com,2024-08-26,2025-09-29,2026-06-03,136.0,211,0.8248006267374718,6965.0,8771.635762252079,125.0,12,True
BEA-38600,Beauty,NovaLine,Zone B,PrimeParts,contact497@primeparts.com,2024-07-08,2025-09-30,2026-07-28,209.0,94,0.40140881907516157,1364.0,2172.7810763683433,98.0,42,True
APP-29950,Apparel,TrueForm,Zone A,DirectImport,contact823@directimport.com,2024-05-29,2025-10-17,2026-08-15,58.0,148,,4426.0,9724.35394231117,75.0,20,True
APP-74513,Apparel,TrueForm,zone c,LocalSource,contact864@localsource.com,2024-07-27,2026-02-06,2026-08-27,-64.0,173,0.335371944995021,862902.0,1853893.1087878789,,24,True
APP-17908,Apparel,UrbanWave,Zone B,SupplyCo India,contact958@supplycoindia.com,2024-05-03,2025-09-24,2026-06-01,37.0,123,0.14813412739447318,6905.0,11225.300442521095,159.0,27,True
HOM-42386,Home & Kitchen,NovaLine,ZONE B,FastShip Pvt,contact678@fastshippvt.com,2024-04-25,2025-12-12,2026-06-08,268.0,232,,7996.0,25232.89203136062,61.0,42,True
SPO-24184,Sports & Outdoors,UrbanWave,ZONE B,GlobalTrade Ltd,contact516@globaltradeltd.com,2024-06-15,2025-10-08,2026-05-29,369.0,104,0.26877856247496423,4586.0,9694.326399684665,,43,True
APP-77113,Apparel,NovaLine,Zone C,LocalSource,contact800@localsource.com,2024-05-14,2026-01-31,2026-05-25,57.0,82,0.3034347883868924,3045.0,5743.705047130731,78.0,35,True
ELE-83982,Electronics,CorePeak,Zone A,PrimeParts,contact306@primeparts.com,2024-05-31,2025-05-31,2026-08-01,491.0,247,0.5961426482210151,6328.0,19511.37976578541,50.0,express,True
APP-69556,Apparel,AlphaEdge,ZONE A,DirectImport,contact300@directimport.com,2024-10-02,2025-12-11,2026-09-06,459.0,218,0.5452620738737924,184.0,240.51579430786228,18.0,TBD,False
SPO-82787,Sports & Outdoors,CorePeak,Zone A,PrimeParts,contact878@primeparts.com,2024-05-01,,2026-07-14,217.0,20,0.2881682044872249,2322.0,5392.758428414334,197.0,on demand,True
BEA-32183,Beauty,GenericPlus,Zone A,GlobalTrade Ltd,contact658@globaltradeltd.com,2024-04-08,2026-02-08,2026-05-26,235.0,141,0.4161579390326484,7576.0,8790.797645410306,0.7884142125801673,342,True
ELE-68737,Electronics,CorePeak,Zone C,PrimeParts,,2024-11-09,2025-10-08,2026-06-26,74.0,24,0.7591476655600342,2952.0,5300.928378543815,29.0,13,False
BEA-12351,Beauty,CorePeak,Zone A,DirectImport,,2024-09-21,2025-09-08,2026-08-24,11.0,3,0.022332086159822517,7374.0,13056.3922148655,170.0,22,True
BEA-22596,Beauty,CorePeak,Zone C,SupplyCo India,contact838@supplycoindia.com,2024-09-07,2025-09-16,2026-07-19,180.0,126,0.5683008251708519,7397.0,16926.906525905102,199.0,11,True
BEA-14318,Beauty,AlphaEdge,Zone B,SupplyCo India,contact406@supplycoindia.com,2024-06-04,2025-08-10,2026-07-13,315.0,102,0.004853145655244306,7790.0,16653.57357077002,,25,True
TOY-52206,Toys,CorePeak,zone b,GlobalTrade Ltd,contact218@globaltradeltd.com,2024-11-20,2025-06-06,2026-08-30,325.0,123,,1778.0,5459.949144729185,188.0,41,False
HOM-50416,Home & Kitchen,UrbanWave,Zone B,SupplyCo India,contact198@supplycoindia.com,2024-07-10,2025-11-20,2026-07-29,23.0,106,0.6899487165825637,2019070.0,4737481.685286727,86.0,6,True
BEA-41883,Beauty,GenericPlus,ZONE C,PrimeParts,contact446@primeparts.com,2024-04-05,2025-06-20,2026-09-01,134.0,59,0.5799430786204299,6542.0,22571.323459852127,162.0,9,True
TOY-22508,Toys,AlphaEdge,Zone A,SupplyCo India,contact781@supplycoindia.com,2024-05-16,2025-07-08,2026-07-10,144.0,82,0.8063416840842179,5227.0,9332.801023779675,107.0,3,True
SPO-47536,Sports & Outdoors,ZenCraft,Zone D,QuickStock,,2024-10-07,2025-07-29,2026-09-19,385.0,267,,642.0,764.3647021830875,82.0,43,True
SPO-55580,Sports & Outdoors,GenericPlus,Zone C,LocalSource,,2024-06-14,,2026-07-02,10.0,285,0.6102014238301183,7965.0,11049.807072287102,110.0,37,False
ELE-20350,Electronics,ZenCraft,Zone D,DirectImport,,2024-09-22,2025-11-25,2026-06-04,265.0,207,0.31984583595088567,5509.0,16977.250081080318,177.0,9,False
STA-88650,Stationery,AlphaEdge,Zone D,SupplyCo India,contact136@supplycoindia.com,2024-06-09,2025-06-15,2026-05-31,431.0,240,0.9618364538058086,0.0,0.0,,~3 weeks,False
ELE-91107,Electronics,NovaLine,Zone B,PrimeParts,contact270@primeparts.com,2024-05-13,2025-03-28,2026-07-18,175.0,223,0.5662750086344768,3819.0,5738.687788144248,56.0,2-3 weeks,True
SPO-28163,Sports & Outdoors,TrueForm,zone b,SupplyCo India,contact235@supplycoindia.com,2024-06-24,2025-06-24,2026-09-14,213.0,47,0.2821626222930854,345.0,1015.5961155956127,169.0,42,True
APP-72919,Apparel,NovaLine,Zone B,LocalSource,contact423@localsource.com,2024-04-30,2025-09-15,2026-08-03,273.0,123,0.5990650667439915,6693.0,12094.967095290742,145.0,18,True
HOM-13111,Home & Kitchen,NovaLine,ZONE D,PrimeParts,,2024-09-22,2025-07-17,2026-07-23,21.0,180,0.8401154221062358,2774.0,5662.594204877674,194.0,38,False
HOM-21699,Home & Kitchen,UrbanWave,zone d,LocalSource,contact295@localsource.com,2024-04-16,2025-11-26,2026-08-14,252.0,198,0.7169520777790099,3040.0,4225.871902155585,,26,True
APP-34735,Apparel,SwiftBrand,Zone D,DirectImport,contact470@directimport.com,2024-11-08,2025-12-25,2026-06-06,387.0,206,0.269669127927592,2055.0,5009.496957513752,,27,True
TOY-89478,Toys,CorePeak,ZONE C,PrimeParts,contact969@primeparts.com,2024-06-12,2025-11-12,2026-07-12,458.0,120,0.6699627154686237,7387.0,8905.172125251427,136.0,6,True
APP-62108,Apparel,ZenCraft,Zone D,DirectImport,contact638@directimport.com,2024-06-26,2026-01-29,2026-09-11,243.0,228,0.9807383716133506,576.0,1898.4133167484235,183.0,38,False
APP-93413,Apparel,SwiftBrand,Zone D,SupplyCo India,contact992@supplycoindia.com,2024-09-02,2025-06-03,2026-08-14,350.0,100,0.955975715799552,720.0,2097.4247264315063,134.0,31,True
ELE-46664,Electronics,ZenCraft,zone a,LocalSource,,2024-08-12,2025-08-08,2026-06-25,37.0,274,0.7460533218351292,66.0,80.6309554868425,107.0,21,False
AUT-55876,Automotive,GenericPlus,Zone C,PrimeParts,contact104@primeparts.com,2024-04-25,2025-12-21,2026-06-21,463.0,234,,5605.0,14801.392738022672,117.0,9,True
SPO-77564,Sports & Outdoors,NovaLine,ZONE B,PrimeParts,contact662@primeparts.com,2024-08-17,,2026-07-16,358.0,172,0.8443439003908196,2180.0,3590.919954484444,134.0,39,True
AUT-32286,Automotive,GenericPlus,Zone A,GlobalTrade Ltd,contact675@globaltradeltd.com,2024-07-20,2025-12-26,2026-08-07,90.0,158,0.6004451885574801,2173.0,7575.41475636858,78.0,28,True
SPO-10544,Sports & Outdoors,TrueForm,Zone A,LocalSource,contact400@localsource.com,2024-11-26,2025-05-30,2026-08-31,27.0,55,0.9979679522465889,7576.0,18449.785649537767,17.0,19,True
TOY-15029,Toys,GenericPlus,Zone C,PrimeParts,contact753@primeparts.com,2024-09-21,,2026-06-28,305.0,79,0.07822954986769215,4761.0,10850.06524226358,75.0,44,True
HOM-62546,Home & Kitchen,UrbanWave,ZONE D,QuickStock,contact353@quickstock.com,2024-09-19,2025-09-22,2026-08-03,-36.0,278,2.2659179135053935,1390.0,3156.8879607070676,111.0,4,False
APP-93674,Apparel,NovaLine,Zone D,FastShip Pvt,contact105@fastshippvt.com,2024-07-10,2025-06-09,2026-09-04,302.0,22,0.07788902579197376,2594.0,6686.476820427272,0.18263620708656375,16,True
AUT-71149,Automotive,SwiftBrand,zone d,PrimeParts,,2024-05-04,2026-01-11,2026-08-13,427.0,299,0.056235183894478014,3731.0,8854.843655771945,187.0,express,False
ELE-18130,Electronics,UrbanWave,ZONE C,DirectImport,contact867@directimport.com,2024-06-26,2025-10-31,2026-08-29,219.0,284,0.35642439439786655,1146.0,2689.364701029287,0.4076703533522939,28,True
HOM-43882,Home & Kitchen,GenericPlus,ZONE C,SupplyCo India,contact884@supplycoindia.com,2024-09-10,2025-10-22,2026-09-18,196.0,180,0.12147247202872569,1654.0,4046.921411631275,187.0,29,False
APP-62549,Apparel,AlphaEdge,Zone C,PrimeParts,contact772@primeparts.com,2024-06-07,2025-08-25,2026-08-19,399.0,184,0.7723423993125946,96.0,191.60801574613254,0.7990345112436484,34,True
SPO-70150,Sports & Outdoors,SwiftBrand,Zone A,QuickStock,contact290@quickstock.com,2024-11-10,2025-08-13,2026-07-01,303.0,293,3.035860356138718,927922.0,2241784.1395959565,89.0,42,True
AUT-77311,Automotive,AlphaEdge,Zone B,QuickStock,,2024-11-20,2025-08-10,2026-09-21,54.0,135,0.26519682348514995,813517.0,1683714.5975736256,58.0,2-3 weeks,True
TOY-81480,Toys,CorePeak,zone d,QuickStock,contact583@quickstock.com,2024-09-10,2025-07-16,2026-06-18,233.0,20,0.6197499513381437,5174.0,8553.782639626439,106.0,6,True
SPO-61990,Sports & Outdoors,SwiftBrand,Zone D,LocalSource,contact440@localsource.com,2024-10-14,2025-03-27,2026-08-22,332.0,230,0.9658086211771036,5831.0,13990.62931855774,167.0,26,True
BEA-11594,Beauty,TrueForm,Zone D,GlobalTrade Ltd,contact342@globaltradeltd.com,2024-08-05,,2026-07-29,189.0,63,0.12740431277834097,7703.0,23787.421162114693,63.0,26,True
HOM-59491,Home & Kitchen,TrueForm,Zone D,SupplyCo India,contact617@supplycoindia.com,2024-05-16,2025-08-06,2026-06-10,333.0,41,0.4489642503788961,7594.0,19320.206723652824,188.0,37,False
ELE-70297,Electronics,GenericPlus,Zone B,SupplyCo India,contact552@supplycoindia.com,2024-10-08,2026-01-25,2026-08-06,311.0,110,,1209031.0,2007131.1113809498,82.0,40,True
ELE-78056,Electronics,CorePeak,Zone C,DirectImport,,2024-08-02,2025-11-26,2026-05-25,302.0,57,0.001293567755171976,2009.0,6884.928920362435,0.324591774747761,38,True
APP-23936,Apparel,CorePeak,Zone D,SupplyCo India,contact624@supplycoindia.com,2024-11-01,2025-05-30,2026-06-03,247.0,53,,558.0,1651.745657955353,180.0,15,True
HOM-55724,Home & Kitchen,SwiftBrand,Zone C,GlobalTrade Ltd,,2024-06-06,2025-04-17,2026-08-08,2.0,234,0.23080610890062503,4587.0,7566.266748013268,197.0,18,True
ELE-51114,Electronics,NovaLine,zone b,DirectImport,contact603@directimport.com,2024-09-27,,2026-07-28,391.0,261,0.5160013753490261,3109.0,7972.796143053598,141.0,37,True
BEA-24251,Beauty,ZenCraft,Zone B,QuickStock,,2024-08-04,,2026-08-17,49.0,50,0.7527523447549697,7206.0,19697.65024395895,106.0,19,True
HOM-21211,Home & Kitchen,ZenCraft,Zone B,QuickStock,,2024-05-29,2026-01-02,2026-06-19,491.0,76,0.4872355596321486,6897.0,23252.80609937405,135.0,29,True
APP-11415,Apparel,TrueForm,Zone C,QuickStock,contact934@quickstock.com,2024-07-21,2026-03-16,2026-07-20,339.0,230,0.11782868656016088,4517.0,9987.147967478877,,3,True
APP-26386,Apparel,CorePeak,Zone C,LocalSource,contact338@localsource.com,2024-11-26,2025-05-07,2026-08-09,101.0,265,0.5961132572318631,1974.0,4049.436446387299,63.0,3,True
APP-44536,Apparel,UrbanWave,Zone D,QuickStock,contact643@quickstock.com,2024-11-25,2025-11-24,2026-08-28,488.0,188,0.631593439826497,6209.0,17387.51830182563,100.0,40,True
SPO-35019,Sports & Outdoors,GenericPlus,Zone C,DirectImport,contact808@directimport.com,2024-05-08,2025-10-12,2026-06-25,365.0,45,0.9325704138786329,5126.0,11910.682582111001,56.0,31,True
APP-64313,Apparel,GenericPlus,Zone B,SupplyCo India,,2024-10-11,2026-03-09,2026-09-03,76.0,60,0.4773942829654304,4384.0,9484.133400725132,111.0,34,True
BEA-18107,Beauty,SwiftBrand,Zone A,PrimeParts,,2024-05-16,2025-10-19,2026-06-28,365.0,243,0.8768857595980001,3577.0,9931.965963525465,76.0,24,True
HOM-53454,Home & Kitchen,GenericPlus,ZONE A,PrimeParts,contact464@primeparts.com,2024-12-06,2025-07-05,2026-07-15,-15.0,91,0.002582524222789817,498.0,1428.4061979432606,185.0,16,True
BEA-24830,Beauty,SwiftBrand,Zone A,SupplyCo India,contact630@supplycoindia.com,2024-04-27,2025-09-16,2026-09-04,22.0,22,0.13044682363699356,6071.0,10628.935337042554,180.0,9,True
ELE-18181,Electronics,ZenCraft,Zone D,GlobalTrade Ltd,contact687@globaltradeltd.com,2024-11-20,2025-06-16,2026-08-18,482.0,180,,1131.0,2730.289414971673,160.0,39,True
APP-63083,Apparel,UrbanWave,Zone D,DirectImport,contact676@directimport.com,2024-07-01,2025-04-03,2026-07-01,41.0,223,0.21385410268200833,4902.0,9088.274298069058,,39,True
BEA-82230,Beauty,CorePeak,Zone A,DirectImport,contact905@directimport.com,2024-11-10,2026-01-27,2026-08-27,328.0,23,0.9655838106355704,7585.0,12098.307966178701,177.0,32,True
APP-93686,Apparel,ZenCraft,Zone A,LocalSource,contact806@localsource.com,2024-08-11,2026-03-14,2026-09-08,253.0,98,0.07461189357567655,3694.0,7780.132507344029,13.0,11,False
STA-21730,Stationery,NovaLine,Zone A,QuickStock,contact223@quickstock.com,2024-04-08,2025-07-07,2026-06-16,292.0,212,,1439.0,2193.4617635188315,0.8633066169092264,41,True
ELE-49098,Electronics,ZenCraft,Zone B,FastShip Pvt,contact733@fastshippvt.com,2024-07-05,2025-09-08,2026-05-26,391.0,150,0.9988501756854391,7230.0,11544.044923494168,112.0,19,True
SPO-19061,Sports & Outdoors,GenericPlus,zone b,LocalSource,contact939@localsource.com,2024-12-06,2025-07-10,2026-06-10,288.0,179,0.48481470845294505,4074.0,7807.950694331594,0.7918856549958925,38,True
SPO-15821,Sports & Outdoors,GenericPlus,ZONE C,GlobalTrade Ltd,contact174@globaltradeltd.com,2024-11-02,2025-08-22,2026-08-26,112.0,195,0.11186189956360248,3595.0,11950.158615410843,78.0,20,True
TOY-87358,Toys,SwiftBrand,Zone B,DirectImport,contact804@directimport.com,2024-09-03,2025-11-19,2026-09-19,162.0,289,0.6190436871895314,4510.0,15730.684336502529,66.0,12,True
HOM-96779,Home & Kitchen,CorePeak,Zone D,GlobalTrade Ltd,,2024-07-02,2025-08-05,2026-05-31,436.0,170,0.5048463851150161,3836.0,8595.46558326504,0.5139270483710673,18,True
APP-77617,Apparel,AlphaEdge,Zone A,QuickStock,contact677@quickstock.com,2024-10-11,2025-12-18,2026-09-14,359.0,105,0.3180008062365901,441.0,1272.6694629724902,165.0,11,True
STA-84578,Stationery,AlphaEdge,Zone D,QuickStock,contact246@quickstock.com,2024-07-13,2025-11-09,2026-06-14,274.0,294,0.6743099753432896,2834.0,6997.770408381918,139.0,21,True
HOM-96290,Home & Kitchen,AlphaEdge,zone d,DirectImport,contact924@directimport.com,2024-07-03,2026-03-04,2026-08-28,225.0,103,0.7790667524092265,5309.0,9325.267538227168,72.0,24,True
ELE-25858,Electronics,SwiftBrand,Zone D,GlobalTrade Ltd,contact646@globaltradeltd.com,2024-11-12,2025-08-29,2026-08-01,10.0,153,0.18162978951195852,2207.0,3116.105365614193,139.0,17,True
HOM-66747,Home & Kitchen,GenericPlus,Zone C,QuickStock,contact249@quickstock.com,2024-04-06,2025-06-14,2026-07-08,338.0,45,0.6706143136033903,0.0,0.0,70.0,41,True
APP-41426,Apparel,NovaLine,Zone C,QuickStock,,2024-07-27,2025-06-02,2026-06-04,214.0,15,0.4415377335733828,7689.0,26407.382402341827,44.0,8,True
BEA-53703,Beauty,UrbanWave,Zone C,QuickStock,contact822@quickstock.com,2024-04-21,2025-04-05,2026-07-26,94.0,267,0.8154164373723936,3645.0,12297.783073919327,70.0,15,True
APP-40773,Apparel,AlphaEdge,Zone A,QuickStock,contact374@quickstock.com,2024-04-28,2026-01-14,2026-09-02,133.0,16,0.337640368348329,6023.0,16858.400386191388,160.0,21,True
APP-69339,Apparel,SwiftBrand,Zone D,QuickStock,contact844@quickstock.com,2024-10-20,,2026-09-18,287.0,212,0.4072190540979225,5369.0,18154.107466715315,142.0,35,True
SPO-46660,Sports & Outdoors,NovaLine,Zone B,FastShip Pvt,contact684@fastshippvt.com,2024-06-13,2026-02-02,2026-07-22,54.0,263,0.17599037088634728,7304.0,10909.484139788146,179.0,17,True
BEA-96471,Beauty,CorePeak,Zone A,LocalSource,contact775@localsource.com,2024-05-16,2025-07-06,2026-08-31,329.0,137,0.42882614377731987,4560.0,14211.87943129529,126.0,13,False
BEA-50841,Beauty,CorePeak,Zone C,QuickStock,contact643@quickstock.com,2024-11-09,2026-02-27,2026-06-06,193.0,157,0.7933279387713112,6145.0,16214.195484262502,100.0,14,True
APP-43430,Apparel,SwiftBrand,Zone A,GlobalTrade Ltd,contact205@globaltradeltd.com,2024-05-19,2026-01-17,2026-06-29,378.0,185,,2815.0,7369.127525703519,151.0,22,True
HOM-77489,Home & Kitchen,AlphaEdge,Zone B,SupplyCo India,contact551@supplycoindia.com,2024-11-13,2025-07-08,2026-08-09,417.0,124,0.8583321147249813,1489.0,3625.302610981727,146.0,7,True
BEA-63014,Beauty,NovaLine,ZONE D,LocalSource,contact685@localsource.com,2024-04-11,2025-07-15,2026-06-05,311.0,266,0.13675291518836685,4313.0,7189.680126046837,23.0,29,True
HOM-78284,Home & Kitchen,SwiftBrand,Zone A,PrimeParts,contact191@primeparts.com,2024-04-11,2025-04-11,2026-09-16,116.0,291,0.19006481561423327,1684.0,2865.682128000577,129.0,12,True
AUT-92984,Automotive,UrbanWave,ZONE B,DirectImport,contact391@directimport.com,2024-05-12,2025-12-18,2026-05-30,303.0,14,0.8712247735351162,6065.0,12834.627970705484,138.0,40,True
TOY-12732,Toys,SwiftBrand,Zone B,QuickStock,contact203@quickstock.com,2024-05-17,2025-06-26,2026-08-08,80.0,279,0.838564135120348,7966.0,9521.520314229436,,13,True
BEA-74172,Beauty,AlphaEdge,Zone B,PrimeParts,contact337@primeparts.com,2024-11-10,2025-04-13,2026-07-04,415.0,220,0.43727387826814945,1490.0,3279.116160456562,,39,True
APP-59262,Apparel,ZenCraft,ZONE A,FastShip Pvt,contact696@fastshippvt.com,2024-04-05,2025-06-16,2026-06-13,412.0,101,,1253.0,3074.023453834203,187.0,17,True
ELE-17905,Electronics,SwiftBrand,zone c,LocalSource,contact504@localsource.com,2024-06-22,2025-07-04,2026-06-04,180.0,274,0.020890616576851095,7217.0,22761.71570752956,112.0,34,True
SPO-52244,Sports & Outdoors,TrueForm,Zone A,GlobalTrade Ltd,contact317@globaltradeltd.com,2024-04-12,2025-08-16,2026-07-27,45.0,64,0.8673012234667081,4782.0,2892.903514625677,38.0,4,True
HOM-35369,Home & Kitchen,GenericPlus,Zone A,GlobalTrade Ltd,,2024-07-27,2025-03-30,2026-08-03,134.0,169,0.0007180074894863608,2807.0,8187.787101390443,93.0,40,True
ELE-27487,Electronics,CorePeak,zone b,SupplyCo India,contact357@supplycoindia.com,2024-06-05,2025-11-08,2026-06-07,186.0,231,0.8739858492530896,7393.0,10865.958168854224,99.0,42,False
TOY-28476,Toys,UrbanWave,ZONE B,GlobalTrade Ltd,,2024-11-11,2026-03-07,2026-09-15,2.0,9,0.17193677757661618,257.0,464.5987952906952,131.0,44,True
HOM-52640,Home & Kitchen,TrueForm,Zone D,DirectImport,contact399@directimport.com,2024-06-14,2025-09-24,2026-07-08,398.0,282,0.8599567717488633,0.0,0.0,120.0,35,True
BEA-38608,Beauty,SwiftBrand,ZONE C,QuickStock,contact624@quickstock.com,2024-12-01,2025-09-14,2026-06-07,448.0,166,0.09152235232008021,3589.0,9620.218864079648,13.0,28,True
BEA-81859,Beauty,TrueForm,Zone D,SupplyCo India,contact373@supplycoindia.com,2024-08-07,2025-10-23,2026-07-08,139.0,257,0.3027361086481607,1704.0,3699.14183691057,,6,True
ELE-64925,Electronics,ZenCraft,Zone B,DirectImport,contact596@directimport.com,2024-11-24,2025-06-02,2026-06-25,48.0,178,0.812064916140193,3338.0,6595.355050426688,0.4881687912319893,37,True
APP-93399,Apparel,AlphaEdge,zone c,LocalSource,contact773@localsource.com,2024-05-23,2025-11-18,2026-09-09,276.0,80,0.3053787168010754,3672.0,12446.811062180886,,43,True
APP-12880,Apparel,TrueForm,Zone B,QuickStock,contact216@quickstock.com,2024-06-03,2025-05-31,2026-06-16,1.0,224,0.7047250319531743,1149.0,3723.4592966456908,,36,True
SPO-75499,Sports & Outdoors,GenericPlus,Zone B,LocalSource,contact301@localsource.com,2024-04-11,2025-05-27,2026-07-16,112.0,185,0.5622263118471122,3951.0,8341.018863034089,35.0,37,True
BEA-60493,Beauty,ZenCraft,Zone A,LocalSource,contact437@localsource.com,2024-07-11,2025-06-27,2026-05-30,319.0,295,,3487.0,10145.708998748727,133.0,3,True
TOY-65990,Toys,CorePeak,Zone D,QuickStock,contact517@quickstock.com,2024-08-30,2025-08-20,2026-06-18,26.0,193,,601.0,1832.993236146895,119.0,412,False
SPO-75853,Sports & Outdoors,CorePeak,ZONE D,PrimeParts,contact707@primeparts.com,2024-09-23,2026-03-04,2026-07-04,-54.0,101,0.46744580246444545,2338.0,7771.9370851900485,130.0,15,True
BEA-84911,Beauty,GenericPlus,Zone B,FastShip Pvt,contact899@fastshippvt.com,2024-09-13,2025-09-17,2026-07-08,59.0,46,,3154.0,9978.614758898098,46.0,12,True
ELE-41847,Electronics,UrbanWave,Zone A,DirectImport,contact456@directimport.com,2024-12-01,2025-04-04,2026-06-01,176.0,52,0.8035046302990858,2668.0,6147.365193955405,156.0,34,False
APP-39781,Apparel,NovaLine,zone a,SupplyCo India,contact960@supplycoindia.com,2024-07-26,2025-08-20,2026-08-26,256.0,75,0.653943325244937,3048.0,8927.299350758765,49.0,37,True
BEA-40684,Beauty,SwiftBrand,Zone A,DirectImport,contact364@directimport.com,2024-05-22,,2026-07-26,170.0,238,0.3474077396050541,2832.0,7277.241227771743,44.0,22,True
ELE-24185,Electronics,ZenCraft,Zone D,PrimeParts,contact465@primeparts.com,2024-05-30,2025-03-29,2026-06-21,411.0,265,0.4348553302193062,2017190.0,6350527.3380807135,0.6846346585840418,42,True
SPO-88215,Sports & Outdoors,NovaLine,zone c,FastShip Pvt,contact849@fastshippvt.com,2024-05-06,2026-03-17,2026-09-14,106.0,276,0.28090503492568675,2116.0,4776.112351228476,26.0,17,True
APP-63341,Apparel,ZenCraft,Zone D,GlobalTrade Ltd,contact655@globaltradeltd.com,2024-07-18,2025-07-18,2026-09-06,-78.0,67,0.6643820645612635,434.0,1478.950902313812,190.0,36,True
APP-16431,Apparel,NovaLine,Zone A,PrimeParts,contact135@primeparts.com,2024-11-30,2025-12-26,2026-06-18,159.0,187,,233.0,515.7308382342112,,274,True
HOM-24963,Home & Kitchen,UrbanWave,Zone A,PrimeParts,contact130@primeparts.com,2024-09-27,2026-02-18,2026-06-10,140.0,29,0.15090711973555393,670.0,1338.8526622633974,0.31681839509731974,14,False
TOY-65896,Toys,TrueForm,Zone D,QuickStock,,2024-05-09,2025-04-16,2026-09-06,12.0,34,0.10456609966709551,3166.0,9033.537882010778,106.0,12,True
TOY-75953,Toys,SwiftBrand,Zone A,FastShip Pvt,contact220@fastshippvt.com,2024-12-03,2025-11-12,2026-09-06,402.0,285,0.5712592887018141,3460.0,9151.187994955873,,7,True
APP-76446,Apparel,CorePeak,Zone D,FastShip Pvt,contact399@fastshippvt.com,2024-09-19,2025-04-10,2026-08-28,245.0,173,0.9686523340796984,246.0,203.32961108846536,81.0,13,False
HOM-22986,Home & Kitchen,AlphaEdge,ZONE C,GlobalTrade Ltd,,2024-08-05,2025-06-26,2026-08-15,232.0,122,0.31222710408374876,3619.0,8419.651132059507,78.0,36,True
ELE-12977,Electronics,AlphaEdge,Zone D,QuickStock,,2024-08-14,2025-06-21,2026-08-30,174.0,65,0.002708236894130911,2907.0,8592.227242545054,64.0,13,True
TOY-50528,Toys,SwiftBrand,Zone B,DirectImport,contact709@directimport.com,2024-11-20,,2026-07-30,460.0,246,,5465.0,10730.118259146251,72.0,~3 weeks,True
ELE-21095,Electronics,NovaLine,Zone C,DirectImport,contact388@directimport.com,2024-05-20,2025-04-10,2026-06-10,475.0,204,0.3259845961806104,3596.0,6587.558074412822,46.0,33,True
TOY-74252,Toys,ZenCraft,Zone A,LocalSource,contact134@localsource.com,2024-06-19,2025-10-09,2026-08-30,99.0,236,0.15159947296155707,4769.0,2486.592017194756,101.0,30,True
APP-69650,Apparel,AlphaEdge,Zone B,LocalSource,contact651@localsource.com,2024-07-17,2025-05-25,2026-08-20,78.0,257,0.7331406035618564,5314.0,11184.718457669034,43.0,32,True
ELE-36348,Electronics,AlphaEdge,Zone D,QuickStock,contact146@quickstock.com,2024-08-07,2025-12-13,2026-06-08,132.0,173,0.7490657124835347,6591.0,22978.146667026016,58.0,11,True
APP-75894,Apparel,SwiftBrand,Zone D,FastShip Pvt,contact819@fastshippvt.com,2024-08-13,2025-08-31,2026-07-11,43.0,88,0.022492442966017934,4310.0,6137.434144427367,20.0,12,True
SPO-44995,Sports & Outdoors,UrbanWave,zone c,GlobalTrade Ltd,contact757@globaltradeltd.com,2024-05-24,2026-01-14,2026-09-03,378.0,1,0.645479766535069,1086.0,3789.741946899509,176.0,42,False
BEA-44017,Beauty,AlphaEdge,Zone B,LocalSource,contact530@localsource.com,2024-07-11,2026-01-06,2026-07-23,489.0,290,0.9489057875198966,5636.0,11173.208248547833,109.0,43,True
ELE-99638,Electronics,NovaLine,Zone B,FastShip Pvt,,2024-04-27,2026-01-24,2026-09-02,426.0,249,0.7900860431192485,3758.0,6150.35274615146,,25,True
APP-79897,Apparel,UrbanWave,Zone B,DirectImport,,2024-10-09,2025-07-06,2026-07-27,268.0,268,0.9259069702766883,3084.0,3653.944038922167,186.0,12,True
ELE-93302,Electronics,NovaLine,Zone C,GlobalTrade Ltd,contact911@globaltradeltd.com,2024-08-23,2025-05-25,2026-07-31,355.0,251,0.00879321897437646,663.0,1814.247125363046,147.0,12,True
ELE-57236,Electronics,CorePeak,Zone A,FastShip Pvt,contact896@fastshippvt.com,2024-08-21,2025-12-21,2026-07-23,35.0,235,2.016072473699057,5015.0,12470.402838991477,67.0,41,True
HOM-57191,Home & Kitchen,UrbanWave,ZONE C,FastShip Pvt,contact362@fastshippvt.com,2024-08-01,2025-08-06,2026-08-06,112.0,165,0.16092781889408758,481.0,910.2061062431027,138.0,varies,True
TOY-63291,Toys,CorePeak,ZONE A,GlobalTrade Ltd,contact136@globaltradeltd.com,2024-11-02,2025-04-10,2026-07-22,-54.0,251,0.6539954296830413,343.0,962.570226619254,82.0,29,True
TOY-52801,Toys,GenericPlus,Zone C,DirectImport,contact314@directimport.com,2024-12-05,2026-02-11,2026-06-05,265.0,87,0.24870677279451692,4920.0,15867.723126361214,116.0,4,False
ELE-63306,Electronics,NovaLine,Zone D,DirectImport,contact607@directimport.com,2024-10-08,2025-04-16,2026-06-11,344.0,298,0.6418392575091277,7260.0,23696.529197617976,12.0,32,True
APP-54077,Apparel,SwiftBrand,Zone D,LocalSource,contact957@localsource.com,2024-11-08,2025-09-16,2026-06-20,240.0,74,0.7882613635760181,6457.0,13821.868358467667,120.0,27,True
STA-41376,Stationery,NovaLine,Zone A,QuickStock,,2024-05-21,2025-08-18,2026-08-14,174.0,261,0.0730066086984218,4391.0,10330.286829295768,,36,True
HOM-70636,Home & Kitchen,ZenCraft,Zone B,PrimeParts,contact297@primeparts.com,2024-06-24,,2026-09-21,288.0,167,0.7355954337393474,6256.0,12656.326109467638,90.0,28,True
APP-25791,Apparel,UrbanWave,Zone D,LocalSource,contact170@localsource.com,2024-04-16,2025-11-16,2026-08-10,269.0,176,0.8005629793418194,6196.0,19164.832982009935,82.0,31,True
HOM-93685,Home & Kitchen,TrueForm,ZONE B,DirectImport,contact549@directimport.com,2024-10-02,2025-04-16,2026-05-26,202.0,175,0.77767386601932,6145.0,8401.119537049432,89.0,44,True
SPO-42342,Sports & Outdoors,AlphaEdge,zone b,FastShip Pvt,contact467@fastshippvt.com,2024-08-18,2025-10-09,2026-07-02,58.0,255,0.5468066278996988,7285.0,21821.832324748586,,44,True
HOM-91623,Home & Kitchen,NovaLine,Zone A,PrimeParts,contact737@primeparts.com,2024-09-25,2025-09-27,2026-06-11,27.0,94,1.536161674084623,2774.0,6815.167557552847,195.0,41,False
ELE-79385,Electronics,NovaLine,Zone D,GlobalTrade Ltd,contact113@globaltradeltd.com,2024-06-04,2025-10-11,2026-07-12,223.0,130,0.7539023541955201,3060.0,5284.802634007117,59.0,24,True
HOM-85902,Home & Kitchen,SwiftBrand,Zone B,DirectImport,contact821@directimport.com,2024-05-24,2026-02-21,2026-08-03,137.0,31,0.6817483426337505,1878.0,4739.092808148198,,25,True
APP-88844,Apparel,TrueForm,zone b,DirectImport,,2024-06-21,2025-07-24,2026-07-29,16.0,291,0.5086343168517845,7624.0,15251.00284212301,97.0,23,True
HOM-21637,Home & Kitchen,ZenCraft,Zone C,DirectImport,contact939@directimport.com,2024-08-02,2025-12-09,2026-06-17,168.0,250,0.4161111267074219,4091.0,8257.083132707634,172.0,32,True
AUT-55044,Automotive,TrueForm,ZONE D,GlobalTrade Ltd,,2024-07-12,2025-06-14,2026-08-09,213.0,155,0.49674125047590023,2390.0,7164.576372964899,57.0,23,False
HOM-63191,Home & Kitchen,CorePeak,Zone C,LocalSource,contact284@localsource.com,2024-05-13,2025-11-12,2026-07-31,-74.0,24,2.982642287748497,5390.0,18268.34533287152,,4,True
HOM-13951,Home & Kitchen,NovaLine,Zone B,QuickStock,contact222@quickstock.com,2024-11-11,2025-04-24,2026-08-31,299.0,223,0.5156069810121551,5966.0,7868.152404126503,72.0,849,True
APP-25300,Apparel,GenericPlus,Zone D,FastShip Pvt,contact453@fastshippvt.com,2024-10-25,2025-09-18,2026-09-06,425.0,235,0.440629456986101,1083.0,1830.6388464818433,,20,True
HOM-21274,Home & Kitchen,CorePeak,ZONE A,SupplyCo India,contact318@supplycoindia.com,2024-08-09,2026-01-28,2026-08-10,493.0,146,0.06176191615140347,620.0,1508.3333247875757,68.0,788,True
SPO-89629,Sports & Outdoors,NovaLine,Zone D,SupplyCo India,contact176@supplycoindia.com,2024-06-19,2025-04-14,2026-09-19,232.0,214,0.8138391901584513,4559.0,12544.622233299076,158.0,20,True
BEA-60381,Beauty,CorePeak,Zone B,GlobalTrade Ltd,contact453@globaltradeltd.com,2024-09-10,2025-09-15,2026-08-16,67.0,163,0.6611935815517455,5953.0,18249.596043544378,88.0,32,True
ELE-73357,Electronics,NovaLine,Zone A,LocalSource,contact809@localsource.com,2024-11-13,2025-06-16,2026-09-18,484.0,228,,1063.0,2261.9793368480923,161.0,27,True
TOY-54783,Toys,AlphaEdge,Zone D,SupplyCo India,contact648@supplycoindia.com,2024-07-10,2025-09-28,2026-07-30,9.0,295,0.8452970346234627,6366.0,13631.874375204863,114.0,37,True
BEA-15159,Beauty,CorePeak,Zone D,DirectImport,,2024-06-13,2025-10-19,2026-06-13,49.0,245,0.7839160175560603,7293.0,18465.19999764189,,602,True
APP-16437,Apparel,CorePeak,Zone C,PrimeParts,contact129@primeparts.com,2024-09-09,,2026-09-05,125.0,198,0.2808551593022627,1596.0,3841.672364652551,90.0,15,True
ELE-89909,Electronics,SwiftBrand,Zone D,PrimeParts,contact769@primeparts.com,2024-11-22,,2026-08-09,343.0,159,0.4360448515360176,5295.0,17627.846199809253,,14,True
HOM-88537,Home & Kitchen,GenericPlus,Zone D,FastShip Pvt,contact210@fastshippvt.com,2024-05-16,2025-08-06,2026-06-24,207.0,291,0.6863297097609372,618.0,1017.9778140743483,126.0,16,True
ELE-30273,Electronics,ZenCraft,ZONE B,SupplyCo India,contact856@supplycoindia.com,2024-05-27,2025-04-20,2026-06-10,6.0,257,0.08634549660475777,5405.0,17060.399645182395,38.0,30,True
APP-25086,Apparel,SwiftBrand,Zone B,QuickStock,contact527@quickstock.com,2024-05-26,2026-03-21,2026-09-05,16.0,170,0.061086021300206794,1880.0,5198.450921278289,105.0,221,True
AUT-39848,Automotive,TrueForm,zone d,PrimeParts,contact635@primeparts.com,2024-08-26,2025-12-08,2026-09-08,292.0,134,0.7141072857707873,6255.0,20404.147195589885,152.0,26,True
SPO-23811,Sports & Outdoors,UrbanWave,zone c,DirectImport,,2024-08-01,,2026-08-14,266.0,121,0.1790376365742028,1457.0,1274.186676690634,0.2502264076841718,9,True
HOM-36664,Home & Kitchen,SwiftBrand,zone b,PrimeParts,contact403@primeparts.com,2024-04-11,2025-08-04,2026-07-19,201.0,44,,6493.0,17671.284969934986,191.0,39,True
ELE-49109,Electronics,GenericPlus,Zone B,LocalSource,,2024-09-28,2025-07-28,2026-06-12,414.0,44,0.3244962610922215,924.0,2223.2564773934805,156.0,31,True
BEA-91947,Beauty,TrueForm,Zone D,FastShip Pvt,contact119@fastshippvt.com,2024-05-20,,2026-07-07,-2.0,158,0.6238408407084027,2787.0,3290.804659721304,30.0,2-3 weeks,True
HOM-39289,Home & Kitchen,GenericPlus,Zone A,GlobalTrade Ltd,contact350@globaltradeltd.com,2024-10-21,2025-10-07,2026-08-04,84.0,293,,840.0,2803.159794744929,186.0,29,True
BEA-61502,Beauty,AlphaEdge,ZONE C,GlobalTrade Ltd,contact769@globaltradeltd.com,2024-12-01,,2026-09-04,446.0,230,,5494.0,9208.420638230707,184.0,27,True
ELE-82407,Electronics,CorePeak,Zone A,SupplyCo India,contact666@supplycoindia.com,2024-05-23,2026-03-06,2026-06-04,338.0,125,,2532.0,3916.809874475628,153.0,10,True
HOM-85931,Home & Kitchen,AlphaEdge,Zone C,FastShip Pvt,contact423@fastshippvt.com,2024-07-21,2025-10-10,2026-08-16,257.0,200,0.6999329312485585,7701.0,13651.758089990128,195.0,6,True
ELE-31125,Electronics,SwiftBrand,Zone B,FastShip Pvt,contact840@fastshippvt.com,2024-11-17,2025-11-22,2026-06-28,207.0,194,0.16566492841351055,3531.0,10420.89896137825,156.0,32,True
ELE-25948,Electronics,SwiftBrand,ZONE A,FastShip Pvt,,2024-05-06,2025-09-26,2026-08-10,84.0,110,0.49467136028077474,768.0,612.1365310731738,121.0,10,True
HOM-98619,Home & Kitchen,GenericPlus,Zone D,GlobalTrade Ltd,,2024-06-14,2026-02-06,2026-06-21,45.0,275,0.8078611644794129,3516.0,7794.355019913517,125.0,612,True
SPO-22564,Sports & Outdoors,TrueForm,zone a,QuickStock,contact501@quickstock.com,2024-11-05,2025-10-27,2026-07-04,334.0,240,0.42257753993935665,2751.0,5881.017504146326,132.0,311,False
APP-59323,Apparel,SwiftBrand,Zone D,QuickStock,contact570@quickstock.com,2024-10-13,2025-04-17,2026-08-27,232.0,66,0.10623994200205522,7191.0,24597.882399750895,195.0,13,True
AUT-89345,Automotive,AlphaEdge,Zone C,LocalSource,contact568@localsource.com,2024-09-30,2026-03-13,2026-07-21,324.0,219,0.40187962005664846,6879.0,15808.210816813766,188.0,36,False
AUT-29190,Automotive,ZenCraft,Zone B,LocalSource,contact377@localsource.com,2024-09-11,2025-12-19,2026-07-19,283.0,290,0.28878070025704083,0.0,0.0,25.0,15,True
ELE-44930,Electronics,ZenCraft,Zone B,FastShip Pvt,contact125@fastshippvt.com,2024-06-11,2026-01-26,2026-09-17,299.0,135,0.2598096643656882,3117806.0,7365104.983730039,46.0,42,True
APP-58140,Apparel,NovaLine,Zone D,QuickStock,,2024-04-13,,2026-07-03,47.0,152,0.5086016436088304,7990.0,11735.463438885728,,36,True
ELE-65188,Electronics,ZenCraft,Zone B,DirectImport,contact370@directimport.com,2024-12-03,2026-03-10,2026-06-13,1.0,184,0.41721980752976306,6229.0,8303.110231832521,56.0,43,True
ELE-32975,Electronics,CorePeak,Zone C,SupplyCo India,contact434@supplycoindia.com,2024-07-30,2026-03-01,2026-07-08,313.0,63,0.30585919011654705,4367.0,8134.689367422018,151.0,28,True
BEA-41727,Beauty,SwiftBrand,zone d,PrimeParts,contact450@primeparts.com,2024-09-02,2025-11-02,2026-06-15,375.0,8,0.5145269302444864,1022.0,666.4054485446399,150.0,25,True
STA-14897,Stationery,ZenCraft,zone c,LocalSource,contact370@localsource.com,2024-04-20,2026-02-24,2026-08-22,381.0,262,0.616506231926716,6623.0,11190.83206258841,79.0,42,False
HOM-66823,Home & Kitchen,TrueForm,Zone B,SupplyCo India,contact568@supplycoindia.com,2024-06-23,,2026-06-15,400.0,143,,3934.0,10277.557054506058,181.0,6,True
ELE-77730,Electronics,NovaLine,Zone D,SupplyCo India,contact501@supplycoindia.com,2024-05-16,2026-02-02,2026-09-06,323.0,24,0.7563216172766479,2193.0,3115.232974893492,,21,True
APP-76223,Apparel,ZenCraft,Zone A,PrimeParts,contact120@primeparts.com,2024-11-30,2025-12-01,2026-07-12,199.0,93,0.64425981071819,4388.0,15156.188601240676,63.0,27,False
BEA-52078,Beauty,NovaLine,zone a,DirectImport,contact940@directimport.com,2024-11-13,2026-02-15,2026-06-01,348.0,157,0.7321610255554599,1725.0,4756.834332175144,113.0,15,False
ELE-85178,Electronics,TrueForm,ZONE D,PrimeParts,contact959@primeparts.com,2024-11-01,2025-09-19,2026-07-11,319.0,175,0.6324089016296504,6813.0,18390.93548597687,27.0,41,False
BEA-96134,Beauty,NovaLine,Zone C,DirectImport,contact165@directimport.com,2024-08-06,2025-09-14,2026-07-25,313.0,175,0.7449855570134638,7913.0,23261.173994207023,58.0,28,True
ELE-47721,Electronics,ZenCraft,ZONE A,LocalSource,contact610@localsource.com,2024-09-17,2026-02-02,2026-09-06,445.0,281,0.7943780179546179,4289.0,13682.241609430754,80.0,43,True
HOM-34820,Home & Kitchen,CorePeak,zone d,FastShip Pvt,contact486@fastshippvt.com,2024-09-01,,2026-05-29,285.0,170,0.2922001601605895,6634.0,22645.740705140994,143.0,varies,True
AUT-84625,Automotive,TrueForm,zone d,GlobalTrade Ltd,contact622@globaltradeltd.com,2024-09-03,2025-10-27,2026-08-26,120.0,227,0.19509912833512033,7842.0,23453.07610271499,158.0,26,True
APP-72679,Apparel,SwiftBrand,Zone C,LocalSource,contact406@localsource.com,2024-04-08,2026-02-04,2026-05-28,399.0,102,0.7158416008112165,4270.0,8180.492751799801,140.0,on demand,True
ELE-97466,Electronics,NovaLine,Zone A,QuickStock,contact634@quickstock.com,2024-11-11,2025-08-20,2026-09-06,216.0,168,0.047828948439901264,1402.0,2995.5581061719836,88.0,6,True
ELE-16037,Electronics,CorePeak,Zone C,DirectImport,contact579@directimport.com,2024-05-15,2025-08-18,2026-08-29,124.0,128,0.8671546226717132,6799.0,10301.32062968153,26.0,28,True
HOM-39617,Home & Kitchen,GenericPlus,Zone C,SupplyCo India,contact304@supplycoindia.com,2024-05-23,2026-02-20,2026-09-08,29.0,281,0.06904335648257875,2588.0,3448.4598521997113,101.0,12,True
STA-84411,Stationery,CorePeak,Zone D,FastShip Pvt,contact437@fastshippvt.com,2024-08-02,2026-02-08,2026-05-30,-64.0,112,0.8669031114443798,1734.0,5970.417516124317,57.0,12,True
TOY-81722,Toys,AlphaEdge,zone d,LocalSource,contact777@localsource.com,2024-05-13,2025-08-19,2026-08-11,-66.0,132,0.9119428255920409,7973.0,25238.236251511586,58.0,3,True
BEA-50593,Beauty,UrbanWave,Zone D,LocalSource,contact222@localsource.com,2024-04-23,,2026-08-23,456.0,201,0.1924158543898311,1061.0,2855.7701949316233,187.0,3,True
ELE-91339,Electronics,NovaLine,zone d,FastShip Pvt,contact247@fastshippvt.com,2024-08-08,2025-11-02,2026-07-11,141.0,250,0.6767245410201908,4068.0,7861.99452545276,156.0,11,False
SPO-91290,Sports & Outdoors,ZenCraft,Zone B,GlobalTrade Ltd,contact380@globaltradeltd.com,2024-04-28,2025-07-13,2026-05-26,346.0,79,0.8776480003782188,7372.0,14545.853719168483,91.0,33,True
AUT-19314,Automotive,SwiftBrand,Zone B,DirectImport,contact451@directimport.com,2024-04-09,2025-12-16,2026-09-01,418.0,174,0.0729115413167103,4235.0,7629.6109918143875,144.0,21,True
SPO-79234,Sports & Outdoors,AlphaEdge,Zone D,LocalSource,contact495@localsource.com,2024-07-27,2025-11-20,2026-06-07,322.0,50,2.3665098527431634,1143.0,695.734690423668,104.0,22,True
TOY-14609,Toys,UrbanWave,ZONE A,PrimeParts,contact891@primeparts.com,2024-12-02,2025-04-08,2026-09-11,71.0,139,0.78134897018748,2623.0,4498.335536978323,192.0,20,True
APP-87816,Apparel,NovaLine,zone b,GlobalTrade Ltd,contact286@globaltradeltd.com,2024-12-01,2025-06-07,2026-07-06,236.0,215,0.6152572686629565,4952.0,14472.70036797671,99.0,11,True
APP-26150,Apparel,CorePeak,Zone D,SupplyCo India,contact753@supplycoindia.com,2024-04-21,2025-07-02,2026-08-15,377.0,288,0.912584030315166,410.0,1039.3469188675324,46.0,14,True
SPO-14534,Sports & Outdoors,ZenCraft,Zone A,PrimeParts,contact982@primeparts.com,2024-07-26,2025-06-28,2026-08-07,343.0,224,0.18539140939571253,7687.0,13676.39536873302,20.0,6,True
SPO-66187,Sports & Outdoors,ZenCraft,zone d,GlobalTrade Ltd,contact907@globaltradeltd.com,2024-04-11,2026-01-09,2026-07-13,206.0,241,0.3724602998634833,3017.0,6601.090582483107,36.0,9,False
SPO-50769,Sports & Outdoors,UrbanWave,ZONE B,QuickStock,contact503@quickstock.com,2024-04-30,2026-01-01,2026-08-31,88.0,93,0.8222257614896314,5312.0,12696.027535456313,167.0,22,True
APP-65586,Apparel,CorePeak,Zone D,SupplyCo India,contact563@supplycoindia.com,2024-11-10,2025-03-30,2026-08-17,286.0,107,0.1936928777837711,7968.0,10154.084031676102,55.0,4-6 weeks,True
TOY-21491,Toys,ZenCraft,ZONE D,FastShip Pvt,contact243@fastshippvt.com,2024-09-19,2025-10-02,2026-08-21,218.0,250,0.48593372859539874,2770.0,3568.999902715712,0.3324472100242246,2-3 weeks,True
ELE-74430,Electronics,NovaLine,Zone C,FastShip Pvt,contact393@fastshippvt.com,2024-04-16,2025-05-25,2026-08-17,399.0,267,0.878187376037234,2613.0,6978.787446827706,138.0,27,True
APP-98527,Apparel,ZenCraft,Zone B,GlobalTrade Ltd,,2024-10-10,2026-01-09,2026-07-12,355.0,131,0.9248213881823288,4244.0,9749.341720984861,133.0,8,True
HOM-71581,Home & Kitchen,SwiftBrand,Zone A,DirectImport,contact777@directimport.com,2024-10-23,2025-03-26,2026-09-16,293.0,98,1.2953500221541796,4928.0,13826.44059520102,,44,True
BEA-19080,Beauty,AlphaEdge,Zone D,DirectImport,,2024-04-26,,2026-09-14,222.0,266,0.5543749657714182,1308.0,1535.4818280948384,74.0,18,True
SPO-77501,Sports & Outdoors,GenericPlus,Zone B,FastShip Pvt,,2024-04-25,2025-12-01,2026-08-24,257.0,43,0.4783276089144942,5590.0,9856.203187370149,117.0,4,True
STA-78806,Stationery,NovaLine,Zone A,SupplyCo India,contact122@supplycoindia.com,2024-11-21,2025-11-14,2026-06-04,155.0,219,0.1743128356359237,7827.0,9074.2793712654,39.0,13,True
STA-53296,Stationery,CorePeak,Zone A,QuickStock,contact189@quickstock.com,2024-09-04,,2026-08-18,349.0,276,0.3168308563714143,289.0,669.3935474994757,188.0,37,True
AUT-68610,Automotive,SwiftBrand,zone d,SupplyCo India,contact675@supplycoindia.com,2024-08-04,2025-08-27,2026-09-18,401.0,95,0.6684669252497938,2809.0,4681.907421208736,,42,True
BEA-81158,Beauty,UrbanWave,Zone C,QuickStock,contact541@quickstock.com,2024-07-30,2026-03-15,2026-06-30,340.0,226,0.7783077878725988,228.0,519.7619738829317,0.42314037015353323,44,True
BEA-28678,Beauty,ZenCraft,ZONE A,GlobalTrade Ltd,contact750@globaltradeltd.com,2024-06-21,2025-09-08,2026-06-09,373.0,162,0.687797733698269,5679.0,7056.73825928843,106.0,41,True
TOY-54387,Toys,SwiftBrand,zone b,LocalSource,contact539@localsource.com,2024-11-21,2026-01-18,2026-08-21,44.0,198,0.5822453140888589,0.0,0.0,145.0,6,True
ELE-54068,Electronics,NovaLine,Zone D,FastShip Pvt,contact567@fastshippvt.com,2024-08-10,2026-02-10,2026-06-24,164.0,281,0.788874207299336,451.0,1357.0068396742188,17.0,24,True
AUT-29375,Automotive,GenericPlus,Zone D,GlobalTrade Ltd,,2024-05-25,2026-03-25,2026-07-18,492.0,295,2.344380600624307,6327.0,17270.077142882812,141.0,28,True
ELE-23855,Electronics,NovaLine,Zone C,FastShip Pvt,contact496@fastshippvt.com,2024-09-02,2025-06-03,2026-08-21,470.0,3,0.8826451095971872,2397.0,7318.412128390228,186.0,14,False
APP-35764,Apparel,AlphaEdge,Zone D,QuickStock,contact707@quickstock.com,2024-09-06,2025-06-12,2026-06-03,45.0,252,0.8987552213554689,4788.0,14199.948753258948,129.0,14,True
SPO-46235,Sports & Outdoors,AlphaEdge,ZONE B,DirectImport,contact214@directimport.com,2024-09-15,2025-07-02,2026-08-25,130.0,198,0.30025046835444824,2691.0,7037.7882731344835,155.0,805,True
TOY-74176,Toys,UrbanWave,Zone B,LocalSource,contact839@localsource.com,2024-11-22,2025-09-10,2026-08-14,170.0,194,0.14152067819148273,975.0,2240.098907512439,18.0,40,True
APP-39678,Apparel,GenericPlus,zone c,FastShip Pvt,contact456@fastshippvt.com,2024-04-12,,2026-09-11,35.0,69,0.6076308232888497,2968.0,6185.350877540953,111.0,40,True
BEA-47920,Beauty,AlphaEdge,zone a,PrimeParts,contact227@primeparts.com,2024-12-10,2025-06-29,2026-09-02,470.0,17,0.4872505983175406,6119.0,9509.773301182011,124.0,43,True
ELE-33096,Electronics,GenericPlus,ZONE B,SupplyCo India,contact682@supplycoindia.com,2024-10-04,,2026-09-01,394.0,88,0.859719913125504,7592.0,10419.540276229942,93.0,33,False
APP-91991,Apparel,TrueForm,ZONE B,GlobalTrade Ltd,contact277@globaltradeltd.com,2024-04-24,2025-04-26,2026-07-10,82.0,185,0.32077309789720376,4572.0,15252.235457025847,106.0,32,True
ELE-98093,Electronics,TrueForm,Zone C,DirectImport,,2024-04-30,2025-05-15,2026-06-14,310.0,268,0.42874310420809447,2462.0,5654.351140107069,17.0,15,False
APP-61961,Apparel,CorePeak,Zone C,LocalSource,contact277@localsource.com,2024-05-22,2025-06-08,2026-06-07,98.0,81,0.30818352940545946,1852.0,4022.448190521706,94.0,43,False
ELE-53185,Electronics,ZenCraft,Zone A,DirectImport,contact917@directimport.com,2024-08-15,2025-10-28,2026-06-13,414.0,131,0.4363577378256249,6943.0,9469.807882527182,196.0,34,True
HOM-22127,Home & Kitchen,SwiftBrand,Zone A,LocalSource,contact980@localsource.com,2024-06-16,2025-11-14,2026-07-10,248.0,198,0.7359686665217401,7563.0,10031.341466518055,159.0,~1 month,True
ELE-91944,Electronics,TrueForm,Zone D,GlobalTrade Ltd,contact749@globaltradeltd.com,2024-06-19,2025-07-24,2026-06-01,494.0,195,0.26200208713754214,1337.0,4510.760453104804,146.0,12,True
BEA-66973,Beauty,SwiftBrand,Zone C,DirectImport,contact754@directimport.com,2024-09-18,2025-08-21,2026-07-24,407.0,30,0.6573376439969982,6089.0,20813.035206669134,,14,True
APP-68261,Apparel,SwiftBrand,ZONE A,DirectImport,contact356@directimport.com,2024-07-12,2025-06-08,2026-07-11,43.0,240,0.264785192174013,4443.0,7865.633264030953,193.0,30,True
APP-69269,Apparel,AlphaEdge,Zone D,LocalSource,contact266@localsource.com,2024-08-28,2025-05-02,2026-07-19,-17.0,49,0.8083863218860147,7069.0,10007.967351550618,174.0,9,True
BEA-12277,Beauty,CorePeak,Zone D,LocalSource,,2024-12-02,2025-10-08,2026-09-15,86.0,58,0.6685404794697416,5675.0,11487.680286652232,112.0,9,True
TOY-49059,Toys,UrbanWave,Zone D,PrimeParts,,2024-07-19,2026-01-28,2026-09-02,17.0,164,0.25403156346696787,355.0,431.2149626372724,32.0,30,True
SPO-13644,Sports & Outdoors,GenericPlus,zone b,DirectImport,contact112@directimport.com,2024-05-14,2026-01-17,2026-06-20,0.0,297,0.3562600516551584,1044.0,2276.4033066132115,,37,False
ELE-89589,Electronics,TrueForm,Zone B,GlobalTrade Ltd,contact928@globaltradeltd.com,2024-11-02,2025-06-18,2026-08-18,412.0,144,0.49004495299445183,4833.0,5911.673884026089,93.0,776,True
APP-92862,Apparel,GenericPlus,zone c,QuickStock,contact118@quickstock.com,2024-04-19,2025-11-06,2026-08-18,481.0,222,0.3806013490483703,4326.0,9804.158670893132,0.8371685669447999,25,True
SPO-53193,Sports & Outdoors,ZenCraft,Zone A,GlobalTrade Ltd,,2024-06-01,2025-04-15,2026-06-24,155.0,151,0.2779134250036269,4426.0,9511.255917706136,166.0,5,True
APP-31578,Apparel,AlphaEdge,Zone B,FastShip Pvt,contact893@fastshippvt.com,2024-08-26,,2026-06-14,418.0,203,0.3723101989832983,2258102.0,5713293.157411742,59.0,39,True
HOM-73001,Home & Kitchen,NovaLine,Zone B,LocalSource,contact814@localsource.com,2024-12-03,2025-04-28,2026-08-21,199.0,283,0.7738279673214843,1305.0,1995.424305364826,158.0,27,True
HOM-31904,Home & Kitchen,ZenCraft,Zone B,GlobalTrade Ltd,contact520@globaltradeltd.com,2024-11-22,2025-10-29,2026-09-08,-49.0,167,0.24428041804216505,6471.0,15191.601341295143,109.0,17,True
AUT-84228,Automotive,SwiftBrand,zone c,LocalSource,,2024-09-09,2026-02-15,2026-07-23,211.0,270,0.603965303244379,3810.0,8812.145951720619,,41,True
AUT-66517,Automotive,SwiftBrand,Zone D,GlobalTrade Ltd,,2024-04-22,2026-01-27,2026-08-12,73.0,163,0.8837047887969417,1245.0,3023.8889703276463,50.0,28,False
ELE-57973,Electronics,NovaLine,Zone D,GlobalTrade Ltd,contact186@globaltradeltd.com,2024-04-05,2025-12-14,2026-07-07,458.0,102,0.10039354751342977,0.0,0.0,116.0,14,True
ELE-65609,Electronics,NovaLine,Zone A,GlobalTrade Ltd,contact174@globaltradeltd.com,2024-05-25,,2026-06-06,7.0,172,0.6643845324300798,2495.0,7867.113016289105,111.0,6,True
APP-74809,Apparel,ZenCraft,Zone B,SupplyCo India,contact860@supplycoindia.com,2024-07-15,2025-04-10,2026-09-09,170.0,258,0.796607825582348,1750.0,2617.260664378624,56.0,16,True
APP-49782,Apparel,ZenCraft,ZONE C,FastShip Pvt,contact454@fastshippvt.com,2024-09-05,2025-07-06,2026-05-25,481.0,241,0.030737542319740685,1855.0,2308.9249665433194,,8,True
APP-49487,Apparel,TrueForm,zone a,PrimeParts,contact380@primeparts.com,2024-05-14,2026-01-29,2026-07-06,362.0,218,0.07680348352454269,7318.0,22353.7508106247,31.0,35,True
BEA-88982,Beauty,ZenCraft,ZONE D,PrimeParts,,2024-07-15,2025-06-16,2026-08-22,80.0,196,0.5179830672736234,0.0,0.0,101.0,33,True
APP-80787,Apparel,AlphaEdge,Zone A,LocalSource,contact178@localsource.com,2024-06-23,2026-03-03,2026-08-12,83.0,90,,7753.0,11806.573650515884,17.0,11,True
ELE-19752,Electronics,UrbanWave,zone b,SupplyCo India,contact947@supplycoindia.com,2024-09-26,2025-04-07,2026-09-16,238.0,112,0.6446201325607809,4159.0,11112.35070606349,53.0,16,True
APP-63752,Apparel,CorePeak,Zone A,QuickStock,,2024-05-25,2025-04-03,2026-05-26,65.0,128,0.6720652113772138,2250.0,3923.6214842957525,110.0,221,False
HOM-44682,Home & Kitchen,SwiftBrand,Zone D,QuickStock,contact501@quickstock.com,2024-11-23,2026-03-12,2026-08-07,364.0,28,0.09143557973949135,2217.0,5504.425305559024,123.0,30,True
APP-49583,Apparel,SwiftBrand,Zone D,DirectImport,,2024-07-05,2025-05-01,2026-06-28,218.0,179,0.7636410455907239,4976.0,2988.8158105311877,,4,True
APP-72303,Apparel,AlphaEdge,Zone B,GlobalTrade Ltd,contact330@globaltradeltd.com,2024-05-09,2025-09-14,2026-07-29,311.0,4,0.5976204004736048,3930.0,7205.355474648458,73.0,10,False
BEA-46780,Beauty,UrbanWave,Zone B,FastShip Pvt,,2024-08-01,2025-07-09,2026-09-05,356.0,213,0.0453447402545597,6887.0,13373.039591301304,61.0,19,True
ELE-45314,Electronics,UrbanWave,zone d,LocalSource,contact991@localsource.com,2024-06-19,2025-10-31,2026-07-26,90.0,0,0.33896537756182765,6373.0,19572.829651222455,,15,True
TOY-92241,Toys,CorePeak,Zone B,DirectImport,,2024-06-08,2026-01-16,2026-06-04,137.0,293,0.35243608898753775,5969.0,20107.082864836357,115.0,20,True
HOM-95608,Home & Kitchen,CorePeak,Zone A,SupplyCo India,contact713@supplycoindia.com,2024-05-19,2025-03-27,2026-08-31,61.0,282,0.9633999881544484,2586.0,8559.515141779118,145.0,21,True
SPO-64677,Sports & Outdoors,CorePeak,zone b,SupplyCo India,contact628@supplycoindia.com,2024-08-02,2025-12-30,2026-09-16,111.0,103,0.6596885659389582,539.0,1024.2337306246034,174.0,19,True
ELE-70752,Electronics,SwiftBrand,Zone D,DirectImport,contact307@directimport.com,2024-06-16,2025-07-11,2026-08-17,464.0,251,0.6556025035109595,6577.0,15222.078350378675,141.0,43,True
BEA-26598,Beauty,ZenCraft,zone b,SupplyCo India,,2024-04-29,2025-10-06,2026-05-30,451.0,146,0.8166414891733514,270.0,502.8145718975495,30.0,25,True
TOY-20616,Toys,SwiftBrand,Zone D,QuickStock,contact597@quickstock.com,2024-09-14,,2026-08-31,-28.0,262,0.14411925326148778,2960.0,8060.115645476112,124.0,30,True
ELE-31738,Electronics,SwiftBrand,Zone B,QuickStock,contact557@quickstock.com,2024-11-17,,2026-08-13,354.0,6,0.3971378988653733,6213.0,13262.565069201297,,8,True
SPO-18476,Sports & Outdoors,GenericPlus,Zone B,DirectImport,contact375@directimport.com,2024-05-01,2025-09-10,2026-09-08,265.0,32,0.21168077663190332,3539.0,6210.587717294508,101.0,21,False
AUT-69098,Automotive,GenericPlus,Zone C,GlobalTrade Ltd,contact229@globaltradeltd.com,2024-07-09,2025-09-17,2026-07-25,-3.0,36,0.69149752942003,6408.0,9936.08391089124,18.0,~1 month,True
TOY-63233,Toys,AlphaEdge,Zone B,SupplyCo India,contact602@supplycoindia.com,2024-08-09,2025-12-19,2026-06-16,16.0,57,0.39101270137740796,3722.0,12127.641716344639,,4,True
ELE-75095,Electronics,GenericPlus,zone b,DirectImport,,2024-10-24,2025-04-02,2026-05-27,16.0,4,0.4204107615908935,4391.0,11743.887922498347,186.0,41,True
SPO-22041,Sports & Outdoors,ZenCraft,Zone D,LocalSource,contact656@localsource.com,2024-04-14,2025-04-30,2026-06-23,152.0,210,0.38979632416999654,174.0,342.9696017532643,56.0,29,True
SPO-55229,Sports & Outdoors,ZenCraft,Zone B,PrimeParts,contact937@primeparts.com,2024-08-29,2025-06-14,2026-06-16,19.0,11,0.3495592947609504,6786.0,20383.98503016684,30.0,20,True
AUT-60016,Automotive,AlphaEdge,Zone D,QuickStock,contact823@quickstock.com,2024-08-23,2026-02-17,2026-07-16,190.0,203,0.8601886292721802,729.0,1721.2571365395972,174.0,~3 weeks,False
ELE-47583,Electronics,AlphaEdge,Zone D,LocalSource,,2024-04-07,2025-05-04,2026-09-09,446.0,19,0.9956105076195326,2726.0,4292.492614208377,72.0,33,True
AUT-86884,Automotive,GenericPlus,Zone D,FastShip Pvt,contact998@fastshippvt.com,2024-08-25,2025-05-10,2026-09-01,427.0,82,0.38668603263354295,7154.0,11199.266702776342,74.0,30,True
AUT-10985,Automotive,NovaLine,Zone D,GlobalTrade Ltd,,2024-10-23,2025-11-19,2026-06-27,266.0,129,1.4044304202865405,6816.0,11185.227699492001,59.0,7,True
ELE-25022,Electronics,ZenCraft,Zone A,QuickStock,contact689@quickstock.com,2024-09-04,2025-10-05,2026-07-22,162.0,287,0.9980649645287518,2952.0,8944.306629287059,0.40135934762571196,35,True
SPO-43292,Sports & Outdoors,UrbanWave,Zone A,LocalSource,contact988@localsource.com,2024-07-07,,2026-07-06,64.0,229,0.8198816721327232,3878.0,10836.815736790406,0.6269126177330209,43,True
SPO-63386,Sports & Outdoors,AlphaEdge,Zone B,LocalSource,contact771@localsource.com,2024-07-29,2025-04-26,2026-07-12,55.0,58,0.04905734767727343,3805.0,11920.407132255823,67.0,3,True
SPO-83073,Sports & Outdoors,UrbanWave,Zone C,SupplyCo India,contact181@supplycoindia.com,2024-10-18,2025-07-24,2026-07-25,98.0,94,0.603801859222434,1359.0,4382.216772542381,51.0,42,True
BEA-87425,Beauty,GenericPlus,Zone B,PrimeParts,contact712@primeparts.com,2024-07-22,2025-05-09,2026-05-31,494.0,8,0.8775969439376595,7517.0,21533.913599324078,32.0,8,True
APP-67897,Apparel,TrueForm,Zone D,DirectImport,contact641@directimport.com,2024-06-14,,2026-09-13,496.0,105,0.08817422471877179,6279.0,17362.045166148986,139.0,28,False
AUT-66896,Automotive,UrbanWave,ZONE C,DirectImport,contact625@directimport.com,2024-06-13,2025-06-05,2026-07-26,300.0,88,0.8357723278036551,4076.0,13018.69599589566,150.0,8,True
SPO-53900,Sports & Outdoors,CorePeak,Zone B,GlobalTrade Ltd,contact854@globaltradeltd.com,2024-05-08,,2026-08-25,415.0,255,,233.0,530.1218826398595,107.0,883,True
BEA-55344,Beauty,AlphaEdge,ZONE B,GlobalTrade Ltd,contact314@globaltradeltd.com,2024-11-06,2026-02-13,2026-07-30,459.0,226,,1983.0,4605.715150501763,,23,True
APP-21927,Apparel,NovaLine,Zone A,SupplyCo India,contact831@supplycoindia.com,2024-09-13,2026-01-20,2026-09-21,252.0,195,0.5338211889245097,1641.0,1949.336505167145,29.0,29,True
APP-98891,Apparel,GenericPlus,Zone C,QuickStock,contact689@quickstock.com,2024-04-27,2025-06-18,2026-08-28,172.0,40,0.3829877164934484,7044.0,14379.746678301133,42.0,19,True
SPO-97296,Sports & Outdoors,UrbanWave,ZONE D,PrimeParts,contact506@primeparts.com,2024-08-02,2025-09-16,2026-06-05,-55.0,284,0.8874969288632713,2994.0,4994.4373803573735,54.0,8,True
APP-27764,Apparel,CorePeak,zone b,DirectImport,contact538@directimport.com,2024-08-04,2026-01-11,2026-08-05,409.0,48,0.05454998904458819,1276.0,1928.4121012133983,175.0,40,False
APP-50116,Apparel,SwiftBrand,Zone C,SupplyCo India,contact228@supplycoindia.com,2024-10-05,2025-04-14,2026-09-03,204.0,121,0.27000411618850617,1072.0,1790.787468576071,63.0,19,True
ELE-74659,Electronics,ZenCraft,Zone B,SupplyCo India,contact604@supplycoindia.com,2024-08-20,2025-06-06,2026-06-24,244.0,212,0.8000818918881633,420.0,1017.4134653690288,194.0,34,True
BEA-95034,Beauty,ZenCraft,Zone B,LocalSource,contact170@localsource.com,2024-08-18,,2026-06-25,19.0,217,0.7013408668098364,6496.0,22453.785723326262,94.0,8,True
ELE-58841,Electronics,AlphaEdge,Zone D,GlobalTrade Ltd,contact822@globaltradeltd.com,2024-10-13,2025-07-19,2026-07-09,257.0,241,0.014892835437291696,1409.0,3816.096448348539,117.0,23,True
SPO-87558,Sports & Outdoors,GenericPlus,Zone C,QuickStock,contact987@quickstock.com,2024-12-03,2025-09-01,2026-08-16,335.0,82,0.238419000670279,4971.0,13722.270370042865,,35,True
APP-22906,Apparel,SwiftBrand,Zone D,FastShip Pvt,contact659@fastshippvt.com,2024-12-08,2026-01-31,2026-07-20,165.0,171,0.6580603929907495,2048.0,1920.0199268193917,87.0,7,True
SPO-75792,Sports & Outdoors,NovaLine,Zone D,LocalSource,contact391@localsource.com,2024-05-09,2026-02-14,2026-07-08,174.0,168,0.36583995838012373,2209.0,3965.8314005717784,79.0,8,False
TOY-80037,Toys,ZenCraft,zone a,LocalSource,contact846@localsource.com,2024-12-10,2025-04-10,2026-07-06,253.0,133,2.4996035949217696,679.0,1119.6906290119837,,7,True
BEA-66810,Beauty,TrueForm,Zone A,FastShip Pvt,contact701@fastshippvt.com,2024-12-02,2025-08-21,2026-09-07,324.0,293,1.1214755043791578,392.0,1349.5542986855596,122.0,3,True
TOY-25597,Toys,ZenCraft,Zone B,QuickStock,contact240@quickstock.com,2024-11-04,2025-04-26,2026-07-14,388.0,242,0.5081810251637742,1038.0,3627.8090518117597,143.0,14,True
APP-83318,Apparel,AlphaEdge,Zone D,LocalSource,contact831@localsource.com,2024-07-23,2025-09-06,2026-09-10,-25.0,80,2.8905470964494326,3466.0,4116.149754952822,,41,True
AUT-92094,Automotive,ZenCraft,Zone D,DirectImport,contact792@directimport.com,2024-12-03,2026-01-01,2026-06-24,70.0,56,0.6737209377921795,3409288.0,4845551.692948702,150.0,12,True
HOM-55384,Home & Kitchen,SwiftBrand,Zone C,DirectImport,contact896@directimport.com,2024-05-18,2025-05-23,2026-06-19,111.0,80,0.5118009991216381,6568.0,15501.622854138672,175.0,41,True
ELE-10935,Electronics,UrbanWave,Zone A,GlobalTrade Ltd,,2024-06-04,2025-12-10,2026-08-29,6.0,105,0.8655687118420557,674.0,1406.5762070120547,173.0,40,True
ELE-24743,Electronics,UrbanWave,zone a,LocalSource,contact168@localsource.com,2024-07-11,2025-05-09,2026-06-15,303.0,94,0.45368234447807987,5476.0,16591.504743924295,68.0,21,True
HOM-42869,Home & Kitchen,CorePeak,Zone D,GlobalTrade Ltd,,2024-04-12,2026-01-18,2026-09-02,227.0,17,0.7787279251471801,6071.0,10425.44675369637,21.0,13,True
TOY-61181,Toys,AlphaEdge,Zone A,FastShip Pvt,,2024-04-16,2026-03-08,2026-08-14,47.0,71,0.3713406640646796,5152.0,14106.293141478209,14.0,24,True
ELE-78488,Electronics,ZenCraft,Zone C,PrimeParts,contact795@primeparts.com,2024-08-11,2026-03-17,2026-09-10,477.0,8,0.11841639636963563,1163832.0,2780283.151750644,0.8793358217945363,10,True
TOY-46741,Toys,NovaLine,Zone D,QuickStock,contact864@quickstock.com,2024-12-03,2026-03-16,2026-08-07,496.0,201,0.2731293577250059,5126.0,14556.836296689928,111.0,14,True
SPO-20739,Sports & Outdoors,TrueForm,Zone D,LocalSource,,2024-09-23,2025-08-30,2026-07-19,358.0,183,0.34805944197445093,7616.0,14245.904881856304,90.0,7,False
SPO-78943,Sports & Outdoors,NovaLine,zone d,FastShip Pvt,,2024-07-04,,2026-09-11,181.0,131,0.5403622443945626,6816.0,19468.58879260158,116.0,varies,False
TOY-84860,Toys,ZenCraft,Zone B,GlobalTrade Ltd,,2024-05-10,2025-08-06,2026-08-22,30.0,210,0.5738694247428408,1157.0,3232.166513808406,,7,True
AUT-97383,Automotive,TrueForm,ZONE D,QuickStock,contact133@quickstock.com,2024-04-23,2026-01-16,2026-07-23,86.0,96,0.6773751065815035,738.0,1569.2904259785191,21.0,40,True
HOM-79486,Home & Kitchen,AlphaEdge,zone d,FastShip Pvt,contact796@fastshippvt.com,2024-08-30,2025-11-02,2026-06-07,115.0,30,2.1058670596851794,5414.0,12891.624554670072,67.0,35,True
HOM-85531,Home & Kitchen,CorePeak,Zone C,LocalSource,contact525@localsource.com,2024-05-08,2025-10-10,2026-06-19,201.0,105,0.18984707548053836,7149.0,24926.990520917727,150.0,express,True
ELE-74921,Electronics,TrueForm,Zone C,QuickStock,contact271@quickstock.com,2024-08-10,2025-05-18,2026-06-25,296.0,46,0.8552884086067991,1125.0,2062.703134107675,160.0,40,True
APP-60752,Apparel,NovaLine,Zone D,PrimeParts,,2024-11-16,2026-01-20,2026-08-08,91.0,111,0.2708018919677291,1789.0,5475.74143881868,0.3273091228757121,8,True
SPO-65871,Sports & Outdoors,NovaLine,Zone A,PrimeParts,,2024-09-08,2025-06-21,2026-06-01,1.0,293,0.29925439340345283,2955.0,8046.028223070145,,38,True
ELE-70412,Electronics,TrueForm,Zone D,LocalSource,contact613@localsource.com,2024-10-15,2026-01-01,2026-06-12,415.0,101,,4096.0,6022.956625283763,190.0,30,True
HOM-60896,Home & Kitchen,CorePeak,Zone D,DirectImport,contact534@directimport.com,2024-11-22,2025-12-02,2026-09-10,176.0,112,0.428772728208874,1828.0,2234.020037870219,61.0,32,False
BEA-95917,Beauty,ZenCraft,Zone C,QuickStock,,2024-05-08,,2026-06-11,206.0,98,0.4097529884792922,5482.0,14175.582584500282,110.0,44,False
SPO-67950,Sports & Outdoors,UrbanWave,Zone C,QuickStock,contact742@quickstock.com,2024-11-13,2025-11-24,2026-07-11,373.0,249,0.9709062559415138,0.0,0.0,,32,True
ELE-29247,Electronics,ZenCraft,ZONE C,DirectImport,contact202@directimport.com,2024-08-19,,2026-06-07,25.0,62,0.8332061933757894,4934.0,9651.119962531086,,25,True
HOM-43623,Home & Kitchen,ZenCraft,ZONE A,PrimeParts,contact200@primeparts.com,2024-08-29,2026-02-08,2026-06-08,456.0,17,0.934465960915111,4228.0,10315.05704449303,121.0,29,True
BEA-82071,Beauty,UrbanWave,Zone A,QuickStock,contact120@quickstock.com,2024-11-20,,2026-09-13,51.0,258,0.44148282782009096,2967.0,7945.219850941056,188.0,44,True
ELE-39974,Electronics,AlphaEdge,Zone C,DirectImport,contact584@directimport.com,2024-05-31,2026-01-24,2026-05-27,322.0,163,0.44049350851311975,626.0,1656.507714640341,35.0,31,True
TOY-56253,Toys,ZenCraft,ZONE D,DirectImport,contact876@directimport.com,2024-07-02,,2026-06-26,83.0,278,1.5455016667798351,0.0,0.0,183.0,23,True
APP-98820,Apparel,AlphaEdge,Zone B,DirectImport,,2024-09-05,2025-11-21,2026-06-05,84.0,224,0.9646042612877597,6401.0,10258.527301152417,128.0,20,True
APP-68214,Apparel,NovaLine,Zone C,GlobalTrade Ltd,contact198@globaltradeltd.com,2024-06-20,2025-11-20,2026-07-06,48.0,48,0.9910899774586251,5751.0,11641.96768290809,10.0,9,True
APP-32924,Apparel,NovaLine,Zone C,QuickStock,contact505@quickstock.com,2024-05-18,2025-06-26,2026-06-03,45.0,214,0.34128533088708524,2149.0,2963.7019204351855,56.0,279,True
SPO-42012,Sports & Outdoors,ZenCraft,Zone D,SupplyCo India,contact594@supplycoindia.com,2024-07-31,2026-01-16,2026-08-26,-48.0,169,0.3259092522070901,7629.0,18242.212899444112,54.0,22,True
SPO-17866,Sports & Outdoors,TrueForm,zone d,PrimeParts,,2024-11-20,2025-08-04,2026-08-11,103.0,209,0.36941104559256066,958.0,1643.296475931094,43.0,26,True
APP-65477,Apparel,ZenCraft,Zone C,FastShip Pvt,contact847@fastshippvt.com,2024-07-17,2025-04-06,2026-06-12,394.0,148,0.31101359005799234,1065.0,2038.7431760388731,123.0,29,True
APP-96638,Apparel,CorePeak,Zone D,DirectImport,contact426@directimport.com,2024-06-09,,2026-07-15,39.0,120,0.5751983898831564,1595.0,2328.313409281381,136.0,19,True
SPO-42901,Sports & Outdoors,NovaLine,zone b,QuickStock,,2024-05-09,2025-05-28,2026-06-16,20.0,294,0.14934513268418215,2841.0,9126.202796710555,,12,True
HOM-77066,Home & Kitchen,GenericPlus,ZONE B,DirectImport,contact707@directimport.com,2024-07-19,2025-06-20,2026-07-29,103.0,224,0.5084575395384509,2202.0,7029.404155820705,52.0,34,True
HOM-30807,Home & Kitchen,SwiftBrand,Zone A,PrimeParts,,2024-06-28,2025-07-22,2026-06-04,388.0,89,0.08882169566080667,539.0,1681.4103633126997,84.0,17,True
ELE-87361,Electronics,ZenCraft,Zone B,SupplyCo India,contact251@supplycoindia.com,2024-11-28,2025-12-24,2026-06-30,234.0,16,0.45044097617147516,4687.0,12826.740090674259,32.0,38,True
STA-65818,Stationery,NovaLine,Zone D,PrimeParts,contact525@primeparts.com,2024-09-30,2025-10-01,2026-06-24,370.0,175,0.5068737732316697,1070.0,1738.3501019572711,102.0,30,True
APP-66764,Apparel,GenericPlus,Zone D,QuickStock,contact824@quickstock.com,2024-05-21,2025-06-03,2026-08-30,299.0,83,0.277667115894938,4904.0,9879.15464184775,127.0,539,True
APP-95760,Apparel,NovaLine,Zone B,QuickStock,contact206@quickstock.com,2024-10-05,2025-09-27,2026-09-06,336.0,255,0.3062912515329824,4904.0,7847.076218326674,34.0,15,True
BEA-62035,Beauty,CorePeak,Zone D,PrimeParts,contact920@primeparts.com,2024-10-20,2026-02-14,2026-08-24,436.0,109,0.45369658292991055,796.0,1305.6391342648524,189.0,33,True
ELE-18194,Electronics,ZenCraft,Zone C,SupplyCo India,contact218@supplycoindia.com,2024-10-19,2025-07-22,2026-09-03,8.0,209,,745.0,1898.3547188102102,162.0,39,True
ELE-48249,Electronics,AlphaEdge,ZONE B,DirectImport,contact756@directimport.com,2024-06-20,2025-05-27,2026-07-14,180.0,5,0.7039623196844007,69.0,200.71359528751495,190.0,24,True
APP-48506,Apparel,ZenCraft,zone a,LocalSource,contact220@localsource.com,2024-06-16,2026-01-22,2026-06-03,200.0,125,0.7855778688314285,3795.0,4938.853500389044,29.0,33,True
HOM-63002,Home & Kitchen,AlphaEdge,zone d,FastShip Pvt,contact335@fastshippvt.com,2024-04-19,2026-01-21,2026-07-01,307.0,142,0.6747125476263259,3211163.0,9485789.889505029,12.0,34,True
HOM-43158,Home & Kitchen,ZenCraft,Zone A,PrimeParts,contact146@primeparts.com,2024-05-03,,2026-07-11,95.0,97,0.704491120533519,754.0,1633.1289464431852,,39,True
APP-92506,Apparel,NovaLine,Zone D,PrimeParts,contact690@primeparts.com,2024-05-26,2025-12-03,2026-06-04,99.0,198,0.8078012436442269,4078.0,8628.233064213506,191.0,35,True
SPO-66465,Sports & Outdoors,SwiftBrand,zone a,LocalSource,contact228@localsource.com,2024-11-02,2025-12-07,2026-07-10,116.0,246,,1099334.0,2787180.2864143737,67.0,8,False
ELE-19495,Electronics,CorePeak,ZONE A,PrimeParts,contact453@primeparts.com,2024-10-08,2025-06-27,2026-05-26,305.0,88,0.8137880943481193,4886.0,9180.906596678715,183.0,4,True
APP-95939,Apparel,NovaLine,Zone B,SupplyCo India,,2024-05-05,,2026-09-03,145.0,120,0.7246908446678829,6077.0,9479.39086627783,80.0,31,True
APP-13582,Apparel,CorePeak,Zone A,GlobalTrade Ltd,contact561@globaltradeltd.com,2024-10-18,2026-02-05,2026-07-17,401.0,284,0.8088293837286097,1638.0,5148.23781895526,159.0,761,True
HOM-88873,Home & Kitchen,GenericPlus,ZONE C,QuickStock,contact628@quickstock.com,2024-11-27,2025-04-12,2026-09-03,445.0,85,0.882581314849929,2712.0,6298.949580713465,,8,True
HOM-33907,Home & Kitchen,TrueForm,Zone A,DirectImport,contact568@directimport.com,2024-11-16,2026-03-21,2026-09-20,28.0,40,0.5028579407493876,2709159.0,7915944.374984556,44.0,36,True
BEA-18244,Beauty,CorePeak,Zone B,PrimeParts,contact162@primeparts.com,2024-07-30,2025-11-12,2026-09-12,10.0,278,0.12262561019688889,370.0,1217.925684932372,63.0,21,True
TOY-12732,Toys,SwiftBrand,Zone B,QuickStock,contact203@quickstock.com,2024-05-17,2025-06-26,2026-08-08,80.0,279,0.838564135120348,7966.0,9521.520314229436,,13,True
ELE-96964,Electronics,ZenCraft,ZONE A,FastShip Pvt,contact515@fastshippvt.com,2024-05-07,2025-06-08,2026-07-08,393.0,232,0.18692675562717587,2148.0,6864.397356483079,88.0,26,True
SPO-12168,Sports & Outdoors,ZenCraft,ZONE D,SupplyCo India,,2024-07-17,2026-02-16,2026-08-15,31.0,150,0.2912327409725839,4380.0,13039.839597165223,64.0,13,False
AUT-30997,Automotive,UrbanWave,zone c,GlobalTrade Ltd,contact879@globaltradeltd.com,2024-04-29,2026-03-09,2026-07-07,293.0,187,0.3393624019421986,6704.0,9944.071900838364,114.0,40,True
APP-65622,Apparel,SwiftBrand,Zone C,PrimeParts,contact923@primeparts.com,2024-06-25,2025-06-14,2026-07-22,424.0,248,0.95825897684573,2180.0,3827.333006648713,185.0,3,True
BEA-51051,Beauty,AlphaEdge,Zone B,QuickStock,contact222@quickstock.com,2024-10-05,2025-08-23,2026-09-04,446.0,15,0.47543623908816235,7773.0,18970.053938891324,,699,True
BEA-64576,Beauty,GenericPlus,Zone D,LocalSource,contact978@localsource.com,2024-07-31,2025-04-10,2026-07-05,287.0,167,0.02057929886144949,2308.0,6462.308893194838,108.0,33,True
HOM-93347,Home & Kitchen,GenericPlus,Zone B,FastShip Pvt,contact165@fastshippvt.com,2024-12-05,2025-10-14,2026-06-22,203.0,0,0.08180964537035451,863.0,1349.6853395084424,145.0,33,True
STA-62493,Stationery,NovaLine,Zone A,FastShip Pvt,contact392@fastshippvt.com,2024-11-09,2025-04-30,2026-06-12,373.0,35,0.06394843340027312,990.0,1245.7748237697053,,9,True
APP-87919,Apparel,TrueForm,ZONE C,SupplyCo India,contact990@supplycoindia.com,2024-04-23,2026-01-22,2026-06-06,327.0,53,0.6708283781143476,4351.0,10307.277269676762,,44,True
APP-66645,Apparel,SwiftBrand,ZONE C,GlobalTrade Ltd,contact493@globaltradeltd.com,2024-05-24,,2026-09-14,450.0,112,0.5640235024143927,5205.0,12842.875132707399,108.0,4,True
APP-96967,Apparel,ZenCraft,Zone A,DirectImport,contact853@directimport.com,2024-06-23,2025-08-09,2026-07-01,313.0,164,0.31447432700017874,825.0,2747.005570534701,14.0,14,True
AUT-79964,Automotive,CorePeak,Zone A,LocalSource,contact116@localsource.com,2024-11-17,2026-01-22,2026-08-02,3.0,67,0.566307476148421,910.0,1408.5150819546993,,32,True
HOM-92682,Home & Kitchen,GenericPlus,zone b,SupplyCo India,contact964@supplycoindia.com,2024-06-18,2025-08-02,2026-07-16,457.0,8,0.2359506337081635,2286.0,3101.9860554259567,26.0,15,True
HOM-40411,Home & Kitchen,ZenCraft,Zone A,DirectImport,contact470@directimport.com,2024-09-01,2026-03-15,2026-08-08,423.0,84,0.20304556115414418,4603.0,10570.161455639694,191.0,23,True
HOM-54776,Home & Kitchen,SwiftBrand,zone d,PrimeParts,contact984@primeparts.com,2024-05-01,2025-08-23,2026-07-10,426.0,112,0.6036991941811807,963.0,2453.5865152775796,46.0,18,False
HOM-81129,Home & Kitchen,NovaLine,Zone C,SupplyCo India,contact118@supplycoindia.com,2024-05-01,2025-09-29,2026-07-07,236.0,83,0.8114728425019091,2015.0,4316.574619993976,155.0,41,False
APP-85886,Apparel,GenericPlus,Zone B,SupplyCo India,contact958@supplycoindia.com,2024-08-27,2025-11-27,2026-08-24,316.0,3,0.7994221534954358,6342.0,15867.10189702972,36.0,TBD,True
BEA-93524,Beauty,TrueForm,Zone B,DirectImport,contact215@directimport.com,2024-08-17,2025-06-30,2026-06-25,285.0,140,0.9324402569738457,2394.0,7654.296348544265,92.0,33,True
ELE-83755,Electronics,UrbanWave,zone c,SupplyCo India,,2024-07-08,2025-11-19,2026-09-10,306.0,129,,5269.0,6469.782640173285,166.0,express,True
SPO-87578,Sports & Outdoors,SwiftBrand,ZONE D,FastShip Pvt,contact549@fastshippvt.com,2024-07-02,2025-07-13,2026-07-14,474.0,113,0.8574174015985349,6489.0,7571.48219411151,154.0,14,False
APP-59938,Apparel,AlphaEdge,Zone B,GlobalTrade Ltd,contact213@globaltradeltd.com,2024-05-28,,2026-09-08,231.0,22,0.1521420129058414,5179.0,7949.261365439964,100.0,27,True
HOM-86365,Home & Kitchen,UrbanWave,Zone D,FastShip Pvt,contact215@fastshippvt.com,2024-06-25,2025-11-17,2026-07-10,-67.0,8,0.1851608831754188,4621.0,7389.568370361087,33.0,31,True
SPO-77199,Sports & Outdoors,CorePeak,Zone B,PrimeParts,contact197@primeparts.com,2024-07-19,2025-09-13,2026-06-05,50.0,44,0.43760287133890874,2438.0,3861.495019910693,151.0,31,True
APP-56426,Apparel,CorePeak,Zone C,PrimeParts,contact775@primeparts.com,2024-08-20,2025-04-14,2026-08-17,238.0,242,0.6392706917146977,7090.0,21582.35133938395,140.0,34,True
AUT-67930,Automotive,ZenCraft,Zone A,QuickStock,,2024-11-06,2025-12-15,2026-09-17,439.0,81,0.5636467257677684,2186.0,5649.798919988569,61.0,29,True
ELE-20022,Electronics,ZenCraft,Zone D,QuickStock,contact724@quickstock.com,2024-08-22,2026-01-26,2026-08-03,196.0,106,0.2915455350691113,4644.0,14760.398658532273,129.0,12,True
APP-32273,Apparel,AlphaEdge,ZONE D,SupplyCo India,contact666@supplycoindia.com,2024-07-03,2025-04-19,2026-07-09,319.0,71,0.5285075156840097,6880.0,9031.137911511049,88.0,7,True
APP-20004,Apparel,GenericPlus,Zone A,PrimeParts,contact846@primeparts.com,2024-09-21,2025-11-30,2026-06-22,51.0,0,0.2187221160502203,1260.0,3812.563806617158,141.0,15,True
BEA-67652,Beauty,GenericPlus,Zone C,PrimeParts,contact547@primeparts.com,2024-05-22,2026-02-16,2026-07-21,203.0,236,0.05536614461737799,1001.0,1603.3043085422262,55.0,3,False
SPO-54021,Sports & Outdoors,UrbanWave,Zone C,DirectImport,contact337@directimport.com,2024-07-02,2025-09-14,2026-07-29,288.0,178,,317.0,1031.2469747388704,,33,True
SPO-67141,Sports & Outdoors,TrueForm,Zone C,GlobalTrade Ltd,,2024-07-29,2025-05-14,2026-07-31,413.0,270,,5979.0,4630.182577068962,128.0,210,True
APP-16228,Apparel,UrbanWave,Zone C,FastShip Pvt,contact658@fastshippvt.com,2024-06-20,2025-09-07,2026-07-15,389.0,53,0.9499870218474182,4384.0,11888.917803991097,115.0,12,True
ELE-78480,Electronics,AlphaEdge,ZONE D,SupplyCo India,contact805@supplycoindia.com,2024-06-06,2025-05-22,2026-06-19,199.0,283,0.5865273697626507,3968.0,6456.495115091973,23.0,7,True
ELE-50321,Electronics,NovaLine,Zone A,LocalSource,contact762@localsource.com,2024-09-03,2025-08-11,2026-08-31,98.0,149,0.3574491369467534,4526.0,10202.18094939782,185.0,23,True
TOY-18792,Toys,ZenCraft,Zone A,LocalSource,contact411@localsource.com,2024-10-20,2025-11-21,2026-09-10,250.0,8,0.726889950802078,5166.0,16044.493962306256,180.0,10,True
ELE-81673,Electronics,AlphaEdge,Zone C,PrimeParts,contact815@primeparts.com,2024-08-27,2026-02-25,2026-08-21,153.0,55,0.46192580275801365,0.0,0.0,0.3456209714476568,28,True
SPO-44683,Sports & Outdoors,AlphaEdge,ZONE C,QuickStock,contact804@quickstock.com,2024-08-17,2025-08-08,2026-09-12,356.0,166,0.9787839266246064,3087.0,10493.123776644596,161.0,36,True
HOM-42303,Home & Kitchen,AlphaEdge,Zone D,PrimeParts,,2024-06-08,2025-07-18,2026-07-30,106.0,114,0.8151205298579854,3623.0,11133.189591390545,79.0,12,True
HOM-13625,Home & Kitchen,TrueForm,Zone C,GlobalTrade Ltd,contact386@globaltradeltd.com,2024-11-21,2025-10-04,2026-08-15,374.0,28,0.7155908586823411,4419.0,10364.073253830864,21.0,7,True
ELE-18712,Electronics,UrbanWave,Zone B,FastShip Pvt,contact533@fastshippvt.com,2024-07-30,2025-09-08,2026-06-19,276.0,6,0.3504750040911061,942.0,3003.5262450553437,,3,False
TOY-31066,Toys,ZenCraft,Zone A,FastShip Pvt,contact942@fastshippvt.com,2024-08-04,2025-11-27,2026-07-03,497.0,86,0.3419987508883583,3571.0,10109.055803268757,140.0,3,True
HOM-19655,Home & Kitchen,NovaLine,zone c,GlobalTrade Ltd,contact667@globaltradeltd.com,2024-06-29,2026-02-13,2026-06-23,401.0,252,0.16221846908698156,4512.0,6766.524516112152,34.0,18,True
ELE-16772,Electronics,TrueForm,Zone A,DirectImport,contact455@directimport.com,2024-08-23,,2026-09-12,79.0,31,0.9771411849541166,2422.0,4774.782361351396,173.0,17,False
ELE-23934,Electronics,GenericPlus,zone d,GlobalTrade Ltd,contact385@globaltradeltd.com,2024-10-14,,2026-07-16,227.0,109,0.38740618769207924,4335.0,8389.94745190251,75.0,44,True
HOM-98488,Home & Kitchen,ZenCraft,Zone C,PrimeParts,contact508@primeparts.com,2024-05-23,2025-08-28,2026-05-25,440.0,254,0.7138039156405313,4361.0,9338.343465035383,0.5633811832442371,4-6 weeks,True
ELE-86039,Electronics,ZenCraft,Zone D,GlobalTrade Ltd,,2024-08-20,2025-10-05,2026-07-11,218.0,145,0.17216522284287128,1372.0,4087.150978182024,196.0,31,True
AUT-59181,Automotive,CorePeak,Zone B,QuickStock,contact572@quickstock.com,2024-07-31,2026-02-17,2026-06-26,149.0,47,0.23067173125384743,695.0,1159.9349383746185,114.0,36,True
AUT-74085,Automotive,SwiftBrand,ZONE B,PrimeParts,,2024-11-11,2026-01-18,2026-06-23,171.0,68,0.9481417725575477,5128.0,8978.634009136935,36.0,41,True
HOM-67603,Home & Kitchen,AlphaEdge,Zone C,GlobalTrade Ltd,,2024-04-27,2025-08-30,2026-07-04,396.0,104,0.20225690568951382,2067.0,5740.92113921262,176.0,15,False
APP-23302,Apparel,ZenCraft,zone c,PrimeParts,contact688@primeparts.com,2024-07-02,2025-07-01,2026-09-01,177.0,269,0.8970182736674165,7838.0,20608.659804853076,17.0,33,True
HOM-32090,Home & Kitchen,ZenCraft,ZONE B,PrimeParts,,2024-07-09,2025-06-29,2026-06-05,32.0,0,0.8030356002934816,4636.0,10612.691299137461,,37,True
HOM-90061,Home & Kitchen,ZenCraft,Zone D,DirectImport,,2024-05-08,2026-02-19,2026-06-03,-20.0,186,0.10986967603845799,2659.0,4619.925330792078,163.0,6,True
AUT-79441,Automotive,GenericPlus,Zone B,LocalSource,contact349@localsource.com,2024-08-23,2025-04-26,2026-07-28,6.0,29,1.3552258510551283,7756.0,12157.305118716771,114.0,42,False
TOY-86689,Toys,CorePeak,Zone A,GlobalTrade Ltd,contact657@globaltradeltd.com,2024-11-01,,2026-07-24,155.0,263,0.28512415388500634,1106.0,2014.1011179993998,122.0,7,True
APP-19137,Apparel,CorePeak,ZONE B,GlobalTrade Ltd,contact328@globaltradeltd.com,2024-08-21,2025-08-31,2026-09-20,475.0,209,0.11064421468020613,1751273.0,5111022.687933858,15.0,2-3 weeks,True
APP-52897,Apparel,ZenCraft,Zone C,QuickStock,contact636@quickstock.com,2024-11-29,2025-12-14,2026-06-12,172.0,265,0.8409751496127413,7825.0,17880.33944087332,0.2666659016635204,10,True
BEA-12586,Beauty,GenericPlus,Zone D,SupplyCo India,,2024-09-21,2025-09-27,2026-07-02,306.0,35,0.5744469839495915,1751.0,2109.310468962368,186.0,14,True
APP-61966,Apparel,NovaLine,Zone A,PrimeParts,contact226@primeparts.com,2024-05-20,2025-12-23,2026-07-11,485.0,12,0.5063232888828976,0.0,0.0,189.0,13,True
ELE-82656,Electronics,UrbanWave,Zone A,QuickStock,contact271@quickstock.com,2024-06-20,2025-06-26,2026-07-20,118.0,160,0.186947804743003,7995.0,17428.868716357443,19.0,37,True
ELE-16113,Electronics,TrueForm,Zone B,LocalSource,contact480@localsource.com,2024-11-10,2026-01-01,2026-08-04,8.0,81,0.5902907744972842,6071.0,18469.327816307537,73.0,44,True
HOM-31800,Home & Kitchen,SwiftBrand,zone b,QuickStock,contact232@quickstock.com,2024-09-09,2025-08-31,2026-08-01,37.0,56,0.6971025189755757,6865.0,11690.428671193788,28.0,37,True
AUT-13205,Automotive,UrbanWave,Zone A,PrimeParts,contact218@primeparts.com,2024-08-14,2025-12-06,2026-06-11,314.0,275,1.169469900913881,705.0,1642.440687444256,102.0,9,True
ELE-30540,Electronics,SwiftBrand,Zone D,LocalSource,contact330@localsource.com,2024-04-30,2025-11-10,2026-06-03,472.0,100,,812.0,1945.7029942117672,171.0,12,True
BEA-26873,Beauty,ZenCraft,Zone B,LocalSource,contact330@localsource.com,2024-05-15,2025-04-07,2026-09-04,31.0,106,0.06950500581144414,1548.0,3421.853333625283,,20,True
APP-96643,Apparel,ZenCraft,Zone B,DirectImport,contact346@directimport.com,2024-05-30,2025-05-28,2026-06-13,-61.0,205,0.1765054427430106,5535.0,17644.217270597765,94.0,13,True
HOM-21581,Home & Kitchen,AlphaEdge,zone a,QuickStock,contact879@quickstock.com,2024-10-17,2025-07-20,2026-08-23,148.0,297,0.6988411151392335,3948.0,4841.71295412497,,17,True
ELE-55977,Electronics,AlphaEdge,Zone D,FastShip Pvt,,2024-06-28,2025-04-24,2026-07-11,117.0,71,0.14417689600331363,6239.0,14786.763051950125,15.0,TBD,True
APP-87727,Apparel,TrueForm,Zone A,SupplyCo India,contact638@supplycoindia.com,2024-08-04,2025-07-04,2026-07-27,-21.0,114,0.2981211084518104,1009.0,3378.5142047987692,166.0,5,False
TOY-32224,Toys,ZenCraft,zone c,FastShip Pvt,contact729@fastshippvt.com,2024-11-16,,2026-08-12,202.0,53,0.6873826056996791,1634.0,4971.205564470563,26.0,3,True
STA-33662,Stationery,SwiftBrand,Zone D,QuickStock,contact566@quickstock.com,2024-09-23,2025-08-25,2026-08-06,148.0,265,0.11187837490745667,7619.0,24161.911453635166,165.0,24,True
SPO-52453,Sports & Outdoors,CorePeak,Zone D,GlobalTrade Ltd,,2024-04-21,2025-04-22,2026-05-30,285.0,98,0.8889187015297683,5084.0,10386.994242344565,136.0,24,True
AUT-81463,Automotive,TrueForm,Zone C,GlobalTrade Ltd,contact139@globaltradeltd.com,2024-08-30,2025-09-22,2026-09-06,35.0,130,0.46189194903972486,2307.0,7130.680190447139,118.0,44,True
HOM-21828,Home & Kitchen,GenericPlus,ZONE D,SupplyCo India,contact229@supplycoindia.com,2024-06-22,2025-12-08,2026-05-29,406.0,63,0.4008624671903416,7271.0,21898.426746755085,0.6381708295150751,4,True
APP-89605,Apparel,TrueForm,Zone C,PrimeParts,contact688@primeparts.com,2024-06-03,,2026-08-08,496.0,95,0.3060930655441293,6679.0,11814.61904863103,179.0,14,True
TOY-20272,Toys,ZenCraft,Zone A,LocalSource,,2024-08-28,2025-12-31,2026-07-04,143.0,85,0.04373331555358573,4774.0,14311.517786736778,53.0,35,True
BEA-44488,Beauty,UrbanWave,ZONE B,DirectImport,contact181@directimport.com,2024-04-30,2025-11-18,2026-06-02,148.0,176,0.5535311299379461,3946.0,11587.350740062448,,16,True
SPO-16144,Sports & Outdoors,TrueForm,zone d,PrimeParts,contact323@primeparts.com,2024-12-04,2026-02-11,2026-05-30,333.0,196,0.004031345032858291,2291.0,4131.404970462728,69.0,31,True
APP-20782,Apparel,CorePeak,Zone D,DirectImport,contact811@directimport.com,2024-04-19,2025-05-17,2026-05-27,317.0,22,3.4527309767294994,6211.0,20047.368792819256,17.0,4,True
ELE-40418,Electronics,SwiftBrand,Zone B,PrimeParts,contact717@primeparts.com,2024-11-27,2026-01-23,2026-05-31,386.0,76,0.9903258879220486,3429.0,11641.372118757756,38.0,3,True
APP-66888,Apparel,UrbanWave,zone d,LocalSource,contact376@localsource.com,2024-08-31,2025-08-30,2026-06-18,180.0,186,0.9030104778087458,7060.0,17279.85543060384,181.0,42,True
HOM-25176,Home & Kitchen,NovaLine,zone a,LocalSource,contact333@localsource.com,2024-12-08,2025-04-08,2026-07-11,342.0,128,0.2744202654516028,6190.0,9969.644086917879,,3,True
SPO-59249,Sports & Outdoors,AlphaEdge,Zone A,PrimeParts,contact388@primeparts.com,2024-09-12,2025-06-07,2026-05-26,-26.0,83,0.5720736765456282,3667.0,11877.437407569747,10.0,6,True
SPO-26672,Sports & Outdoors,AlphaEdge,Zone D,GlobalTrade Ltd,contact259@globaltradeltd.com,2024-09-11,2025-12-08,2026-09-12,105.0,153,2.9833953569522067,2790.0,5840.663154419476,,31,True
APP-71974,Apparel,TrueForm,zone b,SupplyCo India,contact402@supplycoindia.com,2024-10-22,2025-09-04,2026-08-28,476.0,201,0.025914057423839676,2083.0,2574.5549184533465,29.0,34,True
BEA-86238,Beauty,SwiftBrand,ZONE B,PrimeParts,,2024-06-01,2025-11-11,2026-09-20,44.0,88,0.3752519376667508,7908.0,21444.845062177865,117.0,37,True
STA-31518,Stationery,CorePeak,ZONE B,SupplyCo India,contact950@supplycoindia.com,2024-04-14,2025-12-28,2026-07-01,-61.0,247,0.7292165825409685,3839632.0,10042792.756280823,71.0,40,True
HOM-39910,Home & Kitchen,UrbanWave,Zone D,SupplyCo India,contact772@supplycoindia.com,2024-08-07,2025-11-22,2026-07-08,271.0,197,0.2636189091655232,188.0,486.241305335178,153.0,40,True
HOM-87454,Home & Kitchen,AlphaEdge,Zone A,QuickStock,contact160@quickstock.com,2024-04-20,2025-05-30,2026-08-20,291.0,254,0.38159336062602245,7422.0,15426.535591456033,121.0,varies,False
HOM-10876,Home & Kitchen,CorePeak,zone d,QuickStock,,2024-08-12,2025-06-20,2026-06-12,378.0,44,0.20940024985643368,6850.0,21064.6753513035,27.0,29,True
HOM-57195,Home & Kitchen,AlphaEdge,Zone A,DirectImport,contact853@directimport.com,2024-05-26,2026-03-16,2026-09-12,365.0,93,0.6715749703265654,6323.0,8927.258284829175,,6,True
APP-62844,Apparel,NovaLine,Zone C,LocalSource,contact274@localsource.com,2024-10-20,2025-05-27,2026-08-03,-76.0,40,0.4412803503377273,2344944.0,3439935.55671119,144.0,7,True
APP-21368,Apparel,UrbanWave,zone a,FastShip Pvt,contact202@fastshippvt.com,2024-06-21,2025-05-11,2026-07-12,272.0,44,0.3649064559601235,2706.0,6650.70870223898,,7,True
APP-41160,Apparel,CorePeak,Zone C,FastShip Pvt,contact384@fastshippvt.com,2024-11-05,,2026-05-27,203.0,270,0.5247611332191204,1245.0,2153.383528627548,185.0,5,True
BEA-24282,Beauty,ZenCraft,Zone A,PrimeParts,contact709@primeparts.com,2024-10-20,2026-03-04,2026-08-12,207.0,47,0.4524658597568082,1277.0,1656.6102911927417,15.0,29,True
APP-68151,Apparel,UrbanWave,Zone C,PrimeParts,contact760@primeparts.com,2024-06-01,2025-08-31,2026-08-26,313.0,132,0.4499299235833579,5824.0,12761.933838402598,74.0,32,True
APP-74361,Apparel,CorePeak,Zone A,SupplyCo India,contact695@supplycoindia.com,2024-04-27,,2026-07-29,294.0,120,0.9872636726652017,7980.0,13124.581050050789,60.0,39,True
BEA-23559,Beauty,ZenCraft,ZONE B,DirectImport,contact749@directimport.com,2024-11-03,2025-09-22,2026-07-30,138.0,231,0.30898034078100367,7173.0,18962.230326017892,,32,True
HOM-32937,Home & Kitchen,SwiftBrand,zone b,DirectImport,contact175@directimport.com,2024-06-30,,2026-09-06,299.0,231,0.14529046000984758,7790.0,24019.311695820776,190.0,3,True
BEA-48465,Beauty,AlphaEdge,Zone A,LocalSource,contact375@localsource.com,2024-10-20,2026-02-04,2026-05-26,370.0,249,0.33813908550361405,3411.0,11485.979641694228,35.0,35,True
TOY-57119,Toys,TrueForm,Zone D,GlobalTrade Ltd,contact748@globaltradeltd.com,2024-11-01,2025-11-11,2026-06-14,92.0,190,0.9809105072289253,3035.0,4984.3171184371095,195.0,19,True
HOM-68154,Home & Kitchen,ZenCraft,zone a,PrimeParts,contact694@primeparts.com,2024-12-02,2025-11-12,2026-07-31,313.0,244,0.4293539110124036,5302.0,15878.128333342192,152.0,5,True
TOY-70712,Toys,AlphaEdge,zone c,SupplyCo India,contact810@supplycoindia.com,2024-10-01,2026-02-02,2026-09-19,118.0,161,0.6141739531695292,4807.0,16673.72310957793,,25,True
SPO-91251,Sports & Outdoors,NovaLine,Zone A,PrimeParts,contact879@primeparts.com,2024-05-28,2025-11-30,2026-08-06,493.0,89,0.21930201241772396,6629.0,15902.769066391142,136.0,26,True
HOM-90367,Home & Kitchen,AlphaEdge,Zone C,GlobalTrade Ltd,,2024-07-04,2025-09-25,2026-06-04,192.0,241,,7808.0,19108.638295043093,198.0,9,True
HOM-25384,Home & Kitchen,SwiftBrand,Zone A,GlobalTrade Ltd,contact832@globaltradeltd.com,2024-09-10,2025-11-30,2026-08-04,-3.0,54,0.9546773186845388,2264454.0,5113453.964429629,141.0,37,False
SPO-82950,Sports & Outdoors,UrbanWave,ZONE A,SupplyCo India,contact761@supplycoindia.com,2024-05-01,2025-10-17,2026-06-18,54.0,176,0.2083654575214854,538.0,660.9305810081632,24.0,27,False
APP-78186,Apparel,UrbanWave,zone b,PrimeParts,contact592@primeparts.com,2024-04-19,2025-06-25,2026-06-25,15.0,294,3.2104907607184012,7961.0,20794.370807703883,93.0,15,False
AUT-31097,Automotive,CorePeak,Zone B,DirectImport,contact689@directimport.com,2024-11-18,2026-01-26,2026-07-08,-2.0,50,0.28077281297224477,7169.0,13498.00326969614,,18,True
TOY-43251,Toys,AlphaEdge,Zone C,PrimeParts,,2024-11-23,2025-12-07,2026-07-31,208.0,262,0.8801593093131364,4849.0,5947.488175290845,89.0,37,True
AUT-76972,Automotive,CorePeak,Zone D,QuickStock,contact548@quickstock.com,2024-11-25,2025-05-28,2026-07-22,250.0,49,0.3431088948325488,1242.0,3255.039620303525,159.0,29,True
APP-11789,Apparel,SwiftBrand,Zone A,SupplyCo India,contact871@supplycoindia.com,2024-10-30,2025-12-31,2026-06-23,79.0,34,0.4596423317372498,4107.0,13303.418388711152,116.0,42,True
APP-82672,Apparel,CorePeak,Zone B,SupplyCo India,contact562@supplycoindia.com,2024-09-18,2025-05-27,2026-05-28,382.0,133,0.8777416678935248,6866.0,17171.57531486558,161.0,12,True
TOY-58134,Toys,SwiftBrand,ZONE A,LocalSource,,2024-06-26,2025-06-29,2026-08-14,51.0,34,0.6369481260319515,5673.0,4408.651202634807,86.0,31,True
STA-83238,Stationery,TrueForm,Zone B,SupplyCo India,contact403@supplycoindia.com,2024-08-06,2025-12-25,2026-06-12,403.0,87,0.7590203957426647,7746.0,12291.359945039412,0.4824877022385845,17,False
ELE-18690,Electronics,AlphaEdge,Zone A,QuickStock,contact905@quickstock.com,2024-10-22,,2026-07-25,444.0,213,0.785501859380058,2182.0,5808.564056235708,0.2417156553644107,25,False
ELE-15980,Electronics,NovaLine,Zone C,PrimeParts,contact243@primeparts.com,2024-04-13,2025-10-09,2026-06-13,286.0,140,0.10700188547238032,5033.0,11992.767479535025,90.0,27,True
HOM-91830,Home & Kitchen,ZenCraft,ZONE B,SupplyCo India,contact507@supplycoindia.com,2024-11-08,2025-05-08,2026-07-06,419.0,283,0.08790176566973074,2731.0,5461.7628913545495,54.0,44,True
APP-24675,Apparel,GenericPlus,Zone C,GlobalTrade Ltd,contact912@globaltradeltd.com,2024-05-10,2025-04-14,2026-06-22,322.0,93,0.39141010684921096,7607.0,24148.2531874991,111.0,12,True
STA-95708,Stationery,GenericPlus,Zone D,DirectImport,contact998@directimport.com,2024-11-12,2025-11-22,2026-06-12,47.0,125,0.907616722945267,6209.0,18018.651260922106,198.0,13,True
TOY-30243,Toys,AlphaEdge,Zone D,SupplyCo India,contact380@supplycoindia.com,2024-11-08,2025-11-05,2026-06-12,241.0,249,0.8784891635466036,6458.0,14968.638096541039,92.0,35,True
HOM-78962,Home & Kitchen,GenericPlus,Zone C,QuickStock,,2024-05-24,2025-11-10,2026-07-27,326.0,61,0.5867368696336988,5274.0,9426.773246713066,61.0,33,True
BEA-86554,Beauty,TrueForm,Zone D,PrimeParts,contact357@primeparts.com,2024-07-24,2025-07-21,2026-08-29,264.0,255,0.2851483969875701,4990.0,7943.548493672736,0.4620883456976353,20,True
APP-63133,Apparel,TrueForm,zone a,FastShip Pvt,contact407@fastshippvt.com,2024-04-07,2025-05-17,2026-09-15,196.0,58,0.48151873560243863,3574.0,5803.874002120299,72.0,359,True
TOY-12765,Toys,UrbanWave,ZONE D,GlobalTrade Ltd,contact408@globaltradeltd.com,2024-11-17,2025-11-10,2026-08-30,438.0,177,0.3227598760036712,2021.0,5196.051821870653,172.0,27,True
SPO-38458,Sports & Outdoors,SwiftBrand,Zone D,GlobalTrade Ltd,contact606@globaltradeltd.com,2024-05-18,2025-08-25,2026-08-18,454.0,130,0.030493637828196696,3135.0,6034.111856017664,166.0,4-6 weeks,False
ELE-31570,Electronics,UrbanWave,ZONE C,QuickStock,contact132@quickstock.com,2024-06-07,2025-07-10,2026-06-07,463.0,285,2.609428592056015,6306.0,21284.45322194694,66.0,43,True
BEA-16241,Beauty,NovaLine,ZONE B,QuickStock,contact887@quickstock.com,2024-10-24,2025-10-24,2026-09-10,-25.0,256,0.2410092838501532,3974.0,12043.750629936449,28.0,8,True
BEA-19501,Beauty,ZenCraft,Zone C,PrimeParts,contact229@primeparts.com,2024-10-26,2025-05-02,2026-07-13,397.0,57,0.015449437771134389,2293.0,7471.298144852684,85.0,7,False
ELE-98422,Electronics,TrueForm,Zone A,QuickStock,contact462@quickstock.com,2024-07-24,2026-02-06,2026-08-08,80.0,235,0.042407267765664614,0.0,0.0,175.0,11,True
BEA-40975,Beauty,GenericPlus,zone c,GlobalTrade Ltd,contact484@globaltradeltd.com,2024-07-08,2025-05-09,2026-07-10,17.0,198,0.8675162382390372,5790.0,11745.196065404227,158.0,20,True
BEA-74889,Beauty,TrueForm,ZONE B,QuickStock,contact919@quickstock.com,2024-12-05,2026-03-24,2026-06-06,310.0,287,0.09772664007977261,7692.0,12921.821527676686,26.0,10,True
AUT-69098,Automotive,GenericPlus,Zone C,GlobalTrade Ltd,contact229@globaltradeltd.com,2024-07-09,2025-09-17,2026-07-25,-3.0,36,0.69149752942003,6408.0,9936.08391089124,18.0,~1 month,True
TOY-24476,Toys,NovaLine,Zone A,QuickStock,contact256@quickstock.com,2024-07-02,2025-09-20,2026-07-03,295.0,61,0.11667070084233677,4264.0,7542.170086338502,73.0,15,True
TOY-19874,Toys,CorePeak,Zone A,SupplyCo India,contact683@supplycoindia.com,2024-04-21,2026-01-24,2026-08-23,26.0,253,0.15065103603790353,6722.0,15116.450907313312,85.0,22,True
ELE-11528,Electronics,UrbanWave,Zone A,LocalSource,,2024-10-17,2025-08-08,2026-09-07,265.0,115,0.7862033973945894,362.0,490.13398260779354,0.8309148126850321,9,True
ELE-10500,Electronics,ZenCraft,Zone A,QuickStock,contact627@quickstock.com,2024-08-09,,2026-07-24,320.0,191,0.8807521298207358,5202.0,17916.300444699336,41.0,26,True
STA-75238,Stationery,TrueForm,Zone B,QuickStock,contact245@quickstock.com,2024-09-05,2025-08-08,2026-06-25,185.0,248,0.29312415345214093,6974.0,14363.356782873843,,37,False
APP-55611,Apparel,ZenCraft,zone a,DirectImport,contact332@directimport.com,2024-12-02,2026-01-07,2026-08-06,-42.0,131,0.8669780809764044,1416.0,1992.518978769164,10.0,8,True
HOM-69368,Home & Kitchen,AlphaEdge,Zone A,GlobalTrade Ltd,,2024-05-09,2025-06-05,2026-05-25,450.0,131,0.5132313513660973,2197.0,6144.765733180135,89.0,31,True
ELE-56249,Electronics,TrueForm,Zone D,DirectImport,contact571@directimport.com,2024-09-02,2025-10-07,2026-07-25,392.0,150,0.5770239632009915,5972.0,18361.874958595003,0.8363904184332722,14,True
APP-90860,Apparel,ZenCraft,Zone D,PrimeParts,contact787@primeparts.com,2024-06-21,2025-08-23,2026-06-04,356.0,29,,4752.0,9098.370021220457,146.0,40,True
BEA-69001,Beauty,TrueForm,Zone D,QuickStock,contact981@quickstock.com,2024-09-12,2025-04-02,2026-07-18,208.0,212,0.7274096257130812,5428.0,18016.856283454807,108.0,36,True
BEA-79165,Beauty,AlphaEdge,ZONE C,PrimeParts,contact394@primeparts.com,2024-09-05,2026-03-10,2026-05-27,467.0,227,0.3909425400643224,6441.0,22414.567861231542,165.0,42,True
ELE-31713,Electronics,GenericPlus,Zone B,LocalSource,contact177@localsource.com,2024-05-07,2025-08-14,2026-08-20,346.0,115,1.6707707723097582,2978.0,6601.279938995559,154.0,32,True
HOM-73001,Home & Kitchen,NovaLine,Zone B,LocalSource,contact814@localsource.com,2024-12-03,2025-04-28,2026-08-21,199.0,283,0.7738279673214843,1305.0,1995.424305364826,158.0,27,True
ELE-11160,Electronics,TrueForm,ZONE C,DirectImport,contact261@directimport.com,2024-11-24,2025-04-03,2026-08-07,243.0,11,0.8478549783546693,2428407.0,5787573.2762369905,112.0,4-6 weeks,True
BEA-68492,Beauty,NovaLine,Zone B,LocalSource,,2024-06-15,2026-02-16,2026-08-08,191.0,255,0.11343687503965127,4654.0,12121.50167457708,43.0,41,True
HOM-37037,Home & Kitchen,UrbanWave,Zone C,QuickStock,contact858@quickstock.com,2024-04-11,2026-01-05,2026-07-17,311.0,266,0.9714461836602762,3485171.0,7051965.092013808,150.0,18,True
BEA-33147,Beauty,SwiftBrand,ZONE B,GlobalTrade Ltd,contact845@globaltradeltd.com,2024-10-26,2026-03-13,2026-08-21,429.0,242,0.14068450267491506,6115.0,9659.6444369883,152.0,40,True
ELE-66679,Electronics,CorePeak,Zone C,DirectImport,contact515@directimport.com,2024-05-09,2026-01-30,2026-06-09,159.0,126,0.052851817909438936,5444.0,15391.398875120505,,17,True
HOM-23328,Home & Kitchen,ZenCraft,Zone A,PrimeParts,,2024-06-02,2026-01-22,2026-07-13,416.0,36,0.6017543612120486,1596.0,4281.302070083495,183.0,12,True
HOM-49908,Home & Kitchen,ZenCraft,Zone A,PrimeParts,contact437@primeparts.com,2024-04-25,2026-01-28,2026-07-28,122.0,109,,6398.0,13025.552162994894,105.0,43,True
BEA-56366,Beauty,SwiftBrand,Zone C,SupplyCo India,contact192@supplycoindia.com,2024-09-27,2025-05-01,2026-09-12,375.0,195,0.7062230495648705,6721.0,18567.110761630254,22.0,4,True
TOY-65497,Toys,ZenCraft,Zone C,SupplyCo India,contact241@supplycoindia.com,2024-10-12,2025-11-25,2026-06-27,11.0,266,0.8906783751861161,5243.0,10075.57541754799,165.0,12,True
SPO-58669,Sports & Outdoors,UrbanWave,Zone D,DirectImport,contact714@directimport.com,2024-07-22,2025-09-24,2026-08-21,278.0,7,0.787999621919646,3817.0,8517.360445427057,97.0,35,True
TOY-89826,Toys,NovaLine,Zone B,QuickStock,contact171@quickstock.com,2024-05-20,2025-11-25,2026-09-14,14.0,189,0.793003698031138,0.0,0.0,192.0,2-3 weeks,False
APP-51996,Apparel,ZenCraft,Zone C,LocalSource,contact781@localsource.com,2024-10-14,2026-01-18,2026-06-04,470.0,277,0.9103925888502621,2058.0,6144.704064941162,166.0,2-3 weeks,True
AUT-81076,Automotive,AlphaEdge,ZONE A,SupplyCo India,contact549@supplycoindia.com,2024-09-29,2025-09-29,2026-05-25,208.0,78,0.9763669930846651,3749.0,4962.141788435511,82.0,TBD,False
APP-24922,Apparel,SwiftBrand,Zone C,DirectImport,,2024-05-10,2025-08-07,2026-07-03,-24.0,232,2.8916371018618623,1114.0,2959.180076906728,37.0,43,True
HOM-48946,Home & Kitchen,ZenCraft,Zone B,GlobalTrade Ltd,,2024-08-23,,2026-09-01,137.0,24,,5124.0,9105.585589783965,199.0,17,True
BEA-37750,Beauty,NovaLine,Zone A,QuickStock,contact644@quickstock.com,2024-04-20,,2026-09-06,390.0,237,0.4495773829010198,3105.0,6149.5091463713425,,34,True
ELE-39665,Electronics,SwiftBrand,ZONE D,GlobalTrade Ltd,contact344@globaltradeltd.com,2024-11-07,2025-08-07,2026-08-04,364.0,67,,2594.0,7928.889388473122,118.0,32,True
HOM-25672,Home & Kitchen,ZenCraft,Zone B,DirectImport,contact823@directimport.com,2024-09-16,2026-02-15,2026-07-20,263.0,129,0.4513171926850015,3525.0,7332.21551303363,160.0,28,True
BEA-67092,Beauty,AlphaEdge,ZONE A,DirectImport,contact700@directimport.com,2024-04-18,,2026-07-14,496.0,30,0.15254442725978568,645.0,1060.7872092457874,,12,True
STA-30459,Stationery,NovaLine,Zone C,LocalSource,contact650@localsource.com,2024-11-23,2025-05-31,2026-07-18,303.0,296,0.7437173241705565,4743.0,9337.125228379002,54.0,20,True
ELE-31160,Electronics,SwiftBrand,Zone D,FastShip Pvt,contact283@fastshippvt.com,2024-06-07,2025-11-12,2026-07-19,491.0,72,3.4798517857061126,4390.0,7640.8169655773845,35.0,8,True
ELE-16532,Electronics,TrueForm,Zone C,FastShip Pvt,contact112@fastshippvt.com,2024-06-23,2025-09-18,2026-08-27,468.0,169,3.4622151388830305,5099.0,15219.790215454292,69.0,31,False
TOY-55158,Toys,ZenCraft,zone b,QuickStock,,2024-07-03,2025-05-15,2026-09-04,317.0,194,0.14902960512766272,882398.0,1574962.1528583416,64.0,9,True
SPO-84011,Sports & Outdoors,GenericPlus,Zone B,GlobalTrade Ltd,,2024-11-13,2025-06-24,2026-06-12,441.0,235,0.8498238386279882,4716.0,16103.16195505119,,16,True
BEA-88111,Beauty,TrueForm,Zone D,DirectImport,contact138@directimport.com,2024-07-22,,2026-07-24,240.0,48,0.6000557650317335,6255.0,21874.60754983806,51.0,27,True
TOY-53429,Toys,UrbanWave,Zone C,LocalSource,,2024-09-29,2025-05-29,2026-09-01,309.0,132,0.5750877882025935,3147.0,4831.727004558829,18.0,25,True
SPO-31277,Sports & Outdoors,CorePeak,Zone A,DirectImport,contact175@directimport.com,2024-06-29,2025-11-21,2026-09-19,145.0,187,0.4486490238180658,3116.0,7681.663932957905,65.0,5,True
HOM-74838,Home & Kitchen,NovaLine,Zone D,DirectImport,contact107@directimport.com,2024-05-26,2025-04-28,2026-06-07,87.0,120,0.34458516996277944,4195.0,13812.709485988964,36.0,29,True
BEA-15650,Beauty,AlphaEdge,Zone D,LocalSource,contact982@localsource.com,2024-09-21,2026-02-14,2026-06-06,400.0,283,0.8964546254177717,6009.0,9048.424522498748,,36,True
APP-82015,Apparel,ZenCraft,Zone B,PrimeParts,,2024-04-08,,2026-07-09,106.0,66,0.7987148558304916,4474.0,8643.573165670696,63.0,39,True
APP-17110,Apparel,AlphaEdge,zone b,PrimeParts,contact467@primeparts.com,2024-04-23,,2026-07-15,-5.0,241,,7633.0,14308.796968970071,0.7171843881194494,16,True
BEA-64922,Beauty,ZenCraft,ZONE C,QuickStock,contact684@quickstock.com,2024-08-04,2026-03-23,2026-08-21,234.0,256,0.3686663085640869,6270.0,20781.318048573346,174.0,28,True
HOM-24409,Home & Kitchen,NovaLine,Zone D,LocalSource,contact840@localsource.com,2024-07-10,2025-12-23,2026-06-13,142.0,206,0.0335640083718628,863.0,1795.486665470885,195.0,16,False
SPO-10592,Sports & Outdoors,GenericPlus,Zone B,FastShip Pvt,,2024-05-16,2025-07-07,2026-09-17,266.0,74,0.5237142083466224,1321.0,2109.340569631002,116.0,17,True
HOM-90584,Home & Kitchen,UrbanWave,zone c,GlobalTrade Ltd,,2024-04-12,2025-10-27,2026-08-29,492.0,41,0.941815878213241,5012.0,15941.654837540593,100.0,10,True
STA-47146,Stationery,AlphaEdge,Zone A,LocalSource,,2024-05-09,2025-11-05,2026-08-29,318.0,136,,2128.0,5828.761391171854,49.0,32,True
TOY-63656,Toys,UrbanWave,zone c,GlobalTrade Ltd,contact420@globaltradeltd.com,2024-05-13,2025-12-14,2026-08-13,175.0,191,0.6349253777566946,6106.0,12079.802594315068,164.0,22,True
BEA-58297,Beauty,NovaLine,Zone A,GlobalTrade Ltd,contact446@globaltradeltd.com,2024-08-23,2026-01-29,2026-09-05,167.0,1,0.8978044928368,2217.0,6963.899757439644,81.0,33,False
HOM-38126,Home & Kitchen,TrueForm,Zone A,LocalSource,contact302@localsource.com,2024-06-09,2026-03-21,2026-06-19,147.0,268,0.08848141271316667,6940.0,21152.429798534373,44.0,35,True
STA-87000,Stationery,ZenCraft,Zone D,PrimeParts,contact807@primeparts.com,2024-06-06,2026-01-12,2026-09-15,140.0,2,0.2465878047164256,1600.0,3451.629976497192,,31,False
BEA-52344,Beauty,NovaLine,Zone A,LocalSource,contact835@localsource.com,2024-09-14,2026-02-23,2026-07-18,119.0,125,0.4435702539656158,1640.0,3730.283153729578,184.0,33,False
BEA-61294,Beauty,GenericPlus,zone b,DirectImport,contact623@directimport.com,2024-04-18,2026-01-28,2026-09-06,447.0,123,0.3308238814566432,4317.0,8712.934022641724,,~1 month,True
ELE-13723,Electronics,SwiftBrand,Zone B,LocalSource,contact176@localsource.com,2024-12-09,2025-08-08,2026-07-03,424.0,41,0.07925973440912881,3066.0,6315.833325459178,135.0,29,True
AUT-91913,Automotive,GenericPlus,Zone D,PrimeParts,contact661@primeparts.com,2024-05-29,2025-05-22,2026-06-08,236.0,71,0.6803110235134375,1569.0,5071.158467435971,137.0,11,True
APP-10237,Apparel,CorePeak,Zone C,PrimeParts,contact996@primeparts.com,2024-08-26,2025-10-03,2026-08-15,422.0,154,0.05894451871723949,4251.0,11055.576249204987,0.5771875100985085,16,True
HOM-47365,Home & Kitchen,NovaLine,ZONE D,QuickStock,contact124@quickstock.com,2024-05-09,2026-03-25,2026-07-26,284.0,274,0.5633213898032114,343.0,809.093238687831,189.0,33,True
APP-86366,Apparel,ZenCraft,ZONE C,FastShip Pvt,contact695@fastshippvt.com,2024-07-10,2025-08-03,2026-06-24,322.0,128,0.5947842033161633,2824.0,8844.027642333785,116.0,12,True
HOM-43988,Home & Kitchen,CorePeak,Zone B,DirectImport,contact919@directimport.com,2024-09-21,2025-07-15,2026-07-07,243.0,197,0.19795988851961455,4287.0,9676.761371071345,75.0,33,True
ELE-86767,Electronics,SwiftBrand,Zone C,DirectImport,contact614@directimport.com,2024-09-03,2025-08-15,2026-08-09,319.0,203,0.21580710872612907,3196.0,4281.725867611773,52.0,13,False
HOM-70968,Home & Kitchen,GenericPlus,Zone C,DirectImport,contact274@directimport.com,2024-07-23,2025-12-17,2026-05-28,374.0,27,0.926750095217251,5460.0,12751.040822139963,53.0,23,True
SPO-85349,Sports & Outdoors,NovaLine,ZONE A,GlobalTrade Ltd,contact927@globaltradeltd.com,2024-09-02,,2026-08-21,115.0,187,2.2532236312234337,921.0,2078.735769648312,33.0,39,True
ELE-50008,Electronics,AlphaEdge,Zone C,LocalSource,contact424@localsource.com,2024-07-30,2025-12-07,2026-06-27,347.0,59,0.06575620265625293,1473.0,2897.7427782982586,195.0,24,True
AUT-65021,Automotive,AlphaEdge,ZONE C,LocalSource,contact554@localsource.com,2024-09-15,2026-03-15,2026-06-02,318.0,88,0.9758896178861992,6362.0,11478.431861237481,66.0,19,False
HOM-40295,Home & Kitchen,UrbanWave,Zone C,GlobalTrade Ltd,contact364@globaltradeltd.com,2024-06-07,2025-09-23,2026-08-20,138.0,251,0.4575585615152218,1473.0,4749.123414073914,0.6083061931195995,21,True
TOY-21756,Toys,ZenCraft,zone a,PrimeParts,contact648@primeparts.com,2024-04-26,,2026-08-31,17.0,14,0.7373727365387095,331.0,477.31872770529355,120.0,29,True
BEA-16958,Beauty,UrbanWave,Zone B,FastShip Pvt,contact276@fastshippvt.com,2024-04-09,2025-07-14,2026-08-22,177.0,18,0.8019962885428871,6054.0,7882.79047157364,144.0,31,True
AUT-48877,Automotive,TrueForm,Zone C,QuickStock,,2024-07-28,2025-12-14,2026-08-10,75.0,56,0.09338323120104874,488.0,788.3103427233552,121.0,24,True
BEA-58427,Beauty,TrueForm,zone b,DirectImport,contact118@directimport.com,2024-07-29,2025-11-14,2026-06-22,87.0,150,0.11184485657400789,6636.0,15812.676111425444,,7,True
APP-91282,Apparel,SwiftBrand,Zone C,SupplyCo India,contact661@supplycoindia.com,2024-10-31,2025-08-11,2026-06-15,-35.0,205,1.9540631580227477,2683.0,2188.902304768629,,17,True
APP-70480,Apparel,ZenCraft,Zone B,GlobalTrade Ltd,,2024-11-30,,2026-08-28,434.0,257,0.7996703891589887,2597.0,6093.446918911049,154.0,5,True
ELE-59409,Electronics,SwiftBrand,Zone D,LocalSource,contact992@localsource.com,2024-09-07,2025-03-31,2026-07-15,426.0,153,0.21216256381628085,973.0,1911.5888087095093,161.0,5,True
APP-65253,Apparel,CorePeak,Zone A,DirectImport,contact361@directimport.com,2024-06-26,2025-11-03,2026-09-04,173.0,178,0.2798914203108567,6715.0,9963.892200671944,189.0,11,True
AUT-75862,Automotive,ZenCraft,Zone B,FastShip Pvt,contact874@fastshippvt.com,2024-11-23,2025-12-08,2026-07-26,353.0,78,0.7646142552701075,5638.0,14354.313302757577,52.0,9,True
TOY-49235,Toys,ZenCraft,Zone C,LocalSource,contact315@localsource.com,2024-05-28,2025-05-27,2026-06-20,194.0,169,0.9321589094309372,5445.0,15586.438824872179,173.0,41,False
HOM-67543,Home & Kitchen,ZenCraft,Zone B,QuickStock,contact841@quickstock.com,2024-09-01,2025-04-14,2026-07-28,239.0,291,0.004755658698868626,6461.0,16049.382285190559,75.0,31,True
HOM-30616,Home & Kitchen,ZenCraft,zone c,SupplyCo India,,2024-04-16,,2026-09-11,371.0,276,0.8439056603368349,7444.0,21093.43623735117,45.0,29,True
HOM-34190,Home & Kitchen,NovaLine,Zone C,QuickStock,contact445@quickstock.com,2024-09-20,2025-06-24,2026-06-11,367.0,229,0.39131178923761833,3664.0,8782.468683406965,12.0,31,True
HOM-18277,Home & Kitchen,TrueForm,ZONE B,QuickStock,contact476@quickstock.com,2024-06-14,,2026-05-29,92.0,187,0.7779376724364274,3125.0,7254.089902817168,65.0,25,True
BEA-98066,Beauty,UrbanWave,Zone A,PrimeParts,contact652@primeparts.com,2024-06-27,2025-06-23,2026-09-14,392.0,89,0.28543989002591885,2436.0,7539.714730786485,189.0,34,True
AUT-86377,Automotive,GenericPlus,Zone B,QuickStock,contact302@quickstock.com,2024-08-22,2025-08-05,2026-07-08,357.0,166,0.34821642768625605,3734817.0,11537776.570412852,25.0,31,True
APP-77642,Apparel,CorePeak,zone c,FastShip Pvt,contact804@fastshippvt.com,2024-08-15,2025-07-14,2026-06-22,11.0,113,0.25849391814630296,6220.0,14137.535936681345,149.0,13,True
TOY-28023,Toys,UrbanWave,zone a,LocalSource,,2024-05-07,2025-12-29,2026-08-15,14.0,46,0.46337316333928646,5612.0,6852.135119499066,75.0,9,False
APP-52749,Apparel,TrueForm,zone b,LocalSource,contact948@localsource.com,2024-08-14,2026-01-23,2026-06-14,242.0,143,0.010127082078370875,3809.0,3098.9578364887857,67.0,26,True
HOM-24234,Home & Kitchen,NovaLine,Zone A,SupplyCo India,contact153@supplycoindia.com,2024-06-15,2025-07-02,2026-06-08,303.0,270,0.06599642874644274,2240939.0,4189710.207657336,40.0,40,True
HOM-19202,Home & Kitchen,AlphaEdge,Zone C,QuickStock,contact472@quickstock.com,2024-06-05,2025-12-03,2026-06-12,337.0,299,0.6579438945515492,6621.0,9279.007664313043,75.0,10,True
AUT-40530,Automotive,CorePeak,Zone D,PrimeParts,contact200@primeparts.com,2024-04-23,2025-06-12,2026-08-23,166.0,264,0.33026142662914537,1424.0,4676.4071606206135,83.0,7,True
APP-34992,Apparel,UrbanWave,Zone C,QuickStock,contact298@quickstock.com,2024-04-23,2025-11-12,2026-07-14,390.0,222,0.43679130642646335,5190.0,9176.254411947622,,6,True
BEA-88618,Beauty,GenericPlus,ZONE B,GlobalTrade Ltd,,2024-08-02,2025-12-07,2026-07-24,413.0,247,0.18137763492724512,5035.0,15095.179440148464,0.3739072839560595,42,True
SPO-54103,Sports & Outdoors,SwiftBrand,Zone D,LocalSource,contact638@localsource.com,2024-09-09,2026-01-17,2026-07-31,175.0,95,0.7707841962518243,6802.0,20340.613362512122,,20,True
SPO-82999,Sports & Outdoors,TrueForm,ZONE B,DirectImport,,2024-11-01,2025-04-07,2026-09-07,292.0,134,,3416.0,4681.418556956305,,6,True
TOY-92808,Toys,UrbanWave,Zone A,SupplyCo India,contact392@supplycoindia.com,2024-09-06,2026-03-12,2026-07-10,-18.0,84,0.05018438199090158,1644.0,5212.554671737103,133.0,19,True
APP-32070,Apparel,UrbanWave,Zone C,SupplyCo India,contact372@supplycoindia.com,2024-09-04,2025-06-26,2026-08-19,33.0,15,1.5637185610924849,6111.0,11750.114854737008,,43,True
APP-33400,Apparel,CorePeak,zone d,QuickStock,contact309@quickstock.com,2024-05-19,2025-09-29,2026-09-05,354.0,284,0.32504659269600367,4537.0,13637.669553458914,133.0,on demand,True
BEA-68763,Beauty,CorePeak,zone c,FastShip Pvt,contact825@fastshippvt.com,2024-10-05,2025-06-30,2026-07-26,11.0,186,0.5997852870616172,614.0,989.6198104366571,70.0,17,True
APP-97760,Apparel,AlphaEdge,Zone A,GlobalTrade Ltd,contact225@globaltradeltd.com,2024-09-15,2025-09-12,2026-07-23,14.0,280,0.35848571469504276,3688.0,5725.682760952091,,43,True
TOY-30876,Toys,TrueForm,Zone B,DirectImport,,2024-05-28,2025-10-28,2026-07-23,397.0,281,0.01771159536356237,7628.0,9623.931381477352,94.0,30,True
ELE-59702,Electronics,TrueForm,Zone D,QuickStock,contact163@quickstock.com,2024-05-31,2025-11-25,2026-05-26,342.0,101,0.5091013865416559,4703.0,9114.232971005567,178.0,40,True
HOM-72891,Home & Kitchen,AlphaEdge,Zone A,FastShip Pvt,,2024-06-29,,2026-08-11,58.0,30,0.35561752584224915,861.0,2342.007382645852,22.0,28,True
AUT-54801,Automotive,AlphaEdge,zone c,QuickStock,contact156@quickstock.com,2024-08-17,2025-11-17,2026-06-19,390.0,249,0.07710057487568489,1891.0,3773.822824393645,80.0,41,True
SPO-83695,Sports & Outdoors,GenericPlus,Zone C,QuickStock,contact707@quickstock.com,2024-10-10,2025-04-07,2026-07-06,123.0,77,0.3970732232871701,7005.0,17724.97921682939,157.0,22,True
HOM-22470,Home & Kitchen,SwiftBrand,Zone C,SupplyCo India,contact420@supplycoindia.com,2024-10-21,2025-09-06,2026-07-17,84.0,8,0.7917897485445482,6359.0,12500.895939643782,,4,True
HOM-70440,Home & Kitchen,ZenCraft,ZONE C,DirectImport,contact812@directimport.com,2024-04-29,2025-09-16,2026-06-25,268.0,278,0.520612535099327,5735.0,18118.549418072842,60.0,18,True
AUT-89162,Automotive,UrbanWave,Zone B,GlobalTrade Ltd,contact889@globaltradeltd.com,2024-05-11,2025-05-15,2026-06-13,287.0,103,0.8593084784668796,2159.0,6788.640878036888,97.0,34,False
SPO-32328,Sports & Outdoors,AlphaEdge,Zone C,QuickStock,contact878@quickstock.com,2024-10-28,2026-02-09,2026-07-25,122.0,148,0.8232803669581201,1252.0,1944.560091217137,110.0,23,True
BEA-65333,Beauty,NovaLine,Zone B,GlobalTrade Ltd,,2024-07-08,,2026-07-09,400.0,232,0.32454290527450735,265.0,493.51516291864414,31.0,5,True
APP-94657,Apparel,TrueForm,Zone D,GlobalTrade Ltd,,2024-06-27,2025-06-25,2026-06-29,453.0,35,0.21756227102669023,2299.0,4688.100347270664,14.0,38,True
APP-59427,Apparel,UrbanWave,Zone B,DirectImport,contact937@directimport.com,2024-04-25,,2026-06-03,157.0,84,,6682.0,17566.708427962803,125.0,31,True
SPO-49464,Sports & Outdoors,CorePeak,Zone A,LocalSource,contact778@localsource.com,2024-12-01,,2026-08-18,274.0,49,,3718350.0,6271727.4457135815,94.0,44,True
APP-83794,Apparel,AlphaEdge,Zone C,DirectImport,,2024-11-28,2025-09-10,2026-06-17,160.0,237,0.3433148001349876,936.0,1173.6217176061014,16.0,439,True
SPO-48955,Sports & Outdoors,NovaLine,Zone C,DirectImport,contact423@directimport.com,2024-11-11,,2026-09-12,351.0,153,0.19572974962058798,2621140.0,7328162.362944296,40.0,43,True
BEA-77604,Beauty,NovaLine,Zone A,FastShip Pvt,contact586@fastshippvt.com,2024-05-13,2025-11-28,2026-07-07,344.0,203,0.899025554768852,6221.0,10545.05327172689,57.0,33,True
ELE-15908,Electronics,GenericPlus,Zone C,QuickStock,,2024-05-13,2025-05-23,2026-05-29,230.0,59,0.10913405373195095,7687.0,14484.374028034355,,33,True
STA-86509,Stationery,AlphaEdge,zone d,GlobalTrade Ltd,contact171@globaltradeltd.com,2024-11-26,2026-03-10,2026-05-27,77.0,54,0.18052419780102769,5194.0,13660.25852788992,10.0,24,True
ELE-26689,Electronics,TrueForm,zone a,PrimeParts,contact524@primeparts.com,2024-04-07,2026-01-16,2026-08-24,166.0,177,0.9120743102704337,3299.0,7494.724382586677,68.0,44,True
ELE-43553,Electronics,SwiftBrand,zone c,LocalSource,,2024-09-21,2025-12-24,2026-07-27,236.0,36,0.7556343646347975,5198.0,10868.844936997326,177.0,12,True
AUT-12317,Automotive,NovaLine,Zone A,LocalSource,contact785@localsource.com,2024-07-25,2025-09-09,2026-07-14,475.0,130,0.8526231035287282,4551.0,13166.834158266536,45.0,40,True
APP-38858,Apparel,UrbanWave,Zone A,SupplyCo India,contact557@supplycoindia.com,2024-10-09,2025-11-06,2026-05-28,374.0,40,,5605.0,16655.576454445887,105.0,11,True
HOM-10860,Home & Kitchen,TrueForm,Zone A,DirectImport,,2024-05-15,2025-07-13,2026-09-03,178.0,217,0.5170674768811652,2893.0,3443.830952733615,33.0,24,True
ELE-10787,Electronics,TrueForm,Zone B,FastShip Pvt,,2024-07-22,2025-12-11,2026-08-08,97.0,204,2.288073036380851,7367.0,14923.855250795239,89.0,30,True
HOM-69527,Home & Kitchen,ZenCraft,zone c,DirectImport,contact894@directimport.com,2024-05-27,2026-03-06,2026-06-21,458.0,105,,4611.0,13430.585643411237,78.0,29,True
STA-62002,Stationery,UrbanWave,Zone A,SupplyCo India,contact467@supplycoindia.com,2024-06-07,2026-01-23,2026-06-03,353.0,118,0.4752939696361377,4046.0,9914.44663268992,49.0,11,True
ELE-84217,Electronics,TrueForm,Zone D,FastShip Pvt,contact901@fastshippvt.com,2024-10-06,,2026-08-06,247.0,86,3.393266564557794,6039.0,17882.28118050448,118.0,9,True
BEA-31735,Beauty,UrbanWave,ZONE A,DirectImport,contact850@directimport.com,2024-07-05,2025-10-25,2026-07-28,433.0,149,0.17270186821505218,6501.0,12549.97248745347,130.0,38,True
APP-87084,Apparel,SwiftBrand,Zone C,FastShip Pvt,contact667@fastshippvt.com,2024-11-25,2025-11-19,2026-07-21,82.0,179,0.9201201055132949,4852.0,6472.827823370196,117.0,26,True
ELE-15831,Electronics,AlphaEdge,Zone C,SupplyCo India,contact195@supplycoindia.com,2024-11-06,2025-04-21,2026-06-22,452.0,93,0.9949084219023943,375.0,853.1570278854149,123.0,17,False
TOY-74373,Toys,CorePeak,Zone A,LocalSource,contact683@localsource.com,2024-12-08,2025-04-18,2026-07-25,92.0,165,0.9667286133361528,1112.0,3580.650514094124,,208,False
SPO-73177,Sports & Outdoors,UrbanWave,Zone C,QuickStock,contact196@quickstock.com,2024-06-14,2025-06-04,2026-09-01,399.0,212,0.9748278440126967,3217.0,9190.442133048591,,9,True
ELE-88637,Electronics,SwiftBrand,Zone D,PrimeParts,contact311@primeparts.com,2024-07-07,2025-09-22,2026-07-24,13.0,43,,741.0,2071.3311990612688,177.0,24,True
TOY-86343,Toys,CorePeak,Zone C,LocalSource,contact820@localsource.com,2024-07-02,2025-12-25,2026-09-18,455.0,75,0.2725351535809657,1955.0,3967.695898250698,94.0,30,True
BEA-55064,Beauty,TrueForm,Zone D,GlobalTrade Ltd,contact803@globaltradeltd.com,2024-07-14,2025-10-03,2026-09-18,37.0,63,0.6344258267645524,4880.0,11806.16566936881,67.0,~3 weeks,False
TOY-90243,Toys,ZenCraft,Zone B,FastShip Pvt,contact248@fastshippvt.com,2024-06-16,2025-04-03,2026-06-11,113.0,130,0.056456628893666316,1252.0,1636.0951273133662,,39,True
TOY-49181,Toys,CorePeak,Zone D,DirectImport,contact279@directimport.com,2024-06-15,2025-07-17,2026-09-05,344.0,70,,4125.0,8112.654670818479,142.0,42,True
APP-61937,Apparel,UrbanWave,Zone B,SupplyCo India,contact365@supplycoindia.com,2024-10-19,2025-12-15,2026-05-30,46.0,65,0.20275963506627848,1536.0,4434.419451883292,57.0,11,True
SPO-81853,Sports & Outdoors,GenericPlus,Zone C,PrimeParts,contact768@primeparts.com,2024-10-07,2025-11-05,2026-09-21,173.0,76,0.7470128049323245,1539.0,2570.3461076424733,141.0,37,True
TOY-36375,Toys,ZenCraft,Zone B,GlobalTrade Ltd,contact595@globaltradeltd.com,2024-04-23,2026-02-26,2026-07-05,103.0,128,0.5487018821213927,5608.0,6511.728030883802,74.0,2-3 weeks,False
TOY-30762,Toys,ZenCraft,Zone A,PrimeParts,contact177@primeparts.com,2024-11-14,2025-04-22,2026-06-26,321.0,120,0.15757502208121832,1912165.0,3895462.2579534347,189.0,31,True
HOM-94743,Home & Kitchen,AlphaEdge,Zone A,FastShip Pvt,,2024-05-29,2025-12-04,2026-07-15,55.0,50,0.9606361908152519,3058.0,8537.020898740742,106.0,38,True
APP-32726,Apparel,AlphaEdge,Zone A,GlobalTrade Ltd,,2024-04-07,2025-12-15,2026-08-24,325.0,165,0.5775461637097614,633.0,1346.7806834016046,0.3692196280285413,34,True
TOY-44773,Toys,NovaLine,Zone B,DirectImport,contact566@directimport.com,2024-05-08,2025-04-17,2026-09-03,-54.0,203,0.740985672573447,4819.0,11637.17994771174,99.0,31,True
BEA-24596,Beauty,ZenCraft,Zone B,QuickStock,,2024-05-11,2026-01-13,2026-06-06,150.0,170,0.8636536712688812,1897.0,3837.750477313289,108.0,44,True
AUT-99176,Automotive,ZenCraft,ZONE A,PrimeParts,,2024-04-17,,2026-06-11,133.0,252,0.8371950105162576,4938.0,10332.534075846932,,16,True
APP-36041,Apparel,TrueForm,Zone A,FastShip Pvt,contact305@fastshippvt.com,2024-10-18,2025-08-04,2026-06-01,204.0,162,0.4348573142192915,5268.0,11843.2457486257,56.0,41,True
ELE-46072,Electronics,CorePeak,Zone B,GlobalTrade Ltd,contact603@globaltradeltd.com,2024-11-10,2025-07-06,2026-06-08,181.0,32,0.6055616052244436,4549.0,13668.349026994407,,43,True
AUT-17864,Automotive,SwiftBrand,Zone C,DirectImport,contact650@directimport.com,2024-10-20,2025-05-18,2026-08-08,20.0,262,0.43825545307113833,7758.0,10115.238182677847,29.0,35,True
ELE-49175,Electronics,SwiftBrand,zone d,DirectImport,contact177@directimport.com,2024-06-17,2025-08-26,2026-09-09,148.0,183,0.6185207604462095,2311.0,7353.272358313899,90.0,varies,True
HOM-12421,Home & Kitchen,ZenCraft,Zone A,LocalSource,contact774@localsource.com,2024-11-24,,2026-08-13,132.0,79,0.6267125179472407,2631.0,7677.716980245438,29.0,36,True
ELE-90656,Electronics,SwiftBrand,Zone B,DirectImport,contact695@directimport.com,2024-11-12,,2026-05-26,36.0,50,0.9763773905281308,832.0,2447.9852744315463,79.0,17,True
SPO-20730,Sports & Outdoors,AlphaEdge,Zone B,PrimeParts,contact679@primeparts.com,2024-06-16,2025-08-16,2026-09-04,430.0,52,,1761.0,3489.1410535549153,,39,True
HOM-95280,Home & Kitchen,CorePeak,Zone D,LocalSource,contact705@localsource.com,2024-07-06,2025-12-06,2026-07-04,415.0,197,0.12087999886620293,7554.0,19119.650739835146,177.0,5,True
SPO-32810,Sports & Outdoors,SwiftBrand,Zone D,LocalSource,contact338@localsource.com,2024-08-15,2025-04-26,2026-06-13,432.0,150,0.7297715150544843,4509.0,11904.336010126142,61.0,TBD,True
APP-36455,Apparel,SwiftBrand,Zone D,PrimeParts,contact112@primeparts.com,2024-04-26,2025-08-06,2026-06-17,83.0,168,0.9187757085116658,6371.0,15361.131778547642,43.0,12,True
ELE-12216,Electronics,AlphaEdge,Zone B,SupplyCo India,contact398@supplycoindia.com,2024-09-06,2025-04-23,2026-06-22,310.0,122,0.298679929168746,2196.0,3242.2910871205117,173.0,3,True
STA-55565,Stationery,AlphaEdge,Zone C,GlobalTrade Ltd,contact164@globaltradeltd.com,2024-08-20,2025-04-14,2026-09-13,86.0,255,0.5505866651252067,1665.0,1542.2579110248153,167.0,~3 weeks,True
ELE-72960,Electronics,TrueForm,Zone C,LocalSource,,2024-12-05,2026-02-16,2026-07-30,422.0,52,0.627270694851304,2771.0,5262.961629918632,25.0,4-6 weeks,True
SPO-96636,Sports & Outdoors,GenericPlus,Zone B,QuickStock,contact937@quickstock.com,2024-07-01,,2026-07-15,50.0,71,0.27653273352438135,2271.0,5398.109538047352,154.0,239,True
TOY-37260,Toys,ZenCraft,zone c,LocalSource,contact306@localsource.com,2024-10-03,2025-10-17,2026-09-07,477.0,54,0.10299639184238207,6432.0,22031.495923316128,,25,True
APP-41096,Apparel,CorePeak,Zone B,GlobalTrade Ltd,contact799@globaltradeltd.com,2024-05-11,,2026-06-15,156.0,50,0.6738741008462549,3223.0,5027.196064212326,65.0,30,True
APP-56155,Apparel,TrueForm,Zone A,FastShip Pvt,contact463@fastshippvt.com,2024-07-06,2025-07-15,2026-08-23,52.0,293,,3866.0,12288.102134798826,163.0,31,True
APP-98525,Apparel,GenericPlus,Zone D,LocalSource,contact781@localsource.com,2024-04-15,2025-12-23,2026-09-15,366.0,202,0.26926254623335755,5695.0,18434.47504827809,64.0,30,True
BEA-86610,Beauty,NovaLine,ZONE A,GlobalTrade Ltd,contact794@globaltradeltd.com,2024-07-18,,2026-08-07,381.0,110,,7114.0,21434.280485487303,39.0,652,True
ELE-95801,Electronics,ZenCraft,ZONE D,FastShip Pvt,contact732@fastshippvt.com,2024-04-27,2025-12-31,2026-06-23,66.0,205,0.13108331689994734,521.0,1703.0619470733393,30.0,27,True
SPO-98206,Sports & Outdoors,ZenCraft,Zone D,SupplyCo India,contact255@supplycoindia.com,2024-09-06,2025-10-26,2026-07-25,-37.0,9,0.8738553012217574,1920.0,2877.1683877072533,0.8208339193289418,26,True
SPO-25290,Sports & Outdoors,UrbanWave,Zone C,GlobalTrade Ltd,contact762@globaltradeltd.com,2024-07-09,2026-03-07,2026-09-07,-30.0,221,0.810675748338857,7634.0,15291.292818672917,,3,True
BEA-62961,Beauty,ZenCraft,Zone A,SupplyCo India,contact437@supplycoindia.com,2024-12-10,2025-09-29,2026-08-14,-32.0,18,0.8522094992330609,5886.0,10587.35885072686,87.0,4-6 weeks,True
ELE-96532,Electronics,TrueForm,Zone C,SupplyCo India,contact142@supplycoindia.com,2024-09-14,,2026-06-20,-31.0,225,0.8980746596454846,3356.0,10239.380763892976,189.0,29,True
TOY-99223,Toys,AlphaEdge,zone d,PrimeParts,contact244@primeparts.com,2024-11-17,2025-10-03,2026-08-24,161.0,116,0.58551060461128,3280.0,9726.286293481708,,34,True
ELE-80921,Electronics,SwiftBrand,Zone B,SupplyCo India,,2024-05-29,2025-04-10,2026-08-07,376.0,32,0.9867058510540521,7803.0,25058.307767908384,112.0,22,True
ELE-42339,Electronics,TrueForm,ZONE A,DirectImport,contact911@directimport.com,2024-08-22,,2026-07-15,222.0,50,0.7332315383886578,6150.0,20147.35573096776,77.0,41,True
APP-86859,Apparel,CorePeak,Zone A,QuickStock,,2024-06-06,2025-10-14,2026-08-21,363.0,297,0.6173852599748859,1897.0,6529.882242234015,130.0,43,True
STA-56020,Stationery,CorePeak,Zone B,QuickStock,contact247@quickstock.com,2024-07-02,2026-02-15,2026-09-14,166.0,234,0.8490609632047511,6239.0,18287.742369475272,196.0,9,True
APP-58626,Apparel,AlphaEdge,Zone B,PrimeParts,contact137@primeparts.com,2024-08-20,2025-12-09,2026-06-19,258.0,18,0.9760513324888508,970.0,2500.3710207575045,183.0,38,True
APP-68201,Apparel,AlphaEdge,Zone C,QuickStock,,2024-06-18,2025-11-24,2026-05-30,89.0,204,0.4125458800244446,3786931.0,7805926.438137651,139.0,18,True
BEA-52696,Beauty,GenericPlus,Zone B,DirectImport,contact617@directimport.com,2024-09-03,2025-09-21,2026-08-06,119.0,0,,5213.0,12523.422379289426,156.0,26,False
STA-22600,Stationery,UrbanWave,Zone B,DirectImport,contact175@directimport.com,2024-09-09,2025-08-23,2026-08-25,436.0,161,0.252444205621001,7791.0,18333.354697249157,130.0,5,True
HOM-61698,Home & Kitchen,NovaLine,ZONE D,FastShip Pvt,contact654@fastshippvt.com,2024-10-27,2025-12-02,2026-06-06,205.0,251,0.4155509802050221,2652.0,4660.40665689852,166.0,38,True
ELE-20804,Electronics,GenericPlus,Zone D,FastShip Pvt,contact619@fastshippvt.com,2024-09-30,2025-09-13,2026-06-15,256.0,245,0.35324610151173064,2145.0,5142.54005536718,166.0,33,True
BEA-31542,Beauty,NovaLine,ZONE A,GlobalTrade Ltd,contact179@globaltradeltd.com,2024-06-07,2025-07-04,2026-08-17,400.0,15,0.829077348582433,4835.0,15039.271309934116,148.0,42,True
BEA-66670,Beauty,TrueForm,zone d,QuickStock,contact203@quickstock.com,2024-10-28,2025-11-12,2026-08-27,377.0,236,0.7124740050027049,477.0,1273.6653579033577,,21,True
AUT-49719,Automotive,NovaLine,Zone A,QuickStock,contact994@quickstock.com,2024-07-22,2025-07-02,2026-09-11,166.0,285,0.8691043445744606,5134.0,16845.60095447449,,32,True
SPO-48139,Sports & Outdoors,TrueForm,Zone D,LocalSource,contact491@localsource.com,2024-07-01,2025-09-14,2026-06-11,384.0,159,1.8294377708515206,2902.0,5952.275672778238,26.0,4,True
APP-85758,Apparel,TrueForm,Zone A,QuickStock,contact438@quickstock.com,2024-08-21,2025-09-19,2026-08-21,17.0,5,0.4506854044137839,2588.0,5371.7453835991555,161.0,15,True
HOM-70082,Home & Kitchen,CorePeak,ZONE A,PrimeParts,contact608@primeparts.com,2024-10-11,2025-12-22,2026-08-18,84.0,196,0.725475797374483,1960.0,3455.630770192727,,26,False
BEA-43615,Beauty,NovaLine,Zone A,SupplyCo India,contact348@supplycoindia.com,2024-11-05,2025-12-22,2026-09-11,168.0,128,0.18066716406691752,5236.0,6189.981757313543,45.0,34,True
APP-50647,Apparel,CorePeak,Zone D,LocalSource,contact133@localsource.com,2024-11-12,2025-06-26,2026-08-19,404.0,93,0.7383603757522107,2707.0,7619.848422988988,127.0,24,True
ELE-40588,Electronics,TrueForm,Zone C,GlobalTrade Ltd,,2024-10-27,2025-09-19,2026-07-28,187.0,273,0.3617868674745226,7023.0,20071.766845973736,,31,True
APP-17886,Apparel,SwiftBrand,Zone A,QuickStock,,2024-11-05,,2026-06-24,218.0,247,0.6553584783906651,7759.0,21836.25573245264,124.0,31,True
HOM-44938,Home & Kitchen,TrueForm,Zone B,GlobalTrade Ltd,contact564@globaltradeltd.com,2024-07-18,2025-11-17,2026-07-15,386.0,214,0.018345842984168304,3517.0,7453.270049283486,187.0,41,True
BEA-30567,Beauty,TrueForm,Zone C,LocalSource,contact758@localsource.com,2024-05-26,2025-12-17,2026-07-15,345.0,51,0.8282056280857215,6837.0,18430.17746669541,23.0,29,False
HOM-86832,Home & Kitchen,NovaLine,Zone C,GlobalTrade Ltd,contact314@globaltradeltd.com,2024-10-31,2025-09-22,2026-07-20,243.0,30,0.37056638582198453,3930.0,5992.108584541012,151.0,24,False
STA-17305,Stationery,UrbanWave,Zone D,QuickStock,contact846@quickstock.com,2024-08-17,2026-01-10,2026-07-22,383.0,164,0.15799968663762032,1495.0,1167.0360950325135,,4,False
ELE-49175,Electronics,SwiftBrand,zone d,DirectImport,contact177@directimport.com,2024-06-17,2025-08-26,2026-09-09,148.0,183,0.6185207604462095,2311.0,7353.272358313899,90.0,varies,True
TOY-89053,Toys,AlphaEdge,zone d,GlobalTrade Ltd,contact478@globaltradeltd.com,2024-07-19,2025-10-22,2026-08-20,356.0,31,0.24177317291010048,5187.0,13825.520617975271,175.0,28,True
SPO-15952,Sports & Outdoors,SwiftBrand,Zone B,FastShip Pvt,contact436@fastshippvt.com,2024-07-20,2025-10-05,2026-07-27,290.0,19,0.19247972112886447,3126.0,9022.361993696493,72.0,6,True
APP-38858,Apparel,UrbanWave,zone d,GlobalTrade Ltd,contact716@globaltradeltd.com,2024-04-30,,2026-06-12,246.0,263,0.9562746061945581,2991629.0,5609720.491731432,174.0,37,True
APP-87575,Apparel,TrueForm,zone c,QuickStock,,2024-11-07,2025-11-03,2026-09-12,94.0,56,0.0722211298012655,2407.0,5541.2865738845985,0.8914421242093242,253,True
APP-43169,Apparel,CorePeak,zone a,GlobalTrade Ltd,contact155@globaltradeltd.com,2024-10-14,2025-05-12,2026-08-08,230.0,78,0.634895143930374,6743.0,10695.74242465354,0.8292786092461547,14,True
SPO-54543,Sports & Outdoors,NovaLine,ZONE B,GlobalTrade Ltd,contact429@globaltradeltd.com,2024-06-07,2025-09-04,2026-08-13,101.0,209,0.19256341745008443,1769.0,3188.72540007836,23.0,20,True
SPO-22550,Sports & Outdoors,NovaLine,zone a,GlobalTrade Ltd,,2024-06-27,2025-08-12,2026-09-12,189.0,157,,2459.0,7882.918357275764,179.0,10,True
HOM-37648,Home & Kitchen,TrueForm,Zone D,QuickStock,contact325@quickstock.com,2024-08-04,2025-12-28,2026-06-02,65.0,295,0.7068574495080345,5161.0,11104.507775570646,117.0,~3 weeks,True
HOM-26878,Home & Kitchen,GenericPlus,ZONE B,QuickStock,contact503@quickstock.com,2024-06-14,2026-02-12,2026-08-24,42.0,118,0.9527607484514652,6406.0,14450.067866817591,188.0,35,True
APP-31270,Apparel,GenericPlus,Zone D,PrimeParts,contact694@primeparts.com,2024-12-05,2025-05-03,2026-07-12,124.0,165,0.5276277935856627,6583.0,9851.922329834695,0.19110677559430586,556,True
TOY-14221,Toys,ZenCraft,ZONE B,DirectImport,contact796@directimport.com,2024-09-30,2025-11-30,2026-05-25,202.0,218,,509.0,1647.5322374103534,38.0,41,True
APP-17408,Apparel,TrueForm,ZONE B,FastShip Pvt,contact471@fastshippvt.com,2024-04-19,2025-11-07,2026-07-19,125.0,189,0.4915677780495734,7492.0,9495.609605564085,,8,True
SPO-70050,Sports & Outdoors,ZenCraft,Zone C,FastShip Pvt,,2024-05-11,2025-05-13,2026-06-15,397.0,7,0.29316660729904676,300.0,488.0468698883227,130.0,22,False
BEA-53855,Beauty,ZenCraft,Zone C,GlobalTrade Ltd,contact276@globaltradeltd.com,2024-11-14,2025-08-12,2026-09-12,431.0,50,0.032789872612842164,934.0,3147.058790919356,,30,True
BEA-28474,Beauty,TrueForm,Zone B,QuickStock,,2024-10-10,2026-01-08,2026-05-25,224.0,17,0.5305520064719298,947.0,1527.1554829079782,16.0,42,True
TOY-65195,Toys,CorePeak,ZONE A,LocalSource,contact257@localsource.com,2024-07-12,2025-05-30,2026-05-28,33.0,142,0.7479807389306053,1506405.0,3612859.066502244,14.0,20,False
ELE-18680,Electronics,SwiftBrand,Zone D,QuickStock,,2024-04-22,2025-12-15,2026-06-14,319.0,191,0.9270093491999468,0.0,0.0,184.0,3,True
APP-28048,Apparel,TrueForm,Zone C,QuickStock,contact318@quickstock.com,2024-07-23,2025-11-29,2026-07-22,439.0,21,0.40694946416919764,1590059.0,2269406.546962506,0.775725066438256,32,False
APP-21283,Apparel,TrueForm,Zone A,LocalSource,contact436@localsource.com,2024-12-03,,2026-09-09,35.0,96,0.3631531507691872,394.0,1004.3730823684282,17.0,36,True
TOY-65640,Toys,NovaLine,Zone B,GlobalTrade Ltd,contact709@globaltradeltd.com,2024-08-16,2025-11-11,2026-06-17,83.0,233,0.9301532493908884,6523.0,14872.845648778764,57.0,16,True
TOY-93667,Toys,AlphaEdge,Zone A,QuickStock,contact933@quickstock.com,2024-05-29,2025-05-13,2026-07-18,361.0,174,0.4326471399209917,4465.0,8870.30816167645,166.0,3,True
APP-11102,Apparel,GenericPlus,Zone D,PrimeParts,,2024-11-17,2026-02-09,2026-06-05,194.0,24,0.4083226593061605,0.0,0.0,13.0,33,True
APP-91837,Apparel,AlphaEdge,ZONE C,QuickStock,contact919@quickstock.com,2024-10-07,2026-03-14,2026-07-15,-67.0,124,0.2703204860648911,5892.0,11048.90258070323,0.8790378459740888,22,True
TOY-26431,Toys,ZenCraft,zone a,GlobalTrade Ltd,,2024-12-07,2025-11-09,2026-07-19,36.0,225,0.828718056676834,6333.0,13879.142023675184,82.0,36,True
SPO-94434,Sports & Outdoors,SwiftBrand,ZONE B,QuickStock,contact416@quickstock.com,2024-06-01,2026-03-05,2026-08-07,-28.0,297,0.225587798069514,2102.0,6362.287067044076,66.0,35,True
HOM-40924,Home & Kitchen,AlphaEdge,Zone B,DirectImport,contact199@directimport.com,2024-05-05,2025-05-24,2026-06-29,312.0,117,,2333367.0,5639506.021476065,147.0,5,True
AUT-68610,Automotive,SwiftBrand,zone d,SupplyCo India,contact675@supplycoindia.com,2024-08-04,2025-08-27,2026-09-18,401.0,95,0.6684669252497938,2809.0,4681.907421208736,,42,True
BEA-64971,Beauty,NovaLine,Zone C,LocalSource,contact492@localsource.com,2024-09-11,,2026-09-17,122.0,190,0.1926655122602542,7666.0,24342.35861951017,40.0,23,True
HOM-23334,Home & Kitchen,SwiftBrand,zone a,LocalSource,contact497@localsource.com,2024-09-08,2026-03-16,2026-09-20,475.0,80,0.13199083632927033,754.0,1473.8034138071937,125.0,30,False
HOM-16204,Home & Kitchen,TrueForm,Zone B,FastShip Pvt,contact515@fastshippvt.com,2024-11-02,2025-04-13,2026-08-11,421.0,252,0.7319211331900677,1415.0,4032.591745239333,193.0,34,True
TOY-30023,Toys,TrueForm,Zone C,FastShip Pvt,,2024-09-01,2025-08-24,2026-09-18,8.0,227,0.12884471524914365,6122.0,10863.870771601996,67.0,20,True
APP-49892,Apparel,GenericPlus,Zone D,GlobalTrade Ltd,,2024-10-03,,2026-07-11,144.0,279,0.4451411803844839,7368.0,22400.43408628805,29.0,11,True
SPO-61428,Sports & Outdoors,GenericPlus,Zone D,SupplyCo India,contact779@supplycoindia.com,2024-08-06,2025-03-29,2026-09-17,435.0,271,0.15972111012736978,244.0,712.5900888446691,25.0,26,True
HOM-24729,Home & Kitchen,NovaLine,Zone C,SupplyCo India,contact279@supplycoindia.com,2024-08-04,2025-07-12,2026-07-31,-41.0,214,,5096.0,11182.223858141251,109.0,14,True
APP-93890,Apparel,TrueForm,Zone A,GlobalTrade Ltd,contact253@globaltradeltd.com,2024-12-05,2026-01-12,2026-09-05,423.0,251,0.5221152891032427,204.0,671.0687643126737,92.0,34,True
SPO-52074,Sports & Outdoors,TrueForm,Zone C,PrimeParts,contact280@primeparts.com,2024-10-09,2025-03-26,2026-06-29,168.0,34,0.7402124449528243,6289.0,12992.847719726546,75.0,41,True
ELE-61833,Electronics,ZenCraft,ZONE A,LocalSource,contact327@localsource.com,2024-07-19,2025-06-11,2026-08-29,54.0,208,0.43581156426521683,7852.0,17375.68742139053,34.0,32,True
APP-67841,Apparel,SwiftBrand,Zone B,PrimeParts,contact700@primeparts.com,2024-08-04,2025-04-29,2026-06-18,-73.0,16,0.525433937364936,3603.0,12476.534257223317,114.0,36,True
TOY-79804,Toys,SwiftBrand,Zone A,LocalSource,,2024-07-31,2025-11-20,2026-08-30,494.0,104,0.5715111238184225,7390.0,17808.82341363823,170.0,33,True
HOM-85305,Home & Kitchen,CorePeak,zone b,GlobalTrade Ltd,contact211@globaltradeltd.com,2024-12-01,2025-07-01,2026-08-29,317.0,292,0.3431155412417789,3572586.0,6951806.900749965,92.0,19,True
APP-40503,Apparel,UrbanWave,Zone D,SupplyCo India,contact246@supplycoindia.com,2024-07-16,,2026-08-05,444.0,214,0.8787865066975575,2729.0,6479.640968155111,154.0,12,True
APP-66286,Apparel,UrbanWave,Zone C,SupplyCo India,contact326@supplycoindia.com,2024-04-05,2025-05-13,2026-08-09,492.0,198,0.13634695578483813,7380.0,16824.77363047836,125.0,28,False
TOY-28820,Toys,ZenCraft,zone d,QuickStock,contact253@quickstock.com,2024-10-10,2025-06-15,2026-07-19,-27.0,190,0.009262582107683492,3323.0,6691.302601597992,74.0,41,True
HOM-93034,Home & Kitchen,NovaLine,Zone C,PrimeParts,contact133@primeparts.com,2024-09-15,2025-08-26,2026-07-08,113.0,147,0.42164883956892174,2008.0,3569.508613466287,52.0,33,True
SPO-28731,Sports & Outdoors,NovaLine,Zone D,QuickStock,contact624@quickstock.com,2024-11-14,2025-06-16,2026-09-13,212.0,35,2.8036651522876697,386.0,912.1127967052214,172.0,39,True
HOM-71170,Home & Kitchen,AlphaEdge,Zone A,DirectImport,contact755@directimport.com,2024-08-15,2025-12-23,2026-07-23,297.0,210,,5030.0,10288.960263437424,15.0,16,True
BEA-12954,Beauty,UrbanWave,ZONE C,SupplyCo India,contact893@supplycoindia.com,2024-08-31,2025-11-16,2026-09-17,383.0,294,0.5236748487919239,1917.0,4171.626249504475,,31,True
APP-82015,Apparel,ZenCraft,Zone B,PrimeParts,,2024-04-08,,2026-07-09,106.0,66,0.7987148558304916,4474.0,8643.573165670696,63.0,39,True
ELE-87929,Electronics,ZenCraft,Zone C,FastShip Pvt,contact769@fastshippvt.com,2024-10-16,2025-11-13,2026-08-05,453.0,206,,4963.0,7296.365812834408,33.0,19,True
ELE-33213,Electronics,GenericPlus,Zone B,SupplyCo India,contact619@supplycoindia.com,2024-06-27,2025-07-04,2026-05-28,460.0,257,0.3768825387682996,7212.0,17573.00106042915,86.0,14,True
ELE-62207,Electronics,CorePeak,Zone D,LocalSource,contact503@localsource.com,2024-12-09,2026-03-12,2026-05-25,-54.0,93,0.4156099580459902,7230.0,13289.937100524905,41.0,32,True
HOM-15185,Home & Kitchen,SwiftBrand,Zone C,LocalSource,contact375@localsource.com,2024-09-09,2026-01-20,2026-07-13,331.0,273,0.9927157885294865,3940.0,7680.834892033206,190.0,39,True
SPO-46280,Sports & Outdoors,AlphaEdge,Zone B,PrimeParts,contact505@primeparts.com,2024-09-02,2025-06-30,2026-06-19,207.0,186,,6121.0,17525.207382842607,75.0,29,True
AUT-41453,Automotive,NovaLine,Zone D,DirectImport,contact506@directimport.com,2024-08-10,2025-06-01,2026-09-02,411.0,159,0.9797998987628538,489.0,1421.8727388390548,97.0,19,False
APP-71458,Apparel,AlphaEdge,Zone D,SupplyCo India,,2024-11-17,2026-01-16,2026-06-08,475.0,246,0.16298794660086158,4191.0,7891.243498252984,62.0,33,True
AUT-17543,Automotive,GenericPlus,Zone C,FastShip Pvt,contact536@fastshippvt.com,2024-06-21,2025-12-02,2026-08-30,82.0,216,0.9742606676301738,3109.0,6961.3368312316015,160.0,28,True
ELE-27099,Electronics,NovaLine,Zone B,FastShip Pvt,contact420@fastshippvt.com,2024-04-20,2025-10-10,2026-08-28,-69.0,0,2.599433316578277,4274.0,12016.083110542686,164.0,27,True
SPO-49907,Sports & Outdoors,CorePeak,Zone D,LocalSource,contact922@localsource.com,2024-07-31,2026-01-11,2026-08-31,131.0,102,0.8126450176927343,686.0,841.1862490152632,155.0,33,False
BEA-57565,Beauty,CorePeak,Zone A,QuickStock,,2024-05-25,2025-10-04,2026-07-17,264.0,219,0.08135749540465942,7483.0,18438.519113201808,,37,True
HOM-64399,Home & Kitchen,NovaLine,Zone C,SupplyCo India,contact641@supplycoindia.com,2024-06-25,,2026-05-27,460.0,86,0.6179506850824416,2293.0,5305.466627125195,115.0,32,True
ELE-64741,Electronics,CorePeak,ZONE D,LocalSource,,2024-05-20,,2026-08-29,-19.0,66,,5309.0,16960.3097422058,127.0,4,True
HOM-35876,Home & Kitchen,ZenCraft,ZONE B,SupplyCo India,,2024-11-17,2025-09-08,2026-09-19,158.0,65,0.7701065295544183,7121.0,21438.376443269066,33.0,21,True
SPO-59942,Sports & Outdoors,NovaLine,zone b,PrimeParts,,2024-07-22,2026-01-05,2026-07-21,297.0,87,0.849858797989943,1310046.0,3529017.275467842,187.0,44,True
ELE-29316,Electronics,SwiftBrand,Zone A,SupplyCo India,contact246@supplycoindia.com,2024-05-17,2025-04-21,2026-08-31,119.0,163,0.35802477813301903,5522.0,11220.115971714567,,9,False
HOM-18269,Home & Kitchen,TrueForm,ZONE A,FastShip Pvt,contact247@fastshippvt.com,2024-04-15,2025-06-04,2026-08-12,46.0,25,0.41131632857888345,6718.0,20761.429754824323,147.0,7,True
AUT-70655,Automotive,ZenCraft,ZONE A,SupplyCo India,contact463@supplycoindia.com,2024-04-09,2025-04-12,2026-09-01,224.0,145,0.14310872235758532,7698.0,22409.36331967402,168.0,40,True
SPO-25377,Sports & Outdoors,NovaLine,Zone D,DirectImport,contact664@directimport.com,2024-09-13,2025-10-09,2026-05-30,223.0,181,,5819.0,12040.169158993182,162.0,43,True
SPO-22520,Sports & Outdoors,SwiftBrand,Zone B,DirectImport,contact925@directimport.com,2024-06-19,2025-04-20,2026-08-18,135.0,143,0.11226461386524333,7786.0,22729.753578254033,111.0,~3 weeks,True
HOM-61519,Home & Kitchen,NovaLine,zone c,LocalSource,,2024-10-27,2025-06-05,2026-07-08,399.0,82,0.7779882505376622,3509.0,5442.966348111533,19.0,8,True
AUT-63599,Automotive,SwiftBrand,Zone A,FastShip Pvt,contact364@fastshippvt.com,2024-10-04,2025-07-12,2026-07-06,50.0,286,0.7633611083041696,7725.0,18794.58014046262,35.0,14,True
ELE-93003,Electronics,SwiftBrand,Zone B,DirectImport,contact515@directimport.com,2024-06-20,2025-06-15,2026-07-10,222.0,169,0.5852680834433098,2042313.0,5223432.072428871,26.0,3,False
APP-35386,Apparel,AlphaEdge,Zone D,DirectImport,contact620@directimport.com,2024-06-08,2025-09-02,2026-06-19,483.0,242,0.843535479858426,1288.0,3649.788408454623,89.0,39,True
HOM-23258,Home & Kitchen,NovaLine,Zone B,LocalSource,contact997@localsource.com,2024-05-05,2025-09-23,2026-06-04,8.0,273,0.36847201560950804,3842.0,7476.331908153546,112.0,25,True
HOM-16769,Home & Kitchen,CorePeak,Zone D,GlobalTrade Ltd,contact280@globaltradeltd.com,2024-05-05,2025-04-04,2026-08-05,196.0,182,0.3018032297628074,5002.0,14714.548585872255,,25,True
STA-22919,Stationery,TrueForm,Zone B,PrimeParts,contact567@primeparts.com,2024-09-28,2025-09-20,2026-08-03,202.0,23,0.22298623236447923,1192.0,2758.2296411512507,,5,True
TOY-86789,Toys,TrueForm,Zone B,GlobalTrade Ltd,contact489@globaltradeltd.com,2024-05-19,2025-07-15,2026-07-02,100.0,288,0.5269380672212999,6821.0,13256.790602317735,187.0,439,False
HOM-71654,Home & Kitchen,AlphaEdge,Zone B,PrimeParts,,2024-11-08,2025-06-05,2026-06-21,128.0,52,0.7896069979204937,5587.0,17342.6411354726,0.4696078825635023,26,True
SPO-96114,Sports & Outdoors,AlphaEdge,Zone D,PrimeParts,contact274@primeparts.com,2024-09-27,2025-12-12,2026-06-03,-59.0,111,0.7112733608841872,0.0,0.0,174.0,22,False
STA-40551,Stationery,GenericPlus,Zone D,GlobalTrade Ltd,contact551@globaltradeltd.com,2024-11-06,,2026-07-15,417.0,150,0.7982030887656792,1527.0,2451.4392597156757,80.0,36,True
HOM-68679,Home & Kitchen,CorePeak,Zone C,QuickStock,contact281@quickstock.com,2024-06-01,2025-11-03,2026-08-20,457.0,249,0.9082508119726639,1958.0,4935.578848937982,177.0,32,True
SPO-93299,Sports & Outdoors,UrbanWave,Zone C,LocalSource,contact955@localsource.com,2024-10-02,2025-12-10,2026-08-07,31.0,291,0.5488307895754265,3160.0,8354.925655978606,35.0,36,True
SPO-17177,Sports & Outdoors,TrueForm,Zone B,PrimeParts,contact607@primeparts.com,2024-07-07,2025-08-23,2026-08-23,51.0,11,0.8206866610615766,2487.0,4368.539032067832,81.0,14,True
HOM-50226,Home & Kitchen,NovaLine,Zone C,SupplyCo India,,2024-09-26,2025-11-25,2026-07-27,118.0,284,0.28000469798146743,1828.0,6083.174635845818,80.0,40,True
SPO-32574,Sports & Outdoors,AlphaEdge,ZONE A,FastShip Pvt,contact557@fastshippvt.com,2024-04-15,2025-12-22,2026-08-04,347.0,286,0.9093159940329076,113.0,275.2737359829972,110.0,23,True
STA-11993,Stationery,TrueForm,Zone A,LocalSource,contact353@localsource.com,2024-11-16,2025-04-07,2026-07-29,255.0,149,0.17557801269487527,7639.0,14401.86031084401,0.7278697502722209,35,True
APP-60201,Apparel,CorePeak,Zone A,DirectImport,contact554@directimport.com,2024-11-19,2025-07-11,2026-09-02,198.0,186,0.021427725155960697,5174.0,8076.800643000934,125.0,3,True
APP-36578,Apparel,AlphaEdge,Zone C,FastShip Pvt,contact969@fastshippvt.com,2024-11-26,2025-10-10,2026-07-11,396.0,10,2.1197827222971584,3944.0,8488.925000257297,,21,True
SPO-86665,Sports & Outdoors,TrueForm,Zone C,FastShip Pvt,contact260@fastshippvt.com,2024-09-28,2026-03-08,2026-09-12,341.0,52,0.2765784593906334,3741.0,5469.615620534595,102.0,21,False
APP-20607,Apparel,AlphaEdge,ZONE D,QuickStock,contact606@quickstock.com,2024-07-04,2026-01-15,2026-06-02,147.0,0,0.6353571542317243,518.0,1410.1562195124711,163.0,25,True
BEA-31027,Beauty,UrbanWave,Zone B,LocalSource,contact864@localsource.com,2024-09-10,2025-07-21,2026-06-21,304.0,202,0.19587810691302776,5487.0,7690.518140432878,105.0,~1 month,True
TOY-88960,Toys,AlphaEdge,zone a,FastShip Pvt,,2024-10-24,2026-01-08,2026-09-06,18.0,124,0.8497251027684738,5567.0,19160.127786984485,100.0,4,True
AUT-51920,Automotive,GenericPlus,Zone C,DirectImport,contact422@directimport.com,2024-11-29,2026-02-13,2026-08-05,263.0,235,1.8289961130176096,5060.0,10042.119269664421,84.0,41,True
BEA-22817,Beauty,TrueForm,Zone D,PrimeParts,contact196@primeparts.com,2024-07-04,2026-03-06,2026-08-06,145.0,26,0.06889392377947323,5152.0,6596.468868602324,,34,True
AUT-43691,Automotive,NovaLine,zone c,GlobalTrade Ltd,,2024-11-16,2025-11-21,2026-06-17,371.0,121,3.041731130708668,4250.0,13627.074326255295,,15,True
APP-77361,Apparel,ZenCraft,ZONE B,DirectImport,contact944@directimport.com,2024-09-26,2025-09-06,2026-07-12,-26.0,193,0.39798773539585486,3015.0,8835.38475815237,180.0,~1 month,False
APP-77113,Apparel,NovaLine,Zone C,LocalSource,contact800@localsource.com,2024-05-14,2026-01-31,2026-05-25,57.0,82,0.3034347883868924,3045.0,5743.705047130731,78.0,35,True
ELE-94460,Electronics,AlphaEdge,ZONE D,QuickStock,contact377@quickstock.com,2024-05-19,2025-03-26,2026-07-31,285.0,21,0.7794797850049785,6228.0,7386.582961235034,194.0,3,True
ELE-55635,Electronics,CorePeak,zone b,QuickStock,contact783@quickstock.com,2024-05-17,2025-08-14,2026-09-19,350.0,196,0.12338978461790995,5683.0,8023.607006240696,147.0,7,True
ELE-53824,Electronics,ZenCraft,Zone C,DirectImport,contact458@directimport.com,2024-07-03,2025-10-28,2026-09-15,133.0,207,2.581360294848595,7379.0,23148.699782402466,111.0,40,True
TOY-92255,Toys,CorePeak,Zone B,DirectImport,contact846@directimport.com,2024-06-07,2025-06-29,2026-06-05,263.0,225,0.43386878739444235,5747.0,14384.120813240204,162.0,8,True
BEA-13342,Beauty,ZenCraft,Zone A,QuickStock,contact932@quickstock.com,2024-04-24,2026-03-11,2026-07-13,357.0,18,0.09521046508906439,6611.0,9559.899516294583,141.0,30,True
APP-60289,Apparel,AlphaEdge,Zone A,QuickStock,contact579@quickstock.com,2024-09-30,2025-06-22,2026-07-22,247.0,193,0.13181450462259836,5943.0,11997.35149441847,177.0,23,True
TOY-43623,Toys,CorePeak,Zone D,FastShip Pvt,contact441@fastshippvt.com,2024-05-18,2026-03-14,2026-08-20,373.0,266,0.8954127674609865,1689.0,4320.33014189406,0.6700737381862967,32,True
SPO-47847,Sports & Outdoors,ZenCraft,Zone B,GlobalTrade Ltd,contact494@globaltradeltd.com,2024-06-06,2025-04-28,2026-08-28,12.0,83,0.7650666333922128,2834946.0,4628040.634093795,159.0,2-3 weeks,True
ELE-35680,Electronics,GenericPlus,Zone D,SupplyCo India,,2024-06-09,2025-11-17,2026-08-01,483.0,274,0.37247954085319157,1953392.0,6567193.5017681755,53.0,20,True
SPO-74469,Sports & Outdoors,TrueForm,Zone D,FastShip Pvt,contact444@fastshippvt.com,2024-05-21,2025-12-26,2026-08-23,213.0,183,,570.0,829.9148177198263,64.0,40,False
BEA-32694,Beauty,UrbanWave,Zone D,FastShip Pvt,contact596@fastshippvt.com,2024-11-24,2025-04-19,2026-08-17,482.0,262,0.9035140943157098,5590.0,9085.656556091575,58.0,5,True
TOY-37286,Toys,NovaLine,ZONE A,GlobalTrade Ltd,contact652@globaltradeltd.com,2024-05-06,2025-09-29,2026-06-08,107.0,113,0.5550201919879786,4921.0,12659.899583432585,154.0,7,True
ELE-26026,Electronics,NovaLine,zone b,SupplyCo India,contact908@supplycoindia.com,2024-04-16,2025-11-23,2026-06-02,-20.0,89,0.061263211779081006,738.0,1073.6173141300692,136.0,38,True
BEA-15615,Beauty,ZenCraft,zone d,PrimeParts,contact566@primeparts.com,2024-06-02,2025-05-15,2026-06-05,199.0,240,0.8631289512342939,7578.0,20367.478909310757,,30,True
ELE-50021,Electronics,NovaLine,ZONE B,DirectImport,,2024-05-05,,2026-06-04,169.0,72,0.07247686899982952,1260426.0,4231946.101817423,134.0,17,True
AUT-52479,Automotive,AlphaEdge,Zone A,SupplyCo India,contact983@supplycoindia.com,2024-10-25,2026-01-07,2026-08-23,210.0,183,0.547112007022824,1365.0,2091.2820716049914,0.5598440580469118,36,True
APP-87606,Apparel,ZenCraft,Zone C,QuickStock,contact862@quickstock.com,2024-08-21,2025-10-14,2026-07-01,415.0,8,0.47478874636149204,3886.0,10520.220078538126,199.0,6,True
BEA-96110,Beauty,TrueForm,Zone A,SupplyCo India,contact327@supplycoindia.com,2024-04-05,2025-08-01,2026-07-15,413.0,201,0.6800090382800235,7953.0,27273.21073018018,184.0,36,True
TOY-64693,Toys,GenericPlus,zone d,GlobalTrade Ltd,contact460@globaltradeltd.com,2024-10-19,,2026-07-22,410.0,66,0.4173314840448019,0.0,0.0,0.1859100410805967,12,True
SPO-20287,Sports & Outdoors,AlphaEdge,Zone C,GlobalTrade Ltd,,2024-07-24,2025-11-15,2026-09-15,7.0,107,0.674979792801802,2705.0,6114.169867076472,99.0,17,True
ELE-90210,Electronics,TrueForm,zone d,DirectImport,contact515@directimport.com,2024-08-06,2025-10-27,2026-06-30,23.0,216,0.5173109085973919,4257.0,2849.088891647305,38.0,4,True
SPO-42316,Sports & Outdoors,SwiftBrand,Zone C,GlobalTrade Ltd,,2024-06-14,2025-08-19,2026-09-15,-19.0,194,0.9619736990589361,7418.0,14424.945113084454,194.0,41,True
AUT-55474,Automotive,ZenCraft,Zone C,SupplyCo India,contact897@supplycoindia.com,2024-11-03,2025-08-18,2026-09-13,210.0,233,0.08857354291271313,4651.0,7844.712026733107,191.0,15,True
APP-78344,Apparel,ZenCraft,Zone A,SupplyCo India,contact976@supplycoindia.com,2024-06-01,2025-11-06,2026-09-01,359.0,150,0.2157578057844719,2101934.0,4484659.610540262,13.0,7,True
HOM-40397,Home & Kitchen,CorePeak,Zone C,DirectImport,contact483@directimport.com,2024-11-24,,2026-06-26,372.0,19,0.08641118607873133,1474.0,2188.7761862671,70.0,11,True
ELE-14154,Electronics,GenericPlus,Zone D,PrimeParts,contact305@primeparts.com,2024-11-11,,2026-06-18,95.0,105,0.6300349413546626,5257.0,10156.197970653997,40.0,43,True
APP-40900,Apparel,NovaLine,Zone A,DirectImport,,2024-07-21,2025-12-17,2026-07-27,182.0,78,0.4060202843168267,2911.0,6013.434099448517,153.0,39,True
TOY-65037,Toys,NovaLine,Zone D,FastShip Pvt,contact423@fastshippvt.com,2024-10-03,2026-02-05,2026-07-26,292.0,294,2.3971673188115696,7900.0,20660.50658029256,152.0,38,True
ELE-39204,Electronics,AlphaEdge,Zone C,FastShip Pvt,contact383@fastshippvt.com,2024-04-27,2025-08-09,2026-09-04,37.0,162,,5952.0,13434.524187830708,,14,False
ELE-19368,Electronics,CorePeak,Zone B,SupplyCo India,contact709@supplycoindia.com,2024-09-02,2025-06-05,2026-06-16,231.0,270,0.17315113735280563,5589.0,14912.051840809258,103.0,27,True
TOY-41820,Toys,CorePeak,Zone C,DirectImport,contact574@directimport.com,2024-09-10,2026-01-08,2026-06-17,122.0,163,0.7777970512568602,7214.0,21742.45858476184,73.0,33,True
ELE-70308,Electronics,CorePeak,ZONE A,GlobalTrade Ltd,,2024-04-16,,2026-07-19,109.0,23,0.7934511771806729,4683.0,10977.237358948081,126.0,37,True
STA-77596,Stationery,NovaLine,Zone B,PrimeParts,contact474@primeparts.com,2024-09-25,2025-04-18,2026-06-02,39.0,125,1.1311581602006697,293.0,619.6535572265014,107.0,29,False
SPO-99728,Sports & Outdoors,TrueForm,Zone B,QuickStock,contact947@quickstock.com,2024-08-18,2025-05-25,2026-06-10,244.0,151,0.7762795651383406,794.0,1264.7202400500798,63.0,44,True
APP-27364,Apparel,TrueForm,ZONE B,SupplyCo India,contact863@supplycoindia.com,2024-07-10,2026-02-22,2026-09-19,155.0,71,0.3985100876301161,6459.0,18305.520616739523,113.0,40,True
STA-16517,Stationery,AlphaEdge,Zone A,GlobalTrade Ltd,contact275@globaltradeltd.com,2024-08-07,2025-08-29,2026-07-19,359.0,277,0.2981054131088898,1747.0,3651.0778765835807,53.0,10,True
ELE-66920,Electronics,CorePeak,Zone B,FastShip Pvt,contact661@fastshippvt.com,2024-08-19,2025-03-28,2026-08-13,392.0,271,,3308.0,3870.886130270393,133.0,39,True
TOY-47951,Toys,CorePeak,Zone D,PrimeParts,contact892@primeparts.com,2024-08-23,,2026-08-05,423.0,84,0.06976089363071614,1658.0,3949.2336325594542,,37,False
HOM-95243,Home & Kitchen,NovaLine,ZONE D,GlobalTrade Ltd,contact990@globaltradeltd.com,2024-12-05,2025-06-30,2026-07-31,53.0,127,0.13494806568449336,5186.0,13561.42617289619,,25,True
APP-69519,Apparel,NovaLine,ZONE A,DirectImport,contact738@directimport.com,2024-10-19,2026-02-09,2026-06-23,436.0,72,0.9971905236591844,1602.0,5434.8959165697925,48.0,16,True
ELE-96288,Electronics,CorePeak,ZONE D,LocalSource,contact582@localsource.com,2024-10-27,2025-12-21,2026-07-27,218.0,106,0.9966822339056174,7705.0,25705.70926109338,,23,True
ELE-90278,Electronics,ZenCraft,Zone C,DirectImport,contact185@directimport.com,2024-11-20,2026-02-17,2026-08-01,399.0,3,0.31408376632089396,688.0,1429.9167401256022,197.0,263,True
TOY-31916,Toys,UrbanWave,Zone C,DirectImport,,2024-06-10,2026-03-09,2026-06-09,426.0,277,0.9265229419180797,7201.0,16172.132388540993,164.0,18,True
HOM-19792,Home & Kitchen,NovaLine,ZONE A,QuickStock,contact541@quickstock.com,2024-08-08,2025-06-11,2026-06-27,376.0,132,0.3272647924369677,3335.0,6928.683525083623,95.0,648,True
SPO-15533,Sports & Outdoors,CorePeak,Zone B,LocalSource,contact557@localsource.com,2024-10-10,,2026-08-19,451.0,192,0.922222511934339,6165.0,18394.778983159038,120.0,28,True
APP-94254,Apparel,GenericPlus,Zone D,LocalSource,contact915@localsource.com,2024-11-14,2026-02-10,2026-09-21,167.0,117,0.1293852528401288,1758.0,3828.6647901081383,43.0,8,True
APP-36590,Apparel,ZenCraft,Zone C,LocalSource,,2024-05-05,2025-08-08,2026-06-30,101.0,236,0.34548428505071804,6198.0,21411.578125924894,156.0,8,True
APP-37473,Apparel,NovaLine,Zone B,SupplyCo India,contact863@supplycoindia.com,2024-11-01,2025-09-15,2026-08-26,215.0,166,0.2264277112409947,3776.0,5313.142802658591,89.0,44,True
BEA-79106,Beauty,SwiftBrand,zone d,FastShip Pvt,contact322@fastshippvt.com,2024-07-02,2025-08-25,2026-08-01,341.0,285,0.20160350889615108,3141.0,5622.746456270844,133.0,6,True
APP-70337,Apparel,CorePeak,Zone D,LocalSource,contact155@localsource.com,2024-07-19,2025-12-12,2026-08-30,350.0,185,0.1558552096087401,7996.0,9198.238887792417,192.0,19,True
APP-93399,Apparel,AlphaEdge,zone c,LocalSource,contact773@localsource.com,2024-05-23,2025-11-18,2026-09-09,276.0,80,0.3053787168010754,3672.0,12446.811062180886,,43,True
AUT-75836,Automotive,ZenCraft,ZONE B,FastShip Pvt,contact106@fastshippvt.com,2024-11-09,2025-04-29,2026-08-10,450.0,37,0.6381513984056889,5470.0,7297.074226128003,,33,True
ELE-10411,Electronics,NovaLine,ZONE B,DirectImport,contact643@directimport.com,2024-07-02,2025-07-29,2026-09-20,51.0,96,0.7382938496398943,2489.0,7512.025021214489,164.0,29,True
SPO-55050,Sports & Outdoors,CorePeak,Zone A,DirectImport,contact693@directimport.com,2024-06-02,2025-07-17,2026-08-08,78.0,291,0.010327765641276021,2594.0,5632.631215693262,,5,True
TOY-27120,Toys,SwiftBrand,Zone B,LocalSource,contact930@localsource.com,2024-11-02,2025-04-06,2026-05-29,97.0,198,0.8170283392677892,4283.0,6498.174412441642,,31,False
SPO-16803,Sports & Outdoors,CorePeak,Zone D,GlobalTrade Ltd,contact412@globaltradeltd.com,2024-07-10,2025-11-20,2026-05-28,79.0,174,0.07364130802571422,6505.0,22730.005866565585,195.0,15,True
AUT-78980,Automotive,GenericPlus,ZONE C,QuickStock,contact656@quickstock.com,2024-04-28,2025-12-28,2026-06-05,-20.0,273,0.8484714097296391,498.0,347.7634967498454,183.0,14,True
HOM-30784,Home & Kitchen,AlphaEdge,Zone C,SupplyCo India,,2024-04-17,2025-04-23,2026-07-07,444.0,234,0.658882998138848,7941.0,11369.830579919673,,15,True
SPO-70758,Sports & Outdoors,NovaLine,ZONE A,DirectImport,,2024-09-14,2025-11-03,2026-07-30,380.0,6,0.22693823894217557,2864.0,7113.042922027376,,18,True
APP-64949,Apparel,AlphaEdge,Zone A,GlobalTrade Ltd,,2024-12-06,2025-07-05,2026-07-10,29.0,12,,1990.0,3441.5417670563684,82.0,31,True
ELE-91443,Electronics,SwiftBrand,zone b,LocalSource,contact656@localsource.com,2024-07-20,2025-05-22,2026-05-26,381.0,154,,2685.0,6156.431741316767,68.0,277,False
APP-73024,Apparel,AlphaEdge,ZONE C,GlobalTrade Ltd,contact799@globaltradeltd.com,2024-11-01,2026-01-13,2026-07-06,366.0,229,0.26503477706449263,1088.0,3614.6207081042326,117.0,9,True
AUT-23800,Automotive,UrbanWave,Zone D,LocalSource,contact123@localsource.com,2024-10-07,2025-10-18,2026-09-06,457.0,19,0.17602451892168203,5440.0,11453.517160592222,16.0,13,True
ELE-70112,Electronics,AlphaEdge,Zone B,PrimeParts,contact898@primeparts.com,2024-11-11,2025-11-14,2026-05-25,258.0,156,0.07878030231244637,6669.0,9101.63554143921,58.0,12,False
BEA-10503,Beauty,ZenCraft,zone a,DirectImport,contact583@directimport.com,2024-12-10,,2026-06-27,58.0,101,0.40487918025627945,6948.0,6582.777852363226,92.0,33,True
HOM-11841,Home & Kitchen,ZenCraft,Zone C,SupplyCo India,contact917@supplycoindia.com,2024-11-21,2025-09-14,2026-06-22,498.0,64,0.8627645855132158,59.0,93.29771210370501,113.0,14,True
ELE-61180,Electronics,SwiftBrand,zone a,SupplyCo India,contact899@supplycoindia.com,2024-10-21,2025-11-08,2026-09-16,334.0,181,0.4571829515975625,5139.0,8948.283482482804,107.0,24,True
ELE-61137,Electronics,GenericPlus,Zone A,FastShip Pvt,contact906@fastshippvt.com,2024-07-26,2025-06-05,2026-05-28,236.0,221,0.561670085227903,2925.0,8148.039983265832,24.0,9,True
BEA-66576,Beauty,ZenCraft,Zone D,PrimeParts,contact430@primeparts.com,2024-07-12,,2026-07-05,227.0,55,0.8478041765414293,3050.0,3733.2543460254005,71.0,41,True
APP-35057,Apparel,NovaLine,Zone D,GlobalTrade Ltd,contact757@globaltradeltd.com,2024-06-10,2025-10-12,2026-09-14,146.0,142,,920.0,1160.8017828629008,101.0,12,True
APP-46478,Apparel,CorePeak,zone a,PrimeParts,contact377@primeparts.com,2024-06-06,2025-11-27,2026-08-09,243.0,258,0.932694743621536,5518.0,17461.462489528487,,20,True
BEA-33025,Beauty,ZenCraft,zone b,SupplyCo India,contact857@supplycoindia.com,2024-04-05,2025-03-28,2026-09-21,200.0,166,0.279142101628843,6927.0,21451.99230886575,122.0,15,True
SPO-43223,Sports & Outdoors,UrbanWave,zone b,SupplyCo India,contact766@supplycoindia.com,2024-10-09,2025-09-10,2026-07-18,330.0,39,0.23891143071632126,2368807.0,7570848.779709324,36.0,40,True
APP-33749,Apparel,SwiftBrand,Zone D,QuickStock,,2024-04-17,2025-08-25,2026-06-23,427.0,167,0.6686218809680458,735.0,1342.3978533855968,38.0,36,True
BEA-56580,Beauty,NovaLine,zone d,PrimeParts,contact192@primeparts.com,2024-09-30,,2026-08-20,64.0,20,,2976.0,3860.1215321213976,,18,True
AUT-74746,Automotive,ZenCraft,Zone A,GlobalTrade Ltd,contact835@globaltradeltd.com,2024-10-14,2025-12-04,2026-06-22,317.0,227,0.465971648395208,3823.0,11550.573881077633,137.0,39,True
TOY-94704,Toys,UrbanWave,Zone D,DirectImport,contact755@directimport.com,2024-06-11,2025-10-21,2026-07-14,48.0,209,0.6164488711154464,7616.0,10330.643933273905,,42,True
APP-17833,Apparel,SwiftBrand,Zone C,LocalSource,contact764@localsource.com,2024-09-04,2025-08-09,2026-08-11,413.0,293,0.3385619589049528,0.0,0.0,16.0,32,True
STA-90738,Stationery,UrbanWave,zone d,GlobalTrade Ltd,contact764@globaltradeltd.com,2024-04-28,2025-08-13,2026-06-23,83.0,64,0.6204873872388261,5461.0,8114.738593112959,0.38079274986498995,19,True
ELE-95620,Electronics,UrbanWave,ZONE B,DirectImport,contact284@directimport.com,2024-09-25,2026-03-07,2026-05-26,80.0,186,0.6166891237607314,1828.0,4580.178141665948,110.0,31,True
STA-15992,Stationery,NovaLine,zone a,GlobalTrade Ltd,contact909@globaltradeltd.com,2024-05-07,2025-09-27,2026-08-08,252.0,33,0.05182619611747352,0.0,0.0,,40,False
AUT-15065,Automotive,SwiftBrand,Zone D,DirectImport,contact727@directimport.com,2024-11-02,2026-03-07,2026-07-27,248.0,281,0.5690366683951079,6973.0,18459.43760743293,44.0,34,True
HOM-34680,Home & Kitchen,ZenCraft,zone d,GlobalTrade Ltd,contact455@globaltradeltd.com,2024-10-15,2026-02-28,2026-05-26,322.0,23,0.14412609163666779,5172.0,7331.1721192572,63.0,4,False
STA-41102,Stationery,UrbanWave,ZONE D,PrimeParts,contact898@primeparts.com,2024-07-15,,2026-05-28,499.0,198,0.4383632803722596,3920.0,8897.879106537031,177.0,476,True
TOY-90320,Toys,SwiftBrand,Zone B,SupplyCo India,contact331@supplycoindia.com,2024-10-02,2025-04-20,2026-07-14,-64.0,192,0.8627782467092591,674.0,1604.3513094925945,113.0,28,True
APP-69391,Apparel,AlphaEdge,Zone A,DirectImport,,2024-07-25,2025-08-06,2026-06-18,80.0,145,0.46974225277847736,4912.0,15028.787664843981,,44,True
ELE-19224,Electronics,TrueForm,Zone C,DirectImport,,2024-10-25,2025-07-17,2026-07-30,222.0,256,0.7128413158602128,5350.0,18271.768032898977,35.0,4,True
BEA-18986,Beauty,AlphaEdge,Zone A,LocalSource,contact246@localsource.com,2024-10-25,2026-02-26,2026-07-01,324.0,249,0.40405422404093694,1354660.0,1737502.813403791,165.0,5,True
BEA-16294,Beauty,CorePeak,Zone A,SupplyCo India,contact706@supplycoindia.com,2024-08-31,2025-06-02,2026-09-11,46.0,86,0.3749205788523339,5163.0,6384.000598658477,190.0,40,True
HOM-10771,Home & Kitchen,UrbanWave,ZONE A,DirectImport,contact348@directimport.com,2024-04-08,2026-02-05,2026-07-13,262.0,167,0.1238752818204234,3794.0,10997.370768188244,179.0,3,True
TOY-76771,Toys,TrueForm,ZONE A,SupplyCo India,contact777@supplycoindia.com,2024-07-23,2026-01-29,2026-08-04,298.0,112,0.0701554904433016,370.0,1081.4208719374203,104.0,32,True
APP-74676,Apparel,GenericPlus,Zone B,SupplyCo India,contact666@supplycoindia.com,2024-10-15,2025-05-03,2026-08-31,3.0,199,0.05054337127216191,581.0,1419.608560526928,42.0,34,True
APP-47903,Apparel,TrueForm,Zone A,QuickStock,contact742@quickstock.com,2024-08-02,2025-05-17,2026-07-27,52.0,116,0.9230987527091256,3166.0,8322.74802934141,75.0,26,True
ELE-58178,Electronics,CorePeak,Zone C,FastShip Pvt,contact713@fastshippvt.com,2024-05-30,2025-10-31,2026-05-25,444.0,122,0.7348543440310288,7144.0,23456.23087704023,124.0,7,True
BEA-49866,Beauty,CorePeak,Zone B,LocalSource,contact329@localsource.com,2024-07-26,2025-11-11,2026-08-09,0.0,103,0.045608380793905834,2268.0,4917.421887360631,153.0,24,True
BEA-29185,Beauty,AlphaEdge,Zone A,QuickStock,contact402@quickstock.com,2024-06-30,2025-05-22,2026-08-04,73.0,59,0.7671077517145601,6283.0,8959.004179261454,,on demand,True
STA-58521,Stationery,AlphaEdge,Zone B,GlobalTrade Ltd,contact771@globaltradeltd.com,2024-08-12,2026-01-12,2026-09-11,278.0,81,0.7528206215724647,2650.0,3954.940724479904,,5,True
HOM-37691,Home & Kitchen,AlphaEdge,Zone D,GlobalTrade Ltd,contact470@globaltradeltd.com,2024-06-12,2025-11-11,2026-07-12,221.0,298,0.02315616321866487,5178.0,11495.670443944984,81.0,42,True
APP-99505,Apparel,AlphaEdge,zone c,PrimeParts,contact656@primeparts.com,2024-04-19,2025-04-13,2026-09-16,379.0,74,0.04713310937983284,5307.0,6310.170164803451,146.0,on demand,True
APP-89119,Apparel,TrueForm,Zone B,GlobalTrade Ltd,contact673@globaltradeltd.com,2024-07-28,2025-07-13,2026-06-20,231.0,200,0.7647256942622613,0.0,0.0,189.0,33,True
SPO-84925,Sports & Outdoors,NovaLine,zone b,SupplyCo India,contact272@supplycoindia.com,2024-11-27,2025-09-16,2026-06-24,2.0,200,0.14870493608030422,0.0,0.0,35.0,40,True
HOM-86352,Home & Kitchen,ZenCraft,zone c,GlobalTrade Ltd,contact490@globaltradeltd.com,2024-04-18,2025-08-11,2026-08-12,138.0,237,0.1199087577861302,5251.0,13409.189309274512,0.5746058688976201,29,True
APP-94134,Apparel,UrbanWave,Zone A,DirectImport,contact697@directimport.com,2024-11-09,2025-09-11,2026-06-03,428.0,115,,4755.0,14043.37451242472,106.0,31,True
TOY-28920,Toys,CorePeak,ZONE B,QuickStock,contact711@quickstock.com,2024-06-11,2025-07-27,2026-08-25,351.0,109,0.39708014230656885,7458.0,21813.9896573092,148.0,7,True
BEA-79741,Beauty,TrueForm,ZONE C,DirectImport,contact856@directimport.com,2024-11-10,2025-12-31,2026-07-20,144.0,259,0.9147296177862736,3969.0,8953.308403296083,0.32379414717850435,40,True
AUT-69376,Automotive,NovaLine,Zone D,DirectImport,contact906@directimport.com,2024-06-12,2025-11-25,2026-07-21,343.0,262,0.6482533568053148,6173.0,13202.039496312753,137.0,38,True
BEA-62078,Beauty,NovaLine,Zone B,SupplyCo India,contact884@supplycoindia.com,2024-04-30,2025-08-24,2026-09-13,58.0,52,0.25689081867428565,6877.0,10276.464689369337,72.0,12,True
APP-83652,Apparel,ZenCraft,Zone C,FastShip Pvt,contact342@fastshippvt.com,2024-11-07,2025-07-18,2026-06-30,410.0,122,0.41426182693469105,696.0,2262.796428151986,156.0,44,True
TOY-99472,Toys,AlphaEdge,Zone B,LocalSource,contact726@localsource.com,2024-07-07,2025-10-31,2026-06-16,377.0,186,0.26655145678727377,7873.0,10356.676420281303,163.0,26,False
APP-15659,Apparel,GenericPlus,Zone A,FastShip Pvt,contact972@fastshippvt.com,2024-04-23,,2026-06-26,66.0,85,0.32096846651593125,1940494.0,3677969.5469398564,61.0,8,True
ELE-32578,Electronics,GenericPlus,Zone A,SupplyCo India,contact659@supplycoindia.com,2024-04-07,2025-12-24,2026-06-18,495.0,213,0.06709878418297699,5091.0,15005.541466136248,,40,True
HOM-65349,Home & Kitchen,UrbanWave,Zone D,FastShip Pvt,contact410@fastshippvt.com,2024-05-10,,2026-06-03,348.0,65,0.8160007327519903,3160.0,9495.805065980529,174.0,16,True
SPO-13709,Sports & Outdoors,ZenCraft,Zone D,SupplyCo India,contact168@supplycoindia.com,2024-05-21,2025-11-15,2026-08-12,376.0,4,0.913250077221897,6102.0,19490.07689242101,98.0,41,True
BEA-24520,Beauty,AlphaEdge,Zone D,FastShip Pvt,contact757@fastshippvt.com,2024-08-04,2026-02-15,2026-07-18,197.0,38,3.499510314727786,1065.0,1474.5545219586982,106.0,31,False
SPO-43576,Sports & Outdoors,TrueForm,zone a,GlobalTrade Ltd,contact204@globaltradeltd.com,2024-04-26,2025-05-02,2026-07-02,443.0,296,0.7901181735089158,383.0,935.4692627590417,,7,True
STA-73556,Stationery,TrueForm,ZONE C,GlobalTrade Ltd,contact117@globaltradeltd.com,2024-11-25,2025-05-24,2026-08-25,244.0,291,1.5682560781982535,2347.0,4651.857833922794,,16,True
SPO-77911,Sports & Outdoors,ZenCraft,Zone C,LocalSource,contact909@localsource.com,2024-07-20,2025-12-28,2026-06-17,11.0,172,0.2865035677439355,524.0,705.2385502529388,189.0,31,True
ELE-88098,Electronics,SwiftBrand,Zone A,FastShip Pvt,contact839@fastshippvt.com,2024-05-03,,2026-09-19,84.0,141,0.6603580143562557,2024.0,7003.211572540771,77.0,~3 weeks,False
BEA-96889,Beauty,SwiftBrand,Zone A,FastShip Pvt,contact787@fastshippvt.com,2024-09-12,2025-09-24,2026-05-25,271.0,268,0.3981123067281963,2263.0,7779.15432331985,,8,True
HOM-22810,Home & Kitchen,ZenCraft,Zone C,LocalSource,contact152@localsource.com,2024-07-18,,2026-06-04,197.0,202,0.7788316527076334,5973.0,18503.837757447516,181.0,25,True
APP-70752,Apparel,UrbanWave,Zone A,QuickStock,contact512@quickstock.com,2024-09-01,2025-04-14,2026-05-27,410.0,128,0.17425743137790395,3271.0,10593.086025453535,,40,False
TOY-63997,Toys,TrueForm,Zone A,LocalSource,contact828@localsource.com,2024-04-27,2026-02-12,2026-06-26,169.0,180,0.922432607924548,1223.0,1673.3965000675169,129.0,25,True
SPO-35999,Sports & Outdoors,AlphaEdge,ZONE A,FastShip Pvt,contact689@fastshippvt.com,2024-10-10,2025-12-27,2026-08-30,426.0,255,0.7470324771890854,5799.0,18179.35491673437,128.0,varies,True
SPO-12203,Sports & Outdoors,ZenCraft,Zone A,SupplyCo India,contact603@supplycoindia.com,2024-04-29,2025-05-21,2026-08-07,440.0,2,0.7525281172105399,6814.0,18534.347394874865,30.0,31,True
STA-42010,Stationery,AlphaEdge,zone d,FastShip Pvt,contact241@fastshippvt.com,2024-12-10,2026-02-04,2026-07-10,398.0,287,1.1813009280469442,6532.0,12068.351974942847,26.0,44,True
SPO-23070,Sports & Outdoors,AlphaEdge,Zone D,FastShip Pvt,,2024-10-20,2025-05-30,2026-08-26,202.0,175,0.8852569003534237,2409523.0,8072035.744076888,83.0,27,True
APP-80237,Apparel,NovaLine,zone d,FastShip Pvt,contact248@fastshippvt.com,2024-04-20,2026-01-04,2026-09-21,295.0,277,3.2079137944010454,6233.0,3975.888793375132,124.0,7,True
ELE-90748,Electronics,SwiftBrand,ZONE C,SupplyCo India,contact802@supplycoindia.com,2024-09-22,2025-06-25,2026-07-08,141.0,79,0.9500081965113113,5209.0,16943.108954681597,184.0,~3 weeks,True
APP-48857,Apparel,AlphaEdge,zone a,SupplyCo India,,2024-08-01,2025-05-10,2026-09-01,386.0,115,0.5241204844938485,1732.0,4109.782961835846,101.0,2-3 weeks,True
APP-18423,Apparel,SwiftBrand,Zone B,SupplyCo India,contact443@supplycoindia.com,2024-07-01,2025-05-01,2026-09-03,151.0,35,0.30847615303448517,3618.0,10699.72647379824,63.0,4-6 weeks,False
BEA-55507,Beauty,TrueForm,Zone B,LocalSource,contact289@localsource.com,2024-10-14,2025-05-14,2026-09-04,320.0,82,0.29149265557737736,4979.0,10246.940744115827,45.0,29,True
APP-89144,Apparel,ZenCraft,ZONE C,SupplyCo India,contact377@supplycoindia.com,2024-09-21,2026-03-25,2026-06-06,461.0,30,0.6912042068094941,1639.0,4053.6330565939893,139.0,28,True
ELE-18896,Electronics,ZenCraft,Zone D,FastShip Pvt,contact119@fastshippvt.com,2024-06-11,2025-04-16,2026-09-07,436.0,38,0.3401751990846461,3622.0,11658.475745952925,150.0,17,False
HOM-49225,Home & Kitchen,SwiftBrand,ZONE D,GlobalTrade Ltd,contact508@globaltradeltd.com,2024-09-24,2025-12-22,2026-06-24,494.0,116,0.18601524102107914,6634.0,12139.625697627012,44.0,14,True
HOM-49756,Home & Kitchen,TrueForm,Zone C,DirectImport,contact849@directimport.com,2024-04-19,2025-08-29,2026-07-11,291.0,19,0.20411445821218732,5905.0,8415.43791866935,121.0,23,False
HOM-57421,Home & Kitchen,AlphaEdge,zone b,DirectImport,contact315@directimport.com,2024-11-14,2025-07-25,2026-08-02,487.0,162,0.7384301109474475,4951.0,14068.407930878508,151.0,43,True
AUT-38678,Automotive,GenericPlus,Zone B,FastShip Pvt,contact372@fastshippvt.com,2024-09-12,,2026-08-31,240.0,238,0.7595019196677645,4889.0,15620.933066334233,86.0,22,True
TOY-34648,Toys,NovaLine,Zone B,GlobalTrade Ltd,contact524@globaltradeltd.com,2024-06-22,,2026-05-26,272.0,296,0.896183005371409,4436.0,7569.051838581773,190.0,13,True
AUT-45911,Automotive,AlphaEdge,Zone C,LocalSource,,2024-06-29,2025-04-25,2026-06-13,381.0,133,0.23869339101731735,5620.0,17058.328949620718,0.7499699973066446,4-6 weeks,True
HOM-99200,Home & Kitchen,AlphaEdge,Zone A,FastShip Pvt,contact986@fastshippvt.com,2024-05-10,2026-02-18,2026-05-27,440.0,214,0.778685738911028,4760.0,15842.848076415125,60.0,28,True
HOM-28755,Home & Kitchen,NovaLine,zone a,PrimeParts,,2024-10-10,2026-03-08,2026-09-10,121.0,293,0.8467941943172124,6106.0,7190.326110871553,195.0,42,True
APP-90847,Apparel,ZenCraft,ZONE A,GlobalTrade Ltd,contact848@globaltradeltd.com,2024-04-07,2025-11-29,2026-05-31,340.0,90,,1327.0,2696.6791560442252,122.0,11,True
APP-83783,Apparel,UrbanWave,Zone A,SupplyCo India,contact872@supplycoindia.com,2024-09-04,,2026-07-07,29.0,210,0.7440637295264841,1554.0,2676.1616572462945,82.0,31,True
HOM-27704,Home & Kitchen,SwiftBrand,Zone A,SupplyCo India,,2024-09-07,2026-02-11,2026-05-27,434.0,298,0.3295189740000729,403.0,1061.3180366984755,63.0,30,True
HOM-48566,Home & Kitchen,SwiftBrand,Zone D,FastShip Pvt,contact822@fastshippvt.com,2024-07-03,,2026-07-17,299.0,280,0.23554631548604688,3387.0,5729.673973716895,171.0,19,True
APP-39426,Apparel,SwiftBrand,zone a,GlobalTrade Ltd,contact689@globaltradeltd.com,2024-08-05,2025-11-22,2026-09-09,487.0,219,,438.0,1506.708137340523,42.0,22,False
APP-57317,Apparel,NovaLine,Zone C,FastShip Pvt,,2024-05-09,2026-01-20,2026-07-15,391.0,86,0.9770043601107178,7178.0,14551.03877968027,,38,True
ELE-28904,Electronics,ZenCraft,zone d,SupplyCo India,contact492@supplycoindia.com,2024-06-10,2025-10-08,2026-09-02,310.0,87,0.30660000270396126,3043.0,8927.157859798444,33.0,41,True
HOM-62235,Home & Kitchen,CorePeak,zone b,LocalSource,contact588@localsource.com,2024-07-25,2025-04-13,2026-05-28,411.0,247,0.6113184946246066,6675.0,11846.427047485684,53.0,22,True
HOM-75723,Home & Kitchen,SwiftBrand,zone c,LocalSource,contact813@localsource.com,2024-06-02,2025-06-22,2026-08-15,69.0,224,0.860138124319492,6328.0,19927.91313732146,40.0,3,True
APP-88000,Apparel,AlphaEdge,zone c,QuickStock,contact930@quickstock.com,2024-10-03,2026-01-19,2026-07-03,179.0,56,0.20663678233821337,3660121.0,12490903.33599366,39.0,6,True
HOM-15779,Home & Kitchen,ZenCraft,Zone D,DirectImport,contact861@directimport.com,2024-10-24,2026-03-04,2026-07-17,216.0,235,0.6039471798312315,4770.0,7807.379609511159,123.0,varies,True
APP-26892,Apparel,AlphaEdge,Zone C,SupplyCo India,contact187@supplycoindia.com,2024-10-29,2025-11-20,2026-07-30,120.0,269,0.287569814420192,450.0,932.072772337527,94.0,20,True
HOM-68953,Home & Kitchen,AlphaEdge,zone d,GlobalTrade Ltd,contact799@globaltradeltd.com,2024-06-25,,2026-06-01,208.0,258,0.8429498081639986,2357.0,4397.952110643616,27.0,20,True
SPO-97175,Sports & Outdoors,CorePeak,Zone D,GlobalTrade Ltd,,2024-08-02,2025-05-05,2026-06-08,478.0,198,0.8032052125370045,4367.0,9257.918890590516,172.0,39,True
SPO-24793,Sports & Outdoors,NovaLine,Zone C,FastShip Pvt,contact846@fastshippvt.com,2024-09-13,2025-06-17,2026-08-29,336.0,88,0.981377697382602,7437.0,10397.81501396155,163.0,5,True
APP-37664,Apparel,GenericPlus,Zone A,LocalSource,contact988@localsource.com,2024-05-19,2025-05-03,2026-08-09,304.0,183,0.6248632100653938,6362.0,19890.314558907816,113.0,20,True
BEA-10711,Beauty,NovaLine,Zone D,QuickStock,contact162@quickstock.com,2024-05-24,2025-07-23,2026-09-09,-54.0,230,0.6801820139092295,4288.0,13537.47354927373,20.0,16,True
HOM-42214,Home & Kitchen,UrbanWave,Zone D,PrimeParts,contact578@primeparts.com,2024-09-28,2026-02-04,2026-07-01,134.0,95,0.7998401492723378,1711.0,3754.0414436642345,36.0,38,True
TOY-66320,Toys,CorePeak,Zone B,QuickStock,,2024-06-10,2025-10-04,2026-09-07,98.0,75,0.5967868471233443,1670.0,3468.146573747996,116.0,35,False
ELE-18527,Electronics,CorePeak,Zone D,SupplyCo India,,2024-08-08,2025-08-12,2026-06-18,255.0,36,0.9351233672915584,6390.0,8171.43723735515,,8,True
HOM-63885,Home & Kitchen,AlphaEdge,Zone A,QuickStock,contact474@quickstock.com,2024-10-31,2026-02-17,2026-08-04,430.0,0,0.12611875047273047,3059.0,8652.16597487456,,39,True
APP-89545,Apparel,NovaLine,zone b,LocalSource,contact146@localsource.com,2024-10-24,2025-09-29,2026-09-04,240.0,180,0.4079021496977603,5906.0,19040.321700936518,0.50582385657245,36,True
APP-21453,Apparel,NovaLine,Zone D,GlobalTrade Ltd,contact468@globaltradeltd.com,2024-08-05,2026-03-05,2026-08-17,45.0,118,0.5729126251724548,310.0,791.1274044639274,,41,True
AUT-14312,Automotive,TrueForm,Zone A,LocalSource,contact677@localsource.com,2024-07-18,2025-11-05,2026-07-08,66.0,267,,3215988.0,11165450.443132298,176.0,30,True
ELE-17966,Electronics,NovaLine,Zone D,DirectImport,contact506@directimport.com,2024-06-02,2025-10-02,2026-06-15,123.0,297,0.7582691396551178,6233.0,4166.150714467782,145.0,43,True
AUT-40359,Automotive,ZenCraft,Zone D,GlobalTrade Ltd,contact235@globaltradeltd.com,2024-06-18,2025-07-14,2026-05-31,90.0,286,0.06040217385939162,1167.0,2418.671272503234,10.0,30,False
TOY-43391,Toys,AlphaEdge,Zone A,PrimeParts,contact806@primeparts.com,2024-05-31,2026-01-14,2026-05-28,99.0,153,0.2296399907883908,2477.0,4400.847922185801,125.0,27,True
TOY-85332,Toys,NovaLine,ZONE C,QuickStock,,2024-11-25,2025-12-04,2026-08-23,32.0,254,0.44656963677438244,2275.0,5826.140269073257,166.0,28,True
AUT-24767,Automotive,NovaLine,zone d,DirectImport,contact419@directimport.com,2024-10-30,2025-08-23,2026-07-19,140.0,185,0.2149624923194856,4573.0,6364.986582483753,56.0,19,True
APP-60790,Apparel,NovaLine,Zone D,QuickStock,contact640@quickstock.com,2024-04-19,2025-06-17,2026-09-03,151.0,259,0.38907084322951524,4564.0,9305.573391222235,136.0,761,True
BEA-11359,Beauty,CorePeak,Zone C,GlobalTrade Ltd,contact175@globaltradeltd.com,2024-07-03,2026-03-10,2026-06-06,389.0,226,,7216.0,22027.433311032884,197.0,10,True
HOM-74011,Home & Kitchen,GenericPlus,Zone A,LocalSource,contact712@localsource.com,2024-05-30,2025-07-05,2026-06-30,377.0,37,0.8252465192368759,6936.0,8171.362067848665,,27,True
APP-39616,Apparel,CorePeak,ZONE C,LocalSource,contact445@localsource.com,2024-06-20,2025-04-25,2026-08-17,185.0,283,0.2092133182045529,6608.0,15815.742496135896,188.0,5,True
APP-92090,Apparel,ZenCraft,Zone C,DirectImport,contact261@directimport.com,2024-09-13,2025-06-16,2026-07-30,122.0,109,0.770325374619242,4843.0,12631.463982654866,12.0,12,True
APP-19997,Apparel,CorePeak,Zone D,DirectImport,contact683@directimport.com,2024-10-10,2025-09-07,2026-09-08,251.0,121,0.4420276545824482,6092.0,17405.353367674088,,41,True
STA-14055,Stationery,ZenCraft,Zone A,PrimeParts,contact403@primeparts.com,2024-06-17,2025-12-27,2026-08-29,276.0,100,0.20216754734725717,7520.0,18932.894660347243,15.0,23,True
APP-91819,Apparel,CorePeak,zone d,QuickStock,contact763@quickstock.com,2024-05-06,2025-08-20,2026-07-15,474.0,57,0.7021396781403897,3478.0,12097.896755324928,31.0,27,True
BEA-66066,Beauty,TrueForm,Zone A,DirectImport,contact161@directimport.com,2024-06-20,2025-08-18,2026-08-10,-24.0,267,0.3786975157610297,6246.0,15562.27706977825,166.0,21,True
STA-25760,Stationery,NovaLine,zone c,DirectImport,contact873@directimport.com,2024-08-19,2025-04-21,2026-05-28,200.0,208,0.9206785848849887,935.0,2953.403940502086,95.0,7,True
SPO-57228,Sports & Outdoors,SwiftBrand,ZONE A,GlobalTrade Ltd,,2024-11-05,2025-05-18,2026-06-10,164.0,216,,5328.0,7002.744687815341,105.0,5,True
ELE-76183,Electronics,NovaLine,zone a,LocalSource,contact799@localsource.com,2024-09-29,2025-04-23,2026-07-19,296.0,112,0.26396910803016915,4893.0,13257.248813648814,190.0,26,True
ELE-59046,Electronics,AlphaEdge,ZONE A,FastShip Pvt,contact828@fastshippvt.com,2024-08-20,2025-11-03,2026-08-27,67.0,131,0.9613368265775362,3538.0,10804.470271178361,21.0,19,True
HOM-60946,Home & Kitchen,SwiftBrand,Zone C,FastShip Pvt,contact353@fastshippvt.com,2024-11-05,2025-10-09,2026-08-12,-77.0,206,0.6086117207080697,3500.0,5706.327325052238,177.0,42,True
APP-82608,Apparel,GenericPlus,ZONE B,SupplyCo India,contact353@supplycoindia.com,2024-09-14,,2026-06-08,371.0,92,0.20095261552951338,5852.0,17853.747968111653,,3,True
APP-61392,Apparel,UrbanWave,Zone A,FastShip Pvt,,2024-07-12,,2026-06-20,84.0,65,0.7441987139604057,4586.0,11895.530911305019,11.0,18,True
SPO-71379,Sports & Outdoors,GenericPlus,zone c,QuickStock,contact790@quickstock.com,2024-09-02,2026-01-22,2026-06-09,183.0,262,0.15531889529163767,6523.0,22729.95272213105,194.0,7,False
APP-71562,Apparel,NovaLine,Zone A,QuickStock,contact200@quickstock.com,2024-09-19,,2026-06-22,452.0,91,0.06027638772205279,1072.0,2183.1703536347222,111.0,11,True
ELE-44100,Electronics,UrbanWave,Zone A,GlobalTrade Ltd,contact542@globaltradeltd.com,2024-09-21,2025-08-06,2026-08-16,403.0,18,0.8911820370433061,3037.0,7612.484936598634,36.0,13,False
APP-12596,Apparel,ZenCraft,Zone D,QuickStock,contact596@quickstock.com,2024-08-14,2025-10-03,2026-08-28,118.0,23,0.28198463447865807,2169.0,6969.573207494034,123.0,33,True
HOM-93281,Home & Kitchen,NovaLine,zone b,GlobalTrade Ltd,,2024-05-23,2025-09-12,2026-09-20,65.0,49,0.06022343807446684,5473.0,11481.398965473054,62.0,18,True
HOM-94743,Home & Kitchen,AlphaEdge,Zone A,FastShip Pvt,,2024-05-29,2025-12-04,2026-07-15,55.0,50,0.9606361908152519,3058.0,8537.020898740742,106.0,38,True
APP-96527,Apparel,UrbanWave,Zone C,PrimeParts,contact688@primeparts.com,2024-06-12,2025-06-09,2026-07-06,273.0,296,0.33320709146449845,365.0,1263.6973821374604,0.44119668003245843,23,True
HOM-68851,Home & Kitchen,UrbanWave,ZONE C,DirectImport,contact423@directimport.com,2024-09-02,2025-05-31,2026-06-04,162.0,256,0.2192984823072729,6693.0,11000.864754037342,0.3726117389353782,29,True
TOY-97068,Toys,NovaLine,Zone A,DirectImport,contact649@directimport.com,2024-07-18,2025-06-10,2026-07-25,123.0,204,0.901832560966137,5668.0,18363.267969746044,34.0,600,True
APP-57068,Apparel,TrueForm,zone c,LocalSource,contact111@localsource.com,2024-11-29,2026-03-12,2026-08-30,209.0,286,0.7542752375925176,2459.0,8230.408495239422,13.0,24,True
HOM-12730,Home & Kitchen,ZenCraft,Zone C,PrimeParts,contact122@primeparts.com,2024-11-26,,2026-08-09,102.0,8,,3803.0,7820.670976864987,113.0,26,True
ELE-86630,Electronics,ZenCraft,Zone C,LocalSource,contact967@localsource.com,2024-10-19,2025-05-18,2026-07-23,-18.0,238,0.43236225353666324,5292.0,11486.241506166962,0.751040246759717,15,True
BEA-43960,Beauty,AlphaEdge,Zone B,SupplyCo India,contact751@supplycoindia.com,2024-07-02,2025-11-19,2026-08-23,296.0,167,,7121.0,16190.953309915629,,31,True
SPO-15283,Sports & Outdoors,AlphaEdge,Zone A,QuickStock,contact437@quickstock.com,2024-10-15,2025-05-27,2026-08-22,-57.0,252,0.6113918765010891,6518.0,15000.5417662449,24.0,38,True
ELE-53554,Electronics,UrbanWave,Zone A,QuickStock,contact626@quickstock.com,2024-07-07,2025-03-30,2026-07-27,-27.0,228,0.942716012143511,1409.0,2066.771152372407,,31,True
TOY-24852,Toys,TrueForm,ZONE B,QuickStock,contact994@quickstock.com,2024-07-14,2025-08-11,2026-06-05,210.0,161,0.013758187163613989,7982.0,20922.70991054964,0.8131702962451298,34,True
BEA-58158,Beauty,GenericPlus,Zone C,DirectImport,contact340@directimport.com,2024-05-11,2025-05-18,2026-06-16,243.0,231,0.16005885547759813,3979359.0,5914959.270373586,155.0,24,True
ELE-26068,Electronics,NovaLine,Zone B,QuickStock,,2024-08-30,2026-02-28,2026-07-20,167.0,262,0.5802742660129548,2536.0,3185.9123822272527,83.0,8,True
ELE-77518,Electronics,ZenCraft,Zone B,SupplyCo India,contact792@supplycoindia.com,2024-04-12,2025-10-31,2026-07-03,65.0,182,0.7828450001405444,3769.0,7726.066237736998,,13,False
BEA-21115,Beauty,GenericPlus,Zone B,QuickStock,contact208@quickstock.com,2024-06-30,2025-10-13,2026-07-22,279.0,62,0.05425261493686673,693.0,934.2900945698262,30.0,13,True
APP-93275,Apparel,AlphaEdge,Zone A,PrimeParts,contact391@primeparts.com,2024-09-09,2026-02-12,2026-06-20,197.0,295,0.023369757724959306,5194.0,17684.571876083333,169.0,30,True
ELE-39036,Electronics,SwiftBrand,Zone B,LocalSource,contact230@localsource.com,2024-06-24,2026-01-08,2026-08-03,61.0,65,,7470.0,9666.923062298085,44.0,33,False
AUT-78308,Automotive,CorePeak,zone b,FastShip Pvt,contact652@fastshippvt.com,2024-05-24,2026-03-04,2026-06-13,78.0,4,0.916681053586079,2293.0,6793.18220837629,70.0,36,False
TOY-69143,Toys,ZenCraft,Zone C,SupplyCo India,,2024-09-08,2026-01-10,2026-06-24,75.0,78,0.5402993958732136,2166987.0,5859805.083984614,45.0,4,True
HOM-40794,Home & Kitchen,GenericPlus,ZONE C,DirectImport,contact678@directimport.com,2024-09-12,2025-08-04,2026-08-05,408.0,105,0.2487224431928705,430.0,929.4846390449524,73.0,24,True
SPO-63465,Sports & Outdoors,SwiftBrand,Zone B,SupplyCo India,contact173@supplycoindia.com,2024-05-23,2025-05-20,2026-07-24,443.0,141,0.5381625093700478,1743.0,4984.220051679486,133.0,29,True
ELE-59997,Electronics,GenericPlus,zone b,FastShip Pvt,contact380@fastshippvt.com,2024-06-01,2025-11-09,2026-07-10,198.0,205,0.957756767004186,7648.0,12588.750272175888,78.0,30,True
APP-76158,Apparel,ZenCraft,Zone D,QuickStock,contact526@quickstock.com,2024-09-28,2025-04-23,2026-05-28,279.0,3,0.03580024787779812,1609991.0,3156499.796276069,26.0,39,True
BEA-97846,Beauty,ZenCraft,Zone C,PrimeParts,contact710@primeparts.com,2024-09-20,2025-12-30,2026-06-08,296.0,224,0.2489437358548917,0.0,0.0,87.0,4,True
AUT-87810,Automotive,AlphaEdge,ZONE D,GlobalTrade Ltd,contact242@globaltradeltd.com,2024-10-27,2025-12-12,2026-09-17,203.0,219,0.11920336931122377,6567.0,17594.350202378173,47.0,38,True
BEA-30616,Beauty,SwiftBrand,Zone C,DirectImport,,2024-08-04,2026-03-10,2026-07-19,64.0,164,0.8328466337640674,7505.0,18251.654009333488,63.0,7,False
ELE-38449,Electronics,AlphaEdge,Zone C,SupplyCo India,contact180@supplycoindia.com,2024-05-13,,2026-07-24,139.0,293,0.3526518069268102,980.0,3353.632286328262,41.0,6,True
APP-92544,Apparel,CorePeak,Zone D,PrimeParts,,2024-05-26,,2026-07-06,377.0,117,0.18814861405098182,3916.0,7180.7961848159675,81.0,39,True
ELE-86938,Electronics,CorePeak,Zone A,PrimeParts,contact797@primeparts.com,2024-06-16,2026-03-17,2026-07-23,383.0,281,0.7476644381015884,4448.0,2739.392885029791,144.0,4,True
STA-65125,Stationery,UrbanWave,zone d,FastShip Pvt,contact570@fastshippvt.com,2024-04-20,2026-03-05,2026-06-06,256.0,154,0.061267526542680195,4667.0,7190.525943690127,,4-6 weeks,False
TOY-88519,Toys,CorePeak,Zone B,GlobalTrade Ltd,contact240@globaltradeltd.com,2024-08-13,2025-06-27,2026-06-15,36.0,252,0.4467606623381225,1421.0,1860.7871752566707,13.0,29,True
AUT-13839,Automotive,CorePeak,Zone A,SupplyCo India,contact191@supplycoindia.com,2024-06-27,2026-02-16,2026-07-29,354.0,280,0.5542721228662114,6106.0,12476.161168904924,,7,True
BEA-10189,Beauty,SwiftBrand,Zone C,LocalSource,contact424@localsource.com,2024-11-06,2025-07-05,2026-08-18,307.0,67,0.6231643363660974,3130.0,9522.617732801296,,38,True
TOY-12209,Toys,AlphaEdge,ZONE B,LocalSource,contact724@localsource.com,2024-06-02,,2026-08-12,140.0,281,0.8069654158271176,5403.0,15919.00050860819,47.0,13,True
TOY-78426,Toys,TrueForm,Zone A,GlobalTrade Ltd,contact828@globaltradeltd.com,2024-05-27,2025-09-02,2026-08-21,142.0,191,0.20904352223819378,6986.0,11018.55812214964,54.0,7,True
HOM-58988,Home & Kitchen,UrbanWave,Zone D,LocalSource,contact788@localsource.com,2024-07-14,2025-08-06,2026-08-31,221.0,159,0.6450832992335211,2859.0,3597.5270659422667,151.0,38,True
AUT-54850,Automotive,NovaLine,ZONE C,QuickStock,,2024-08-26,,2026-08-04,59.0,73,0.24366831698117464,2746.0,9180.824295588336,124.0,36,True
TOY-87108,Toys,NovaLine,Zone D,FastShip Pvt,contact601@fastshippvt.com,2024-05-21,2025-04-02,2026-09-01,480.0,199,0.3555325588773087,6688.0,9246.330936161612,147.0,42,True
ELE-10217,Electronics,AlphaEdge,Zone A,FastShip Pvt,contact302@fastshippvt.com,2024-04-05,2026-03-19,2026-07-12,108.0,115,0.21268997361064246,0.0,0.0,,15,True
APP-19452,Apparel,UrbanWave,zone d,GlobalTrade Ltd,,2024-07-22,2026-03-15,2026-06-26,100.0,240,0.6730936488651029,4449.0,7649.2756090108305,158.0,3,True
HOM-14731,Home & Kitchen,ZenCraft,Zone A,PrimeParts,contact572@primeparts.com,2024-06-09,2025-04-30,2026-07-24,194.0,101,0.039293009648793786,1785.0,3066.840261054538,68.0,33,True
HOM-51404,Home & Kitchen,ZenCraft,Zone B,SupplyCo India,contact646@supplycoindia.com,2024-08-05,2025-08-31,2026-08-04,67.0,226,0.42546072848910355,2287.0,7438.359578828636,87.0,22,True
HOM-91974,Home & Kitchen,UrbanWave,ZONE A,SupplyCo India,contact124@supplycoindia.com,2024-07-11,2025-09-10,2026-09-20,41.0,66,0.17368692988552614,541.0,1042.6581260145479,152.0,40,True
APP-14862,Apparel,AlphaEdge,ZONE B,FastShip Pvt,contact168@fastshippvt.com,2024-12-07,2025-06-01,2026-07-13,92.0,56,0.1644521032029196,4742.0,11608.078342047804,22.0,varies,False
SPO-66407,Sports & Outdoors,TrueForm,Zone A,GlobalTrade Ltd,,2024-08-07,2026-02-17,2026-08-02,157.0,296,0.8963382875525862,1895.0,3720.0699450661286,,13,True
BEA-57562,Beauty,AlphaEdge,Zone B,QuickStock,,2024-06-04,,2026-08-08,472.0,214,0.48453889157635077,7348.0,9659.773797203288,154.0,43,True
BEA-55871,Beauty,ZenCraft,Zone B,QuickStock,contact681@quickstock.com,2024-05-27,2026-02-12,2026-08-11,478.0,53,0.5884072317029472,888124.0,1579733.7002472344,,26,True
AUT-28598,Automotive,AlphaEdge,zone d,QuickStock,contact896@quickstock.com,2024-04-27,,2026-08-22,364.0,272,0.532171947608788,5380.0,8987.30599013322,0.7028012839023009,34,True
AUT-24373,Automotive,GenericPlus,Zone D,SupplyCo India,contact442@supplycoindia.com,2024-07-21,2025-07-23,2026-07-16,-22.0,164,0.9740860961957843,1511.0,2343.734979718628,32.0,28,False
SPO-65871,Sports & Outdoors,NovaLine,Zone A,PrimeParts,,2024-09-08,2025-06-21,2026-06-01,1.0,293,0.29925439340345283,2955.0,8046.028223070145,,38,True
ELE-95263,Electronics,TrueForm,Zone B,QuickStock,contact828@quickstock.com,2024-05-20,2025-11-29,2026-09-01,368.0,134,0.8217076178306628,7373.0,21578.008825478148,122.0,36,True
HOM-15755,Home & Kitchen,AlphaEdge,Zone B,PrimeParts,contact632@primeparts.com,2024-04-11,2025-07-29,2026-08-28,481.0,103,0.2813989495892618,7005.0,21451.06636856028,102.0,20,True
HOM-54853,Home & Kitchen,UrbanWave,Zone C,SupplyCo India,,2024-05-28,2025-12-22,2026-09-17,66.0,15,0.9087404627674984,1317.0,2554.321711554937,130.0,7,True
TOY-87654,Toys,CorePeak,Zone C,PrimeParts,,2024-04-10,2025-08-09,2026-09-13,427.0,228,0.059518849032133336,7496.0,10954.757221742298,120.0,26,True
ELE-27151,Electronics,AlphaEdge,Zone A,SupplyCo India,contact195@supplycoindia.com,2024-06-06,2025-05-29,2026-06-18,29.0,72,,3660.0,9898.683843832485,174.0,31,True
TOY-54797,Toys,NovaLine,Zone A,QuickStock,contact354@quickstock.com,2024-06-02,2025-06-27,2026-08-08,384.0,54,0.6600576209214839,832.0,1005.035708135619,80.0,43,True
HOM-46222,Home & Kitchen,ZenCraft,Zone A,DirectImport,contact827@directimport.com,2024-09-19,2025-06-27,2026-06-11,319.0,219,0.10931128726663586,2171.0,4055.2966086917804,140.0,28,True
ELE-69634,Electronics,AlphaEdge,zone d,GlobalTrade Ltd,contact449@globaltradeltd.com,2024-09-13,2025-11-28,2026-08-12,52.0,78,0.4812771021457303,3610.0,5735.9487076439145,,30,False
ELE-92537,Electronics,ZenCraft,Zone D,DirectImport,contact836@directimport.com,2024-09-02,2026-03-01,2026-07-01,333.0,58,0.5071588740744114,975.0,3361.0184824978405,170.0,33,True
TOY-89627,Toys,ZenCraft,Zone A,FastShip Pvt,contact660@fastshippvt.com,2024-07-16,2025-11-12,2026-07-18,454.0,85,0.9914602881306467,7137.0,22773.772983025046,28.0,7,False
HOM-20471,Home & Kitchen,TrueForm,Zone D,FastShip Pvt,contact906@fastshippvt.com,2024-05-30,2026-01-21,2026-06-11,171.0,7,0.1560874645505188,6494.0,22695.096167449497,179.0,34,True
BEA-23462,Beauty,AlphaEdge,Zone C,LocalSource,,2024-08-05,2026-01-23,2026-08-08,86.0,4,0.4160938658382337,712.0,1045.3273998784373,129.0,35,True
APP-70525,Apparel,NovaLine,Zone D,QuickStock,contact419@quickstock.com,2024-09-25,2026-02-19,2026-07-23,-47.0,90,0.11570401163716215,6250.0,12723.439243228853,,35,True
APP-98820,Apparel,AlphaEdge,Zone B,DirectImport,,2024-09-05,2025-11-21,2026-06-05,84.0,224,0.9646042612877597,6401.0,10258.527301152417,128.0,20,True
TOY-79791,Toys,ZenCraft,ZONE B,SupplyCo India,contact693@supplycoindia.com,2024-06-05,2025-05-27,2026-06-11,333.0,209,0.0904573639662607,0.0,0.0,148.0,17,True
AUT-33144,Automotive,CorePeak,zone a,SupplyCo India,contact567@supplycoindia.com,2024-10-20,2026-02-07,2026-08-07,168.0,75,0.8589700053453277,2267.0,2623.9778096826562,178.0,17,True
SPO-32518,Sports & Outdoors,UrbanWave,Zone B,FastShip Pvt,contact339@fastshippvt.com,2024-04-24,2025-04-01,2026-08-04,110.0,25,0.9379094372005605,7217.0,14617.17873473255,50.0,22,True
TOY-99928,Toys,AlphaEdge,Zone D,QuickStock,contact695@quickstock.com,2024-11-18,2026-03-16,2026-09-09,365.0,236,0.08056402917626027,1603.0,3887.23398678019,122.0,529,False
ELE-56176,Electronics,NovaLine,Zone C,GlobalTrade Ltd,contact790@globaltradeltd.com,2024-10-15,2025-04-15,2026-07-23,116.0,266,0.25586414004980873,5739.0,18092.88020759729,17.0,15,True
BEA-49083,Beauty,NovaLine,ZONE C,SupplyCo India,,2024-07-07,2026-01-10,2026-06-20,137.0,107,0.8910429833915281,6023.0,10431.983959582982,13.0,30,True
ELE-70153,Electronics,TrueForm,Zone D,SupplyCo India,contact987@supplycoindia.com,2024-10-27,2025-04-17,2026-06-27,392.0,130,0.5272590927133975,7871.0,21489.524270876896,125.0,44,True
TOY-28374,Toys,UrbanWave,zone a,SupplyCo India,,2024-10-25,2025-04-24,2026-06-18,299.0,214,0.34719940567042085,5252.0,11652.692393375813,116.0,19,True
TOY-55045,Toys,TrueForm,ZONE C,GlobalTrade Ltd,,2024-04-13,2025-11-12,2026-07-10,285.0,286,0.5175013113896514,5234.0,15170.016472786529,102.0,32,True
HOM-52365,Home & Kitchen,TrueForm,Zone C,QuickStock,,2024-05-01,2025-07-30,2026-08-04,301.0,238,0.886901806807636,4417.0,11831.848658319155,89.0,35,True
ELE-38771,Electronics,AlphaEdge,zone b,PrimeParts,contact342@primeparts.com,2024-11-25,2025-09-11,2026-06-15,457.0,208,0.9633204796133858,4399.0,8160.6543981800205,67.0,32,True
HOM-22010,Home & Kitchen,UrbanWave,zone b,QuickStock,contact759@quickstock.com,2024-07-10,,2026-09-10,52.0,100,0.1444619774094067,0.0,0.0,0.7082976862964085,12,True
STA-58292,Stationery,AlphaEdge,Zone B,PrimeParts,,2024-11-14,2025-10-15,2026-07-22,28.0,263,0.9716438781760212,3901.0,9169.484504256876,114.0,35,True
TOY-62668,Toys,TrueForm,Zone B,PrimeParts,contact167@primeparts.com,2024-09-24,2025-11-13,2026-07-21,470.0,95,1.2756035602682774,5443.0,11620.340704741744,142.0,19,True
HOM-71028,Home & Kitchen,ZenCraft,ZONE A,LocalSource,contact406@localsource.com,2024-08-25,2025-06-11,2026-08-22,83.0,26,0.9935767841964152,1302.0,3979.969204841037,74.0,38,True
APP-94221,Apparel,AlphaEdge,Zone C,QuickStock,contact515@quickstock.com,2024-05-17,2025-05-29,2026-07-19,401.0,219,,4848.0,7194.697044315005,163.0,~3 weeks,False
ELE-77390,Electronics,AlphaEdge,Zone B,LocalSource,contact474@localsource.com,2024-10-14,2025-12-25,2026-06-25,463.0,296,0.2026506946922565,5394.0,18370.522896664075,144.0,40,True
ELE-44040,Electronics,NovaLine,Zone D,SupplyCo India,contact995@supplycoindia.com,2024-08-24,2025-11-29,2026-08-02,327.0,10,0.9549497741514276,430.0,1414.9782848695,,3,True
HOM-78150,Home & Kitchen,TrueForm,Zone B,QuickStock,contact906@quickstock.com,2024-06-25,2025-06-09,2026-08-11,464.0,121,0.573606310863199,317.0,816.4011595674584,174.0,31,True
SPO-65005,Sports & Outdoors,AlphaEdge,Zone C,SupplyCo India,,2024-05-23,2025-04-05,2026-07-07,302.0,24,0.868383451752275,7792.0,17033.52981652866,26.0,36,True
AUT-33271,Automotive,ZenCraft,zone d,FastShip Pvt,contact392@fastshippvt.com,2024-06-08,2026-03-18,2026-08-07,322.0,255,0.05462819173975875,7667.0,18857.900523903663,46.0,42,True
TOY-80772,Toys,AlphaEdge,Zone B,QuickStock,,2024-12-08,2026-01-31,2026-07-09,352.0,155,0.4237563637435219,4592.0,13456.299092746503,25.0,30,True
APP-85206,Apparel,AlphaEdge,Zone C,LocalSource,contact411@localsource.com,2024-08-01,2025-06-12,2026-06-14,478.0,296,0.7171690391030282,4844.0,12041.228844445171,0.5181105123053135,43,True
HOM-65373,Home & Kitchen,ZenCraft,zone c,LocalSource,contact666@localsource.com,2024-05-20,,2026-08-24,328.0,164,0.3435227502529753,3369.0,4501.3329236582795,33.0,39,True
APP-78300,Apparel,ZenCraft,Zone B,QuickStock,contact166@quickstock.com,2024-08-03,2025-07-16,2026-07-11,244.0,69,0.1172306140214352,4203.0,11242.345533673357,163.0,41,True
HOM-70890,Home & Kitchen,ZenCraft,Zone C,FastShip Pvt,contact172@fastshippvt.com,2024-10-18,,2026-07-11,63.0,81,0.8011671063301197,3911530.0,8223076.045739473,130.0,42,True
ELE-17664,Electronics,ZenCraft,Zone D,FastShip Pvt,contact432@fastshippvt.com,2024-05-11,2025-12-08,2026-07-07,204.0,218,0.5417447363277631,1380.0,1850.1507812656575,114.0,19,False
ELE-70379,Electronics,UrbanWave,Zone B,QuickStock,contact623@quickstock.com,2024-09-03,2025-08-02,2026-06-18,194.0,276,0.34243783693146723,118.0,255.94112325288708,135.0,22,True
HOM-38289,Home & Kitchen,CorePeak,Zone D,GlobalTrade Ltd,,2024-06-05,2025-12-17,2026-05-28,110.0,61,0.7440086852573374,4475.0,2419.5802412060157,144.0,30,True
APP-56885,Apparel,NovaLine,Zone D,LocalSource,,2024-04-29,2025-08-08,2026-05-29,267.0,143,0.9637048445044745,2178.0,6059.3871280201865,21.0,15,True
HOM-81054,Home & Kitchen,NovaLine,Zone A,FastShip Pvt,contact116@fastshippvt.com,2024-11-06,2025-07-17,2026-09-13,188.0,93,0.11139407781290478,6973.0,23657.278972042557,59.0,13,True
APP-86984,Apparel,NovaLine,Zone B,GlobalTrade Ltd,contact933@globaltradeltd.com,2024-08-13,2025-07-25,2026-07-25,38.0,273,0.12957316722022416,6706.0,16051.245471464725,124.0,15,True
ELE-73616,Electronics,ZenCraft,Zone D,QuickStock,contact512@quickstock.com,2024-07-14,2025-12-15,2026-09-06,126.0,123,0.19966614343633382,6713.0,8592.799332468561,,23,True
ELE-31576,Electronics,NovaLine,ZONE C,QuickStock,contact100@quickstock.com,2024-10-03,,2026-06-01,169.0,223,0.7433138029348662,6467.0,19207.202048208168,57.0,37,True
AUT-40644,Automotive,TrueForm,zone a,PrimeParts,contact765@primeparts.com,2024-10-03,2025-06-16,2026-05-30,241.0,89,0.5096690465651198,7109.0,24068.273142042675,130.0,18,True
AUT-78420,Automotive,GenericPlus,ZONE C,FastShip Pvt,contact855@fastshippvt.com,2024-09-22,,2026-05-30,109.0,195,0.6820937867255865,5619.0,13349.972573231726,107.0,11,True
APP-84495,Apparel,AlphaEdge,Zone B,LocalSource,contact461@localsource.com,2024-05-23,2025-11-25,2026-07-27,381.0,79,,3375.0,6882.763982300277,124.0,694,True
AUT-21655,Automotive,AlphaEdge,Zone B,GlobalTrade Ltd,,2024-07-13,2025-04-28,2026-06-07,167.0,25,0.846300342770993,1240.0,4194.6435996844,186.0,8,True
APP-19741,Apparel,NovaLine,Zone D,QuickStock,,2024-09-23,2025-03-29,2026-08-20,40.0,211,2.990194735270329,4324.0,12037.960006615767,0.5239529991006883,13,True
TOY-15179,Toys,NovaLine,ZONE D,PrimeParts,contact711@primeparts.com,2024-07-06,2025-06-28,2026-08-28,132.0,249,0.6841363175371532,5545.0,7464.833667180794,13.0,23,False
ELE-71666,Electronics,ZenCraft,Zone A,QuickStock,contact541@quickstock.com,2024-04-17,2025-07-01,2026-09-17,408.0,25,0.9984901431977875,6138.0,7476.9329143501045,165.0,18,True
APP-89092,Apparel,CorePeak,ZONE B,DirectImport,contact307@directimport.com,2024-08-26,2025-09-30,2026-07-12,87.0,111,0.2879452303073481,2544.0,3180.836116232766,51.0,17,True
HOM-78906,Home & Kitchen,TrueForm,Zone C,QuickStock,contact972@quickstock.com,2024-08-21,2025-07-03,2026-07-09,182.0,75,0.18034843267023126,3686.0,10659.550151181136,22.0,17,True
AUT-24215,Automotive,NovaLine,Zone B,LocalSource,contact766@localsource.com,2024-08-27,2025-11-21,2026-07-31,118.0,179,0.8457238817353224,6590.0,9047.20904435992,183.0,3,True
STA-44890,Stationery,AlphaEdge,Zone A,GlobalTrade Ltd,contact160@globaltradeltd.com,2024-07-01,2026-01-10,2026-09-04,489.0,6,0.2882651189024126,1201726.0,3805000.741403764,0.41262409628195895,16,True
APP-73212,Apparel,CorePeak,ZONE D,QuickStock,contact754@quickstock.com,2024-05-19,2025-06-13,2026-06-06,314.0,37,0.850980491011337,4799.0,8944.039836633456,70.0,4,False
BEA-28704,Beauty,SwiftBrand,Zone B,SupplyCo India,contact693@supplycoindia.com,2024-04-12,2026-02-12,2026-08-19,429.0,268,0.42183774984652567,3677.0,5303.69090832451,92.0,3,True
STA-33145,Stationery,SwiftBrand,Zone D,SupplyCo India,contact196@supplycoindia.com,2024-07-10,2025-08-27,2026-08-30,365.0,46,0.999446000041664,357.0,758.74813096299,136.0,6,True
HOM-17682,Home & Kitchen,TrueForm,Zone D,GlobalTrade Ltd,,2024-04-14,2026-01-20,2026-07-15,272.0,76,0.13823761200843276,4403.0,12210.389848374225,85.0,31,True
BEA-96654,Beauty,TrueForm,ZONE D,LocalSource,,2024-11-04,2026-03-12,2026-09-17,426.0,279,0.700317774405711,4369.0,5205.3940095507105,29.0,8,True
BEA-81016,Beauty,NovaLine,Zone C,DirectImport,contact774@directimport.com,2024-06-24,2025-06-26,2026-06-22,146.0,62,0.884148871080857,4800.0,15959.540823859516,55.0,13,True
HOM-51430,Home & Kitchen,ZenCraft,zone c,SupplyCo India,contact559@supplycoindia.com,2024-06-14,2025-05-15,2026-09-13,328.0,113,0.365252336661656,616.0,1984.9338640179449,185.0,42,True
HOM-97320,Home & Kitchen,CorePeak,Zone B,DirectImport,contact160@directimport.com,2024-11-26,2025-08-28,2026-06-14,106.0,208,0.049964531852500604,240.0,699.027123444407,187.0,33,True
AUT-28221,Automotive,GenericPlus,Zone A,SupplyCo India,,2024-08-29,2025-05-18,2026-07-28,165.0,77,3.0879615266293468,6374.0,19347.401639508204,141.0,23,True
APP-51041,Apparel,CorePeak,Zone A,DirectImport,,2024-12-02,2025-12-21,2026-07-12,16.0,71,0.09223359056506975,1777.0,4440.242989570148,0.4924593517759691,~3 weeks,True
APP-77391,Apparel,SwiftBrand,Zone D,PrimeParts,contact713@primeparts.com,2024-05-09,2025-05-19,2026-08-17,95.0,242,0.5078339576000388,2719.0,5861.188871395321,0.35206410614464767,36,True
ELE-40443,Electronics,UrbanWave,Zone B,QuickStock,contact144@quickstock.com,2024-08-22,2025-09-12,2026-07-23,274.0,256,0.5635230015579866,1100.0,3474.1934242367734,91.0,42,True
ELE-38316,Electronics,SwiftBrand,Zone C,LocalSource,,2024-05-26,2025-04-23,2026-07-27,166.0,54,0.0778371191407844,6128.0,10595.721540876473,,14,True
APP-69147,Apparel,AlphaEdge,Zone D,LocalSource,contact437@localsource.com,2024-06-28,2026-01-30,2026-06-15,153.0,88,0.7286600773911773,2578.0,7439.812411731052,155.0,23,True
APP-52825,Apparel,AlphaEdge,Zone C,QuickStock,,2024-11-14,2025-12-02,2026-08-28,140.0,273,2.533416553893614,5173.0,7863.173423618993,117.0,41,True
APP-40036,Apparel,CorePeak,Zone A,SupplyCo India,contact125@supplycoindia.com,2024-11-05,2026-02-09,2026-06-19,362.0,286,0.04545842747656392,3611.0,7248.490208721286,192.0,21,True
HOM-40035,Home & Kitchen,CorePeak,Zone C,LocalSource,,2024-06-13,2025-07-23,2026-07-14,347.0,150,0.8487507709089428,3243.0,6584.651734688105,196.0,5,True
APP-68501,Apparel,SwiftBrand,Zone A,PrimeParts,contact107@primeparts.com,2024-06-25,2025-09-23,2026-08-21,180.0,284,0.8596430430344987,4327.0,10701.864002194301,118.0,23,True
HOM-99910,Home & Kitchen,GenericPlus,zone c,GlobalTrade Ltd,,2024-09-23,2025-06-24,2026-06-12,40.0,86,0.5222536140204187,0.0,0.0,178.0,22,False
APP-10536,Apparel,SwiftBrand,Zone A,FastShip Pvt,contact864@fastshippvt.com,2024-07-22,2025-12-02,2026-09-13,74.0,233,0.985496865134623,4753.0,15779.748755608827,,express,True
APP-66139,Apparel,AlphaEdge,zone d,DirectImport,contact912@directimport.com,2024-07-22,2025-09-17,2026-06-17,-53.0,58,0.06767381786091364,4755.0,16313.955235391844,129.0,41,False
ELE-58830,Electronics,ZenCraft,Zone B,FastShip Pvt,contact967@fastshippvt.com,2024-11-17,2026-03-02,2026-06-08,278.0,170,0.6319572802187957,1620.0,5428.978605317476,,22,True
HOM-11271,Home & Kitchen,ZenCraft,Zone A,FastShip Pvt,contact298@fastshippvt.com,2024-06-11,2025-12-21,2026-09-01,391.0,247,0.2504261223224056,7250.0,23150.260025520878,0.8800061295594084,3,True
APP-98069,Apparel,NovaLine,zone a,GlobalTrade Ltd,contact457@globaltradeltd.com,2024-08-23,2025-05-30,2026-08-26,361.0,7,0.8693493768761199,3123288.0,7948102.302272898,27.0,22,True
ELE-43418,Electronics,GenericPlus,zone b,PrimeParts,contact965@primeparts.com,2024-06-16,2025-03-27,2026-07-16,477.0,129,0.9182268284544773,76.0,128.39499053276128,53.0,31,True
ELE-13867,Electronics,NovaLine,Zone C,FastShip Pvt,contact116@fastshippvt.com,2024-08-30,,2026-09-18,17.0,133,0.012909268402059415,3425310.0,4158532.9106278936,107.0,5,False
TOY-28476,Toys,UrbanWave,ZONE B,GlobalTrade Ltd,,2024-11-11,2026-03-07,2026-09-15,2.0,9,0.17193677757661618,257.0,464.5987952906952,131.0,44,True
APP-68444,Apparel,GenericPlus,ZONE B,DirectImport,contact626@directimport.com,2024-11-24,2025-05-01,2026-06-15,371.0,96,0.6085740550556837,2764.0,9665.318037713781,111.0,25,True
HOM-13656,Home & Kitchen,NovaLine,Zone B,FastShip Pvt,contact531@fastshippvt.com,2024-07-18,,2026-09-12,261.0,187,0.7273061038959283,3643.0,8516.387391141754,63.0,5,False
HOM-70666,Home & Kitchen,UrbanWave,Zone B,DirectImport,contact171@directimport.com,2024-06-16,2025-05-23,2026-07-30,339.0,23,0.13950489921058318,3208.0,3894.2468531895033,,37,True
ELE-29565,Electronics,UrbanWave,Zone A,GlobalTrade Ltd,contact120@globaltradeltd.com,2024-10-08,2025-08-23,2026-08-22,199.0,253,0.1559695435459869,4653.0,13832.756804445284,196.0,13,True
HOM-58492,Home & Kitchen,NovaLine,Zone A,GlobalTrade Ltd,contact579@globaltradeltd.com,2024-10-10,2025-10-24,2026-09-17,461.0,49,0.28398984319834686,1348157.0,4064381.3934435225,194.0,26,True
HOM-86333,Home & Kitchen,ZenCraft,Zone D,GlobalTrade Ltd,contact263@globaltradeltd.com,2024-09-15,2025-08-11,2026-07-24,1.0,44,0.7895853549968459,4458.0,13749.86607603827,,29,False
APP-29113,Apparel,CorePeak,zone c,LocalSource,contact203@localsource.com,2024-08-10,2025-12-20,2026-08-27,329.0,52,0.9627549101901237,524.0,1071.068911718023,166.0,44,True
HOM-52575,Home & Kitchen,AlphaEdge,Zone D,GlobalTrade Ltd,,2024-04-29,2025-04-24,2026-05-28,166.0,271,0.031719002901155924,2758.0,3581.6286913992876,144.0,615,True
SPO-96225,Sports & Outdoors,CorePeak,ZONE A,PrimeParts,contact207@primeparts.com,2024-10-17,2025-08-07,2026-08-07,483.0,84,0.25861912933901177,6277.0,17257.35078202977,152.0,18,True
APP-71480,Apparel,SwiftBrand,zone d,LocalSource,,2024-05-27,2025-12-17,2026-06-27,123.0,17,0.18881104549477423,6779.0,15536.245980750997,78.0,5,False
ELE-61539,Electronics,CorePeak,Zone B,FastShip Pvt,contact533@fastshippvt.com,2024-10-28,2025-12-27,2026-05-28,31.0,107,0.6940662514986181,4681.0,8192.310395989572,167.0,9,True
HOM-81496,Home & Kitchen,AlphaEdge,Zone A,QuickStock,contact658@quickstock.com,2024-06-23,2025-09-19,2026-07-23,356.0,262,2.815759819700222,949.0,3238.2968430670876,56.0,27,True
APP-30823,Apparel,ZenCraft,ZONE B,FastShip Pvt,contact418@fastshippvt.com,2024-10-15,2025-09-08,2026-06-10,108.0,296,0.6920921003561475,7452.0,19395.840329088434,0.3516707391171194,6,True
APP-10111,Apparel,SwiftBrand,Zone C,GlobalTrade Ltd,contact847@globaltradeltd.com,2024-06-24,2026-02-02,2026-05-28,176.0,96,0.8783887538044586,1551.0,2369.3920594999545,,38,True
APP-78850,Apparel,UrbanWave,Zone A,FastShip Pvt,contact646@fastshippvt.com,2024-11-15,2025-06-29,2026-06-17,178.0,60,0.4814084950044448,2010.0,6551.231184568228,38.0,12,True
ELE-60089,Electronics,CorePeak,Zone C,LocalSource,contact749@localsource.com,2024-08-12,2025-05-14,2026-08-21,483.0,27,0.04788028345789541,6142.0,14572.298037888084,170.0,40,True
TOY-33115,Toys,SwiftBrand,Zone D,FastShip Pvt,,2024-11-01,2025-10-03,2026-08-14,323.0,291,0.9348035619487965,1589.0,4900.3428151249345,111.0,37,True
APP-23844,Apparel,NovaLine,Zone C,PrimeParts,contact875@primeparts.com,2024-11-21,2026-03-09,2026-07-14,155.0,6,0.14643669708332885,1333.0,2589.5691971551596,115.0,3,True
BEA-29223,Beauty,AlphaEdge,Zone B,QuickStock,contact112@quickstock.com,2024-11-06,2025-08-02,2026-09-12,178.0,57,0.38673330643034975,5419.0,10608.833058092938,,35,True
ELE-81996,Electronics,UrbanWave,ZONE C,SupplyCo India,contact963@supplycoindia.com,2024-10-26,2026-01-02,2026-07-26,210.0,32,0.8143432434848521,5432.0,13053.920329124438,140.0,9,True
ELE-51116,Electronics,ZenCraft,Zone D,QuickStock,contact505@quickstock.com,2024-09-22,2025-05-29,2026-08-15,188.0,72,0.9335103399553083,6269.0,11355.08329844547,32.0,9,True
HOM-31565,Home & Kitchen,AlphaEdge,zone d,SupplyCo India,contact859@supplycoindia.com,2024-12-01,2025-08-04,2026-09-04,185.0,244,0.26169647478506264,1944501.0,4738663.056558659,147.0,5,True
HOM-44308,Home & Kitchen,UrbanWave,Zone D,FastShip Pvt,contact603@fastshippvt.com,2024-04-30,2025-09-14,2026-06-20,298.0,275,0.6750474879967517,6985.0,21496.095600614237,64.0,27,True
APP-42139,Apparel,TrueForm,Zone A,DirectImport,contact557@directimport.com,2024-07-25,,2026-09-20,71.0,225,0.44297669323066335,7587.0,25801.60857184459,168.0,express,True
SPO-37214,Sports & Outdoors,NovaLine,Zone D,FastShip Pvt,contact172@fastshippvt.com,2024-07-14,2025-11-02,2026-06-28,121.0,272,0.17612603355171874,7913.0,14011.962178309012,42.0,38,True
STA-64799,Stationery,AlphaEdge,ZONE D,PrimeParts,contact185@primeparts.com,2024-10-25,2025-09-28,2026-08-13,146.0,137,0.5573253545173116,0.0,0.0,0.22118665966116824,15,True
BEA-96057,Beauty,NovaLine,ZONE C,SupplyCo India,contact668@supplycoindia.com,2024-10-01,2026-01-27,2026-06-21,63.0,78,0.8635693534533179,3776.0,6469.2003544386525,124.0,18,True
HOM-25678,Home & Kitchen,ZenCraft,ZONE C,DirectImport,contact156@directimport.com,2024-12-07,2025-07-08,2026-08-06,274.0,158,0.43886632024775385,1559.0,4373.961280125794,0.13164980623922667,24,False
ELE-65094,Electronics,AlphaEdge,ZONE D,GlobalTrade Ltd,contact503@globaltradeltd.com,2024-06-21,,2026-06-11,446.0,217,0.515444815080347,1490220.0,2213181.351121034,14.0,4,True
ELE-58889,Electronics,TrueForm,Zone D,DirectImport,contact633@directimport.com,2024-10-12,2026-03-06,2026-07-20,105.0,117,0.6016513411366311,3429.0,8109.595992653508,125.0,18,True
HOM-10972,Home & Kitchen,TrueForm,Zone B,QuickStock,contact988@quickstock.com,2024-09-09,2026-03-18,2026-07-23,409.0,51,0.3413260381570401,3121.0,10468.861273515025,174.0,31,True
ELE-65602,Electronics,SwiftBrand,Zone D,FastShip Pvt,contact796@fastshippvt.com,2024-04-29,2025-04-01,2026-07-09,231.0,284,0.13675060893311064,1342076.0,4317105.227181443,31.0,11,True
SPO-10799,Sports & Outdoors,GenericPlus,ZONE A,PrimeParts,contact104@primeparts.com,2024-08-21,2026-03-05,2026-09-02,262.0,109,0.823108146587781,2091.0,5898.890687524023,,27,True
AUT-57641,Automotive,NovaLine,Zone B,SupplyCo India,contact432@supplycoindia.com,2024-11-17,2025-12-19,2026-07-11,363.0,197,0.6960418208876772,5742.0,19281.877117889093,62.0,33,True
ELE-35354,Electronics,TrueForm,Zone C,GlobalTrade Ltd,contact901@globaltradeltd.com,2024-04-30,,2026-05-26,489.0,192,0.026125033186410684,1262.0,2367.420778149453,18.0,14,True
TOY-31499,Toys,UrbanWave,zone a,FastShip Pvt,contact474@fastshippvt.com,2024-11-13,2026-02-24,2026-08-21,44.0,150,0.5518428183189105,3777.0,4525.204746506688,84.0,41,True
BEA-63969,Beauty,GenericPlus,ZONE C,DirectImport,contact473@directimport.com,2024-06-10,2025-08-08,2026-06-26,158.0,146,0.9819011391917261,0.0,0.0,177.0,9,True
AUT-64885,Automotive,AlphaEdge,Zone D,SupplyCo India,contact654@supplycoindia.com,2024-09-22,2025-11-22,2026-07-07,299.0,49,0.2418466656906446,1705.0,2566.4617376102424,90.0,42,True
TOY-57231,Toys,UrbanWave,Zone B,FastShip Pvt,,2024-04-20,2025-05-18,2026-07-10,208.0,77,0.5166319410011241,5282.0,14357.508600461171,165.0,44,True
BEA-64399,Beauty,UrbanWave,Zone B,SupplyCo India,contact758@supplycoindia.com,2024-09-03,2025-05-25,2026-06-08,347.0,47,0.3111053501106804,4262.0,14118.433748355206,,6,False
SPO-72228,Sports & Outdoors,SwiftBrand,Zone C,LocalSource,contact916@localsource.com,2024-07-28,2025-06-23,2026-09-16,207.0,296,0.9795670171846214,1315.0,762.4765344657114,177.0,37,True
BEA-58427,Beauty,TrueForm,zone b,DirectImport,contact118@directimport.com,2024-07-29,2025-11-14,2026-06-22,87.0,150,0.11184485657400789,6636.0,15812.676111425444,,7,True
HOM-64475,Home & Kitchen,AlphaEdge,Zone D,PrimeParts,contact574@primeparts.com,2024-11-06,2025-10-28,2026-09-15,394.0,60,0.13898873659652977,1749.0,4645.549453083135,132.0,10,True
STA-35989,Stationery,CorePeak,Zone D,LocalSource,contact662@localsource.com,2024-06-25,2025-09-24,2026-08-27,133.0,156,0.9546498341833842,1745.0,2745.2565086117274,34.0,35,True
HOM-72528,Home & Kitchen,AlphaEdge,Zone C,FastShip Pvt,contact475@fastshippvt.com,2024-07-10,2025-06-20,2026-05-30,299.0,151,0.061506035320814556,7917.0,22817.38488399923,,7,True
ELE-84798,Electronics,SwiftBrand,Zone A,FastShip Pvt,,2024-07-17,2026-01-27,2026-08-02,129.0,173,0.26489950860852507,158.0,203.0723206559653,63.0,41,True
APP-98098,Apparel,GenericPlus,Zone D,SupplyCo India,contact948@supplycoindia.com,2024-11-10,2026-02-06,2026-09-07,219.0,143,,7843.0,17537.553451835145,26.0,8,True
TOY-90927,Toys,AlphaEdge,Zone C,SupplyCo India,contact395@supplycoindia.com,2024-06-01,,2026-05-30,323.0,184,,4902.0,16398.30305642076,145.0,17,True
APP-14076,Apparel,SwiftBrand,Zone D,QuickStock,contact588@quickstock.com,2024-04-26,2025-08-10,2026-08-22,199.0,139,0.37483308311825236,3286.0,6296.296313862241,37.0,23,True
APP-25628,Apparel,NovaLine,Zone D,FastShip Pvt,contact279@fastshippvt.com,2024-12-03,,2026-07-21,314.0,80,0.9054190774545828,6471.0,12063.395505496777,78.0,18,True
HOM-74838,Home & Kitchen,NovaLine,Zone D,DirectImport,contact107@directimport.com,2024-05-26,2025-04-28,2026-06-07,87.0,120,0.34458516996277944,4195.0,13812.709485988964,36.0,29,True
APP-73952,Apparel,SwiftBrand,zone d,QuickStock,contact564@quickstock.com,2024-10-31,,2026-07-13,157.0,47,0.5509095718851267,2164.0,6727.031879010273,47.0,39,True
BEA-24874,Beauty,NovaLine,ZONE D,SupplyCo India,contact232@supplycoindia.com,2024-05-11,2026-01-15,2026-06-28,469.0,135,0.37260210212006617,5447.0,10509.031765671507,81.0,20,True
HOM-93092,Home & Kitchen,AlphaEdge,ZONE A,PrimeParts,contact861@primeparts.com,2024-07-20,2025-08-02,2026-07-14,476.0,14,0.5855432869530256,6702.0,17867.596304841303,99.0,23,True
